State,District,Market,Commodity,Variety,Grade,Arrival_Date,Min_x0020_Price,Max_x0020_Price,Modal_x0020_Price
"Uttar Pradesh",Mirzapur,"Ahirora APMC","Green Chilli","Green Chilly",Medium,28/03/2026,3000,3000,3000
"Uttar Pradesh",Mirzapur,"Ahirora APMC",Pumpkin,Pumpkin,Medium,28/03/2026,600,800,700
"Uttar Pradesh",Mirzapur,"Ahirora APMC","Bottle gourd","Bottle Gourd",Medium,28/03/2026,1400,1500,1500
"Uttar Pradesh",Mirzapur,"Ahirora APMC",Cauliflower,Cauliflower,Medium,28/03/2026,1600,1800,1700
"Uttar Pradesh",Mirzapur,"Ahirora APMC",Potato,Other,Medium,28/03/2026,700,900,800
"Uttar Pradesh",Mirzapur,"Ahirora APMC",Tomato,Tomato,Medium,28/03/2026,500,600,600
"Madhya Pradesh",Indore,"Indore(F&V) APMC",Papaya,Papaya,Local,28/03/2026,600,1800,1200
"Madhya Pradesh",Indore,"Indore(F&V) APMC",Orange,Orange,Local,28/03/2026,3000,7000,5000
"Madhya Pradesh",Indore,"Indore(F&V) APMC",Drumstick,Drumstick,Local,28/03/2026,1500,4000,2500
"Madhya Pradesh",Indore,"Indore(F&V) APMC","Pea Pod/Pea Cod/हरी मटर",Other,Local,28/03/2026,1500,3500,2500
"Madhya Pradesh",Indore,"Indore(F&V) APMC","Bottle gourd","Bottle Gourd",Local,28/03/2026,1500,3000,2500
"Madhya Pradesh",Indore,"Indore(F&V) APMC",Cabbage,Cabbage,Local,28/03/2026,400,800,600
"Madhya Pradesh",Indore,"Indore(F&V) APMC",Cucumbar(Kheera),Cucumbar,Local,28/03/2026,200,600,400
Rajasthan,Ajmer,"Madanganj Kishangarh APMC",Barley(Jau),Other,Local,28/03/2026,1975,2076,2030
Rajasthan,Ganganagar,"Sriganganagar (F&V) APMC",Colacasia,Arabi,Medium,28/03/2026,4100,4500,4300
Rajasthan,Ganganagar,"Sriganganagar (F&V) APMC",Raddish,Raddish,Medium,28/03/2026,1300,1700,1500
Rajasthan,Ganganagar,"Sriganganagar (F&V) APMC",Pumpkin,Pumpkin,Medium,28/03/2026,2800,3200,3000
Rajasthan,Ganganagar,"Sriganganagar (F&V) APMC",Pomegranate,Pomogranate,Medium,28/03/2026,15300,15700,15500
Rajasthan,Ganganagar,"Sriganganagar (F&V) APMC",Chikoos(Sapota),Sapota,Medium,28/03/2026,3100,3500,3300
Rajasthan,Ganganagar,"Sriganganagar (F&V) APMC","Water Melon","Water Melon",Medium,28/03/2026,1100,1500,1300
Rajasthan,Ganganagar,"Sriganganagar (F&V) APMC","Peas Wet","Peas Wet",Medium,28/03/2026,4800,5200,5000
Assam,Kamrup,"Fancy Bazaar APMC",Rice,Fine,FAQ,28/03/2026,3400,8100,7500
Assam,Kamrup,"Fancy Bazaar APMC",Rice,"Super Fine",FAQ,28/03/2026,7900,12100,11600
Assam,Kamrup,"Fancy Bazaar APMC","Green Gram Dal(Moong Dal)","Green gram",FAQ,28/03/2026,6600,7700,7200
Assam,Kamrup,"Fancy Bazaar APMC",Turmeric(raw),"Turmeric (raw)",FAQ,28/03/2026,13000,18000,17000
"Uttar Pradesh",Etah,"Awagarh APMC","Banana - Green","Banana - Green",FAQ,28/03/2026,1500,1900,1600
"Uttar Pradesh",Badaun,"Babrala APMC",Wood,Eucalyptus,Local,28/03/2026,580,600,590
Gujarat,Sabarkantha,APMCKHEDBRAHMA,"Castor Seed","Castor seed",Local,28/03/2026,6150,6250,6200
Gujarat,Sabarkantha,APMCKHEDBRAHMA,Maize,Hybrid,Local,28/03/2026,1800,2000,1900
"Tamil Nadu",Dharmapuri,"Karimangalam(Uzhavar Sandhai)",Chikoos(Sapota),Sapota,Local,28/03/2026,3300,3500,3400
"Tamil Nadu",Dharmapuri,"Karimangalam(Uzhavar Sandhai)",Papaya,Papaya,Local,28/03/2026,3300,3500,3400
"Tamil Nadu",Dharmapuri,"Karimangalam(Uzhavar Sandhai)",Pumpkin,Pumpkin,Local,28/03/2026,1200,1500,1350
"Tamil Nadu",Dharmapuri,"Karimangalam(Uzhavar Sandhai)","Green Chilli","Green Chilly",Local,28/03/2026,4500,5000,4750
"Tamil Nadu",Dharmapuri,"Karimangalam(Uzhavar Sandhai)","Green Avare(W)",Other,Local,28/03/2026,3800,4000,3900
"Tamil Nadu",Dharmapuri,"Karimangalam(Uzhavar Sandhai)","Chow Chow","Chow Chow",Local,28/03/2026,3200,3400,3300
"Tamil Nadu",Dharmapuri,"Karimangalam(Uzhavar Sandhai)",Drumstick,Drumstick,Local,28/03/2026,3800,4000,3900
"Tamil Nadu",Salem,"Mecheri(Uzhavar Sandhai)",Onion,Bellary,Local,28/03/2026,2500,3000,2750
"Tamil Nadu",Salem,"Mecheri(Uzhavar Sandhai)",Potato,"Red Nanital",Local,28/03/2026,2800,3000,2900
"Tamil Nadu",Salem,"Mecheri(Uzhavar Sandhai)",Chikoos(Sapota),Sapota,Local,28/03/2026,3500,4000,3750
"Tamil Nadu",Salem,"Mecheri(Uzhavar Sandhai)",Pumpkin,Pumpkin,Local,28/03/2026,1600,2000,1800
"Tamil Nadu",Salem,"Mecheri(Uzhavar Sandhai)","Banana - Green","Banana - Green",Local,28/03/2026,2000,2400,2200
"Tamil Nadu",Salem,"Mecheri(Uzhavar Sandhai)",Ginger(Green),"Green Ginger",Local,28/03/2026,7500,8000,7750
"Tamil Nadu",Salem,"Mecheri(Uzhavar Sandhai)",Carrot,Pusakesar,Local,28/03/2026,5000,5500,5250
"Tamil Nadu",Salem,"Mecheri(Uzhavar Sandhai)",Ridgeguard(Tori),Ridgeguard(Tori),Local,28/03/2026,4000,4500,4250
"Tamil Nadu",Salem,"Mecheri(Uzhavar Sandhai)",Mint(Pudina),Mint(Pudina),Local,28/03/2026,2500,3000,2750
"Tamil Nadu",Vellore,"Pallikonda(Uzhavar Sandhai)",Banana,Besrai,Local,28/03/2026,5000,6000,5500
"Tamil Nadu",Vellore,"Pallikonda(Uzhavar Sandhai)",Potato,"Red Nanital",Local,28/03/2026,2000,2000,2000
"Tamil Nadu",Vellore,"Pallikonda(Uzhavar Sandhai)",Tomato,Deshi,Local,28/03/2026,1500,1500,1500
"Tamil Nadu",Vellore,"Pallikonda(Uzhavar Sandhai)","Cluster beans","Cluster Beans",Local,28/03/2026,3200,3200,3200
"Tamil Nadu",Vellore,"Pallikonda(Uzhavar Sandhai)","Bitter gourd","Bitter Gourd",Local,28/03/2026,2600,2600,2600
"Tamil Nadu",Vellore,"Pallikonda(Uzhavar Sandhai)",Pumpkin,Pumpkin,Local,28/03/2026,1500,1500,1500
"Tamil Nadu",Vellore,"Pallikonda(Uzhavar Sandhai)",Ginger(Green),"Green Ginger",Local,28/03/2026,6500,6500,6500
"Tamil Nadu",Vellore,"Pallikonda(Uzhavar Sandhai)",Coconut,Coconut,Local,28/03/2026,3500,3500,3500
"Tamil Nadu",Vellore,"Pallikonda(Uzhavar Sandhai)","Sweet Potato","Hosur Red",Local,28/03/2026,2800,2800,2800
"Tamil Nadu",Vellore,"Pallikonda(Uzhavar Sandhai)",Carrot,Pusakesar,Local,28/03/2026,1800,1800,1800
"Tamil Nadu",Vellore,"Pallikonda(Uzhavar Sandhai)",Beetroot,Beetroot,Local,28/03/2026,2000,2000,2000
"Tamil Nadu",Vellore,"Pallikonda(Uzhavar Sandhai)",Cucumbar(Kheera),Cucumbar,Local,28/03/2026,3000,3000,3000
"Tamil Nadu",Vellore,"Pallikonda(Uzhavar Sandhai)","Sweet Corn ","Sweet Corn ",Local,28/03/2026,2500,2500,2500
"Tamil Nadu",Vellore,"Perampet(Uzhavar Sandhai)",Brinjal,Round,Local,28/03/2026,2500,3000,2750
"Tamil Nadu",Vellore,"Perampet(Uzhavar Sandhai)",Coriander(Leaves),"I Sort",Local,28/03/2026,4000,4000,4000
"Tamil Nadu",Vellore,"Perampet(Uzhavar Sandhai)",Papaya,Papaya,Local,28/03/2026,3500,3500,3500
"Tamil Nadu",Vellore,"Perampet(Uzhavar Sandhai)",Amaranthus,Amaranthus,Local,28/03/2026,3500,3500,3500
"Tamil Nadu",Vellore,"Perampet(Uzhavar Sandhai)",Cabbage,Cabbage,Local,28/03/2026,2500,2500,2500
"Tamil Nadu",Vellore,"Perampet(Uzhavar Sandhai)",Beetroot,Beetroot,Local,28/03/2026,3000,3000,3000
"Tamil Nadu",Vellore,"Perampet(Uzhavar Sandhai)","Tender Coconut","Tender Coconut",Local,28/03/2026,2500,3000,2750
"Tamil Nadu",Vellore,"Perampet(Uzhavar Sandhai)",Mint(Pudina),Mint(Pudina),Local,28/03/2026,3000,3000,3000
"Tamil Nadu",Salem,"Vazhapadi(Uzhavar Sandhai)",Groundnut,"Big (With Shell)",Local,28/03/2026,7000,7000,7000
"Tamil Nadu",Salem,"Vazhapadi(Uzhavar Sandhai)",Banana,Karpura,Local,28/03/2026,3500,4000,3750
"Tamil Nadu",Salem,"Vazhapadi(Uzhavar Sandhai)",Cauliflower,Ranchi,Local,28/03/2026,2500,2500,2500
"Tamil Nadu",Salem,"Vazhapadi(Uzhavar Sandhai)",Brinjal,Other,Local,28/03/2026,1800,1800,1800
"Tamil Nadu",Salem,"Vazhapadi(Uzhavar Sandhai)",Amaranthus,Amaranthus,Local,28/03/2026,2000,2400,2200
"Tamil Nadu",Salem,"Vazhapadi(Uzhavar Sandhai)",Beans,"Beans (Whole)",Local,28/03/2026,7000,8000,7500
"Tamil Nadu",Salem,"Vazhapadi(Uzhavar Sandhai)","Sweet Potato","Hosur Red",Local,28/03/2026,3500,4000,3750
"Tamil Nadu",Salem,"Vazhapadi(Uzhavar Sandhai)",Cabbage,Cabbage,Local,28/03/2026,2500,2500,2500
"Tamil Nadu",Salem,"Vazhapadi(Uzhavar Sandhai)",Mint(Pudina),Mint(Pudina),Local,28/03/2026,2800,3000,2900
"Tamil Nadu",Karur,"Gandhigramam(Uzhavar Sandhai)",Ashgourd,Gouard,Local,28/03/2026,1500,2000,1750
"Tamil Nadu",Karur,"Gandhigramam(Uzhavar Sandhai)",Beans,"Beans (Whole)",Local,28/03/2026,7500,8000,7750
"Tamil Nadu",Karur,"Gandhigramam(Uzhavar Sandhai)",Cucumbar(Kheera),Cucumbar,Local,28/03/2026,6000,8000,7000
"Tamil Nadu",Karur,"Gandhigramam(Uzhavar Sandhai)",Thondekai,Thondekai,Local,28/03/2026,2500,3000,2750
"Tamil Nadu",Karur,"Gandhigramam(Uzhavar Sandhai)",Mango(Raw-Ripe),"Mango - Raw-Ripe",Local,28/03/2026,4000,6000,5000
"Tamil Nadu",Karur,"Gandhigramam(Uzhavar Sandhai)","Amla(Nelli Kai)",Amla,Local,28/03/2026,7000,8000,7500
"Tamil Nadu",Karur,"Gandhigramam(Uzhavar Sandhai)","Onion Green","Onion Green",Local,28/03/2026,3000,3500,3250
"Uttar Pradesh",Aligarh,"Charra APMC",Brinjal,Brinjal,FAQ,28/03/2026,1400,1500,1450
"Uttar Pradesh",Aligarh,"Charra APMC",Tomato,Deshi,FAQ,28/03/2026,1500,1600,1550
"Uttar Pradesh",Aligarh,"Charra APMC","Bajra(Pearl Millet/Cumbu)",Hybrid,FAQ,28/03/2026,1700,1800,1750
"Uttar Pradesh",Aligarh,"Charra APMC",Potato,Desi,FAQ,28/03/2026,800,900,850
"Uttar Pradesh",Mau(Maunathbhanjan),"Doharighat APMC",Rice,"1009 Kar",FAQ,28/03/2026,3800,3800,3800
"Uttar Pradesh",Sitapur,"Hargaon (Laharpur) APMC",Rice,Other,Local,28/03/2026,2120,2120,2120
"Uttar Pradesh","Kanpur Dehat","Jhijhank APMC","Bajra(Pearl Millet/Cumbu)",Other,FAQ,28/03/2026,2150,2300,2280
"Uttar Pradesh","Kanpur Dehat","Jhijhank APMC",Paddy(Common),Common,FAQ,28/03/2026,2000,2400,2370
"Uttar Pradesh",Baghpat,"Khekda APMC",Cauliflower,Cauliflower,FAQ,28/03/2026,1200,1200,1200
"Uttar Pradesh",Bahraich,"Naanpara APMC",Orange,Darjeeling,"Grade Range-2",28/03/2026,4000,4600,4500
"Uttar Pradesh",Bahraich,"Naanpara APMC",Apple,"Kasmir/Shimla - II","Grade Range-2",28/03/2026,5200,5500,5400
"Uttar Pradesh",Bahraich,"Naanpara APMC",Lemon,Lemon,Medium,28/03/2026,6000,7000,6500
"Uttar Pradesh",Balrampur,"Panchpedwa APMC",Cauliflower,Cauliflower,FAQ,28/03/2026,1400,1500,1450
"Uttar Pradesh",Shravasti,"Payagpur APMC",Lemon,Lemon,FAQ,28/03/2026,12800,13000,12900
"Uttar Pradesh",Shravasti,"Payagpur APMC",Garlic,Average,FAQ,28/03/2026,4800,5000,4900
"Uttar Pradesh",Shravasti,"Payagpur APMC",Raddish,Raddish,FAQ,28/03/2026,1300,1500,1400
"Uttar Pradesh",Pratapgarh,"Pratapgarh APMC",Raddish,Raddish,FAQ,28/03/2026,1225,1225,1225
"Uttar Pradesh",Pratapgarh,"Pratapgarh APMC",Cauliflower,Cauliflower,FAQ,28/03/2026,1400,1400,1400
"Uttar Pradesh",Pratapgarh,"Pratapgarh APMC",Tomato,Tomato,FAQ,28/03/2026,1200,1200,1200
"Uttar Pradesh",Badaun,"Shahaswan APMC","Banana - Green","Banana - Green",Medium,28/03/2026,1200,1200,1200
"Uttar Pradesh",Badaun,"Shahaswan APMC",Pumpkin,Other,Medium,28/03/2026,1500,1500,1500
"Uttar Pradesh",Badaun,"Shahaswan APMC",Cauliflower,Cauliflower,Medium,28/03/2026,1200,1200,1200
"Uttar Pradesh",Badaun,"Shahaswan APMC",Onion,Red,Medium,28/03/2026,1200,1200,1200
"Uttar Pradesh",Raebarelli,"Salon APMC",Paddy(Common),Common,FAQ,28/03/2026,2185,2192,2190
"Uttar Pradesh",Bulandshahar,"Sikarpur APMC",Onion,Red,FAQ,28/03/2026,1800,2000,1900
"Uttar Pradesh",Bulandshahar,"Sikarpur APMC",Brinjal,Round/Long,FAQ,28/03/2026,800,1000,900
"Uttar Pradesh",Bulandshahar,"Sikarpur APMC",Garlic,Garlic,FAQ,28/03/2026,6800,7000,6900
"Uttar Pradesh",Bulandshahar,"Sikarpur APMC",Ginger(Green),"Green Ginger",FAQ,28/03/2026,4800,5000,4900
"Uttar Pradesh",Bulandshahar,"Sikarpur APMC",Raddish,Raddish,FAQ,28/03/2026,800,1000,900
"Uttar Pradesh",Firozabad,"Sirsaganj APMC",Apple,Apple,Medium,28/03/2026,8000,8000,8000
"West Bengal",Darjeeling,"Karsiyang(Matigara) APMC",Potato,Red,FAQ,28/03/2026,1500,1700,1600
"Tamil Nadu",Coimbatore,"Sulur(Uzhavar Sandhai ) APMC",Brinjal,Round,Local,28/03/2026,3400,4000,3700
"Tamil Nadu",Coimbatore,"Sulur(Uzhavar Sandhai ) APMC","Green Peas","Green Peas",Local,28/03/2026,7000,7500,7250
"Tamil Nadu",Coimbatore,"Sulur(Uzhavar Sandhai ) APMC","Green Chilli","Green Chilly",Local,28/03/2026,4000,4500,4250
"Tamil Nadu",Coimbatore,"Sulur(Uzhavar Sandhai ) APMC",Cowpea(Veg),"Cowpea (Veg)",Local,28/03/2026,2600,3000,2800
"Tamil Nadu",Coimbatore,"Sulur(Uzhavar Sandhai ) APMC",Ginger(Green),"Green Ginger",Local,28/03/2026,6600,7200,6900
"Tamil Nadu",Coimbatore,"Sulur(Uzhavar Sandhai ) APMC",Raddish,Raddish,Local,28/03/2026,2000,2500,2250
"Tamil Nadu",Coimbatore,"Sulur(Uzhavar Sandhai ) APMC","Onion Green","Onion Green",Local,28/03/2026,3000,3200,3100
"Tamil Nadu",Pudukkottai,"Gandarvakottai(Uzhavar Sandhai ) APMC",Potato,Other,Local,28/03/2026,3500,4000,3750
"Tamil Nadu",Pudukkottai,"Gandarvakottai(Uzhavar Sandhai ) APMC","Bitter gourd",Other,Local,28/03/2026,2500,3000,2750
"Tamil Nadu",Pudukkottai,"Gandarvakottai(Uzhavar Sandhai ) APMC","Green Avare(W)",Other,Local,28/03/2026,3500,4000,3750
"Tamil Nadu",Nagapattinam,"Mayiladuthurai(Uzhavar Sandhai ) APMC",Potato,"Red Nanital",Local,28/03/2026,4000,4000,4000
"Tamil Nadu",Nagapattinam,"Mayiladuthurai(Uzhavar Sandhai ) APMC",Brinjal,Round,Local,28/03/2026,4500,5000,4750
"Tamil Nadu",Nagapattinam,"Mayiladuthurai(Uzhavar Sandhai ) APMC",Ashgourd,Gouard,Local,28/03/2026,1500,2000,1750
"Tamil Nadu",Nagapattinam,"Mayiladuthurai(Uzhavar Sandhai ) APMC",Pumpkin,Pumpkin,Local,28/03/2026,1500,2000,1750
"Tamil Nadu",Nagapattinam,"Mayiladuthurai(Uzhavar Sandhai ) APMC","Banana - Green","Banana - Green",Local,28/03/2026,3000,3500,3250
"Tamil Nadu",Nagapattinam,"Mayiladuthurai(Uzhavar Sandhai ) APMC","Chow Chow","Chow Chow",Local,28/03/2026,3000,3000,3000
"Tamil Nadu",Nagapattinam,"Mayiladuthurai(Uzhavar Sandhai ) APMC","Tender Coconut","Tender Coconut",Local,28/03/2026,2000,2500,2250
"Tamil Nadu",Namakkal,"Paramathivelur(Uzhavar Sandhai ) APMC",Ashgourd,Gouard,Local,28/03/2026,1200,1600,1400
"Tamil Nadu",Namakkal,"Paramathivelur(Uzhavar Sandhai ) APMC",Cabbage,Cabbage,Local,28/03/2026,1500,2000,1750
"Tamil Nadu",Namakkal,"Paramathivelur(Uzhavar Sandhai ) APMC","Chow Chow","Chow Chow",Local,28/03/2026,2200,2400,2300
"Tamil Nadu",Namakkal,"Paramathivelur(Uzhavar Sandhai ) APMC",Mango(Raw-Ripe),"Mango - Raw-Ripe",Local,28/03/2026,5500,6000,5750
"Tamil Nadu",Salem,"Thammampatti (Uzhavar Sandhai ) APMC",Banana,Besrai,Local,28/03/2026,3000,6000,4500
"Tamil Nadu",Salem,"Thammampatti (Uzhavar Sandhai ) APMC",Onion,Bellary,Local,28/03/2026,2500,3000,2750
"Tamil Nadu",Salem,"Thammampatti (Uzhavar Sandhai ) APMC","Bhindi(Ladies Finger)",Bhindi,Local,28/03/2026,5000,5000,5000
"Tamil Nadu",Salem,"Thammampatti (Uzhavar Sandhai ) APMC",Ridgeguard(Tori),Ridgeguard(Tori),Local,28/03/2026,4000,4500,4250
"Tamil Nadu",Salem,"Thammampatti (Uzhavar Sandhai ) APMC",Raddish,Raddish,Local,28/03/2026,2000,2000,2000
"Tamil Nadu",Salem,"Thammampatti (Uzhavar Sandhai ) APMC","Amla(Nelli Kai)",Amla,Local,28/03/2026,6000,7000,6500
"Tamil Nadu",Salem,"Thammampatti (Uzhavar Sandhai ) APMC","Onion Green","Onion Green",Local,28/03/2026,2000,3000,2500
"Tamil Nadu",Thiruvarur,"Tiruvarur(Uzhavar Sandhai ) APMC",Brinjal,Round,Local,28/03/2026,3000,3000,3000
"Tamil Nadu",Thiruvarur,"Tiruvarur(Uzhavar Sandhai ) APMC",Amaranthus,Amaranthus,Local,28/03/2026,1500,1500,1500
"Tamil Nadu",Thiruvarur,"Tiruvarur(Uzhavar Sandhai ) APMC",Coconut,Coconut,Local,28/03/2026,5000,5000,5000
"Tamil Nadu",Thiruvarur,"Tiruvarur(Uzhavar Sandhai ) APMC",Lemon,Lemon,Local,28/03/2026,14000,14000,14000
"Tamil Nadu",Coimbatore,"Udumalpet APMC","Green Peas","Green Peas",Local,28/03/2026,7000,8000,7500
"Tamil Nadu",Coimbatore,"Udumalpet APMC","Cluster beans","Cluster Beans",Local,28/03/2026,3500,4000,3750
"Tamil Nadu",Coimbatore,"Udumalpet APMC",Pumpkin,Pumpkin,Local,28/03/2026,1800,2000,1900
"Tamil Nadu",Coimbatore,"Udumalpet APMC","Sweet Potato","Hosur Red",Local,28/03/2026,3500,4000,3750
"Tamil Nadu",Coimbatore,"Udumalpet APMC","Green Avare(W)",Other,Local,28/03/2026,6500,7500,7000
"Tamil Nadu",Coimbatore,"Udumalpet APMC","Chow Chow","Chow Chow",Local,28/03/2026,3000,3200,3100
"Tamil Nadu",Vellore,"Katpadi (Uzhavar Sandhai ) APMC",Orange,Darjeeling,Local,28/03/2026,8000,8000,8000
"Tamil Nadu",Vellore,"Katpadi (Uzhavar Sandhai ) APMC",Grapes,Annabesahai,Local,28/03/2026,12000,12000,12000
"Tamil Nadu",Vellore,"Katpadi (Uzhavar Sandhai ) APMC",Cauliflower,Ranchi,Local,28/03/2026,2500,2500,2500
"Tamil Nadu",Vellore,"Katpadi (Uzhavar Sandhai ) APMC",Tomato,Deshi,Local,28/03/2026,1800,2000,1900
"Tamil Nadu",Vellore,"Katpadi (Uzhavar Sandhai ) APMC","Bottle gourd","Bottle Gourd",Local,28/03/2026,2000,2000,2000
"Tamil Nadu",Vellore,"Katpadi (Uzhavar Sandhai ) APMC","Bhindi(Ladies Finger)",Bhindi,Local,28/03/2026,4000,4000,4000
"Tamil Nadu",Vellore,"Katpadi (Uzhavar Sandhai ) APMC",Amaranthus,Amaranthus,Local,28/03/2026,3000,3000,3000
"Tamil Nadu",Vellore,"Katpadi (Uzhavar Sandhai ) APMC",Cowpea(Veg),"Cowpea (Veg)",Local,28/03/2026,4000,4000,4000
"Tamil Nadu",Vellore,"Katpadi (Uzhavar Sandhai ) APMC","Sweet Potato","Hosur Red",Local,28/03/2026,3500,3500,3500
"Tamil Nadu",Vellore,"Katpadi (Uzhavar Sandhai ) APMC",Beetroot,Beetroot,Local,28/03/2026,2800,2800,2800
"Tamil Nadu",Vellore,"Katpadi (Uzhavar Sandhai ) APMC",Cucumbar(Kheera),Cucumbar,Local,28/03/2026,3000,3000,3000
"Tamil Nadu",Vellore,"Katpadi (Uzhavar Sandhai ) APMC",Ridgeguard(Tori),Ridgeguard(Tori),Local,28/03/2026,3500,4000,3750
"Tamil Nadu",Vellore,"Katpadi (Uzhavar Sandhai ) APMC","Green Avare(W)","Green Avare (W)",Local,28/03/2026,5500,6000,5750
"Tamil Nadu",Vellore,"Katpadi (Uzhavar Sandhai ) APMC","Elephant Yam(Suran)/Amorphophallus","Elephant Yam (Suran)",Local,28/03/2026,4500,4500,4500
"Tamil Nadu",Vellore,"Katpadi (Uzhavar Sandhai ) APMC",Mint(Pudina),Mint(Pudina),Local,28/03/2026,3000,3000,3000
"Tamil Nadu",Thanjavur,"Kumbakonam (Uzhavar Sandhai ) APMC",Banana,Besrai,Local,28/03/2026,4000,4000,4000
"Tamil Nadu",Thanjavur,"Kumbakonam (Uzhavar Sandhai ) APMC",Tomato,Deshi,Local,28/03/2026,1800,2200,2000
"Tamil Nadu",Thanjavur,"Kumbakonam (Uzhavar Sandhai ) APMC","Green Chilli","Green Chilly",Local,28/03/2026,3600,3600,3600
"Tamil Nadu",Thanjavur,"Kumbakonam (Uzhavar Sandhai ) APMC",Beans,"Beans (Whole)",Local,28/03/2026,6000,6000,6000
"Tamil Nadu",Thanjavur,"Kumbakonam (Uzhavar Sandhai ) APMC",Tapioca,Tapioca,Local,28/03/2026,4000,4000,4000
"Tamil Nadu",Thanjavur,"Kumbakonam (Uzhavar Sandhai ) APMC",Thondekai,Thondekai,Local,28/03/2026,4000,4000,4000
"Tamil Nadu",Thanjavur,"Kumbakonam (Uzhavar Sandhai ) APMC","Green Avare(W)","Green Avare (W)",Local,28/03/2026,6000,6000,6000
"Tamil Nadu",Thanjavur,"Kumbakonam (Uzhavar Sandhai ) APMC",Guava,"Guava Allahabad",Local,28/03/2026,8000,8000,8000
"Tamil Nadu",Thanjavur,"Kumbakonam (Uzhavar Sandhai ) APMC","Amla(Nelli Kai)",Amla,Local,28/03/2026,8000,8000,8000
"Tamil Nadu",Villupuram,"Tindivanam APMC","Bitter gourd",Other,Local,28/03/2026,3000,3000,3000
"Tamil Nadu",Villupuram,"Tindivanam APMC",Ashgourd,Gouard,Local,28/03/2026,1500,1500,1500
"Tamil Nadu",Villupuram,"Tindivanam APMC","Bhindi(Ladies Finger)",Bhindi,Local,28/03/2026,3500,3500,3500
"Tamil Nadu",Villupuram,"Tindivanam APMC","Green Chilli","Green Chilly",Local,28/03/2026,3000,3500,3250
"Tamil Nadu",Villupuram,"Tindivanam APMC","Banana - Green","Banana - Green",Local,28/03/2026,5000,5000,5000
"Tamil Nadu",Villupuram,"Tindivanam APMC",Beans,"Beans (Whole)",Local,28/03/2026,5800,5800,5800
"Tamil Nadu",Villupuram,"Tindivanam APMC",Beetroot,Beetroot,Local,28/03/2026,3000,3000,3000
"Tamil Nadu",Villupuram,"Ulundurpettai APMC",Coriander(Leaves),"I Sort",Local,28/03/2026,6000,6000,6000
"Tamil Nadu",Villupuram,"Ulundurpettai APMC","Bottle gourd","Bottle Gourd",Local,28/03/2026,1500,1500,1500
"Tamil Nadu",Villupuram,"Ulundurpettai APMC",Amaranthus,Amaranthus,Local,28/03/2026,2000,2000,2000
"Tamil Nadu",Villupuram,"Ulundurpettai APMC","Green Chilli","Green Chilly",Local,28/03/2026,5000,5000,5000
"Tamil Nadu",Villupuram,"Ulundurpettai APMC",Snakeguard,Snakeguard,Local,28/03/2026,4000,4000,4000
"Tamil Nadu",Villupuram,"Ulundurpettai APMC","Green Avare(W)","Green Avare (W)",Local,28/03/2026,7000,8000,7500
"Tamil Nadu",Villupuram,"Ulundurpettai APMC",Lemon,Lemon,Local,28/03/2026,10000,10000,10000
"Tamil Nadu",Villupuram,"Ulundurpettai APMC",Mint(Pudina),Mint(Pudina),Local,28/03/2026,3000,3000,3000
"Madhya Pradesh",Tikamgarh,"Niwadi APMC",Wheat,"Mill Quality",Non-FAQ,28/03/2026,2200,2225,2205
Gujarat,Narmada,"Rajpipla APMC",Banana,Other,Medium,28/03/2026,1950,2150,2075
Gujarat,Dahod,"Dahod(Veg. Market) APMC","Bhindi(Ladies Finger)",Bhindi,Local,28/03/2026,500,4000,3500
Gujarat,Dahod,"Dahod(Veg. Market) APMC",Brinjal,Brinjal,Local,28/03/2026,500,2000,1100
Gujarat,Dahod,"Dahod(Veg. Market) APMC","Cluster beans","Cluster Beans",Local,28/03/2026,3000,7000,5500
Gujarat,Dahod,"Dahod(Veg. Market) APMC",Mint(Pudina),Mint(Pudina),Local,28/03/2026,1500,3000,2500
Gujarat,Dahod,"Dahod(Veg. Market) APMC","Green Chilli","Green Chilly",Local,28/03/2026,1500,4500,4000
Gujarat,Dahod,"Dahod(Veg. Market) APMC","Bottle gourd","Bottle Gourd",Local,28/03/2026,500,1500,1000
Gujarat,Anand,"Anand(Veg,Yard,Anand) APMC",Potato,Potato,"Grade A",28/03/2026,500,700,600
Gujarat,"Chhota Udaipur","Hadad     APMC",Cotton,"Shanker 6 (B) 30mm FIne",FAQ,28/03/2026,7250,7850,7650
Gujarat,Valsad,"Chikli(Khorgam) APMC","Pointed gourd(Parval)",Other,FAQ,28/03/2026,2500,3250,2875
Gujarat,Valsad,"Chikli(Khorgam) APMC","Bitter gourd",Other,FAQ,28/03/2026,2000,2750,2375
Gujarat,Surat,"Bardoli(Kadod) APMC","Bhindi(Ladies Finger)",Other,Local,28/03/2026,1500,3600,2800
Gujarat,Surat,"Bardoli(Kadod) APMC",Brinjal,Other,Local,28/03/2026,1200,3900,2500
"Himachal Pradesh",Bilaspur,"PMY Bilaspur",Pineapple,"Pine Apple","Grade B",28/03/2026,4500,6200,5200
"Himachal Pradesh",Bilaspur,"PMY Bilaspur",Kinnow,Other,"Grade B",28/03/2026,4000,6000,5000
Gujarat,Banaskanth,"Deesa(Deesa Veg Yard) APMC",Onion,Other,FAQ,28/03/2026,1000,1350,1175
Gujarat,Banaskanth,"Deesa(Deesa Veg Yard) APMC",Tomato,Other,FAQ,28/03/2026,750,1350,1050
Gujarat,Banaskanth,"Deesa(Deesa Veg Yard) APMC","Bhindi(Ladies Finger)",Other,FAQ,28/03/2026,4000,4700,4350
Gujarat,Banaskanth,"Deesa(Deesa Veg Yard) APMC",Cucumbar(Kheera),Other,FAQ,28/03/2026,2000,2700,2350
Gujarat,Banaskanth,"Deesa(Deesa Veg Yard) APMC",Chikoos(Sapota),Other,Medium,28/03/2026,1500,2800,2150
Gujarat,Banaskanth,"Deesa(Deesa Veg Yard) APMC",Lemon,Other,FAQ,28/03/2026,7000,8300,7650
Gujarat,Banaskanth,"Deesa(Deesa Veg Yard) APMC",Ridgeguard(Tori),Other,FAQ,28/03/2026,5750,6300,6025
Gujarat,Surendranagar,"Vadhvan APMC","Banana - Green","Banana - Green",Medium,28/03/2026,1000,1500,1250
Gujarat,Surendranagar,"Vadhvan APMC","Bitter gourd","Bitter Gourd",Medium,28/03/2026,2000,2500,2250
Gujarat,Surendranagar,"Vadhvan APMC","Elephant Yam(Suran)/Amorphophallus","Elephant Yam (Suran)",Medium,28/03/2026,4000,4500,4250
Gujarat,Surendranagar,"Vadhvan APMC",Garlic,Garlic,FAQ,28/03/2026,7500,9500,8500
Gujarat,Surendranagar,"Vadhvan APMC",Methi(Leaves),Methi,Local,28/03/2026,1500,2500,2000
Gujarat,Surendranagar,"Vadhvan APMC",Cabbage,Cabbage,Medium,28/03/2026,500,1000,750
Gujarat,Surendranagar,"Vadhvan APMC","Sweet Potato","Sweet Potato",Medium,28/03/2026,2000,3000,2500
Gujarat,"Gir Somnath","Talalagir APMC","Bhindi(Ladies Finger)",Bhindi,FAQ,28/03/2026,2500,2860,2750
Gujarat,Porbandar,"Porbandar APMC",Chikoos(Sapota),Other,"Grade A",28/03/2026,1000,2000,1500
Gujarat,Porbandar,"Porbandar APMC",Papaya,Other,"Grade A",28/03/2026,2000,3000,2500
Gujarat,Porbandar,"Porbandar APMC",Brinjal,"Arkasheela Mattigulla",Local,28/03/2026,1500,2000,1750
Gujarat,Porbandar,"Porbandar APMC",Garlic,Average,FAQ,28/03/2026,4500,7500,6000
Gujarat,Amreli,"Damnagar APMC",Tomato,Local,Local,28/03/2026,4500,4500,4500
Gujarat,Rajkot,"Gondal(Veg.market Gondal) APMC",Brinjal,Brinjal,Local,28/03/2026,500,2000,1250
Gujarat,Rajkot,"Gondal(Veg.market Gondal) APMC",Cabbage,Cabbage,Local,28/03/2026,200,1200,700
Gujarat,Rajkot,"Gondal(Veg.market Gondal) APMC",Guar,Gwar,Local,28/03/2026,1000,6500,3750
Gujarat,Rajkot,"Gondal(Veg.market Gondal) APMC",Raddish,Raddish,Local,28/03/2026,1250,1750,1500
Gujarat,Rajkot,"Gondal(Veg.market Gondal) APMC",Lemon,Other,Local,28/03/2026,1000,15000,8000
Gujarat,Surat,"Surat APMC","Sweet Potato",Other,FAQ,28/03/2026,1200,2200,1700
Gujarat,Surat,"Surat APMC",Capsicum,Other,FAQ,28/03/2026,2500,5000,3750
Gujarat,Surat,"Surat APMC","Little gourd(Kundru)",Other,FAQ,28/03/2026,3000,8500,5750
Gujarat,Surat,"Surat APMC",Mango(Raw-Ripe),Other,FAQ,28/03/2026,2500,6500,4500
Gujarat,Surat,"Surat APMC",Pumpkin,Other,FAQ,28/03/2026,700,1800,1250
Telangana,Warangal,"Warangal APMC","Bitter gourd","Bitter Gourd",FAQ,28/03/2026,2000,2200,2100
Telangana,Warangal,"Warangal APMC",Brinjal,Brinjal,FAQ,28/03/2026,1200,1600,1400
Telangana,Warangal,"Warangal APMC","Bhindi(Ladies Finger)",Bhindi,FAQ,28/03/2026,1600,2000,1800
Telangana,Warangal,"Warangal APMC",Carrot,Carrot,FAQ,28/03/2026,2000,2400,2200
Telangana,Warangal,"Warangal APMC","Green Chilli","Green Chilly",FAQ,28/03/2026,2000,2200,2100
Telangana,Warangal,"Warangal APMC","French Beans(Frasbean)","French Beans (Frasbean)",FAQ,28/03/2026,4500,5000,4750
Telangana,Warangal,"Warangal APMC",Mango,Badami,Small,28/03/2026,8000,12000,10000
Telangana,Adilabad,"Adilabad APMC",Cotton,"Cotton (Unginned)",FAQ,28/03/2026,5800,7250,5800
Haryana,Fatehabad,"Fatehabad APMC",Apple,Apple,Local,28/03/2026,10000,12000,11000
Haryana,Fatehabad,"Fatehabad APMC",Ber(Zizyphus/Borehannu),Other,Local,28/03/2026,1000,2000,1500
Haryana,Fatehabad,"Fatehabad APMC",Potato,Potato,Local,28/03/2026,500,600,600
Haryana,Fatehabad,"Fatehabad APMC",Banana,Other,Local,28/03/2026,1500,1600,1500
"Jammu and Kashmir",Udhampur,"Udhampur APMC",Tomato,Other,"Grade B",28/03/2026,1900,1900,1900
Kerala,Kannur,"Kannur APMC",Cucumbar(Kheera),Cucumbar,"Grade A",28/03/2026,2200,2700,2400
Kerala,Kannur,"Kannur APMC","Coconut Oil",Other,"Grade Range-1",28/03/2026,29000,30000,29500
Kerala,Kottayam,"Kottayam APMC",Banana,Poovan,Medium,28/03/2026,5800,6200,6000
Kerala,Palakad,"Palakkad APMC","Black Gram(Urd Beans)(Whole)","Black Gram Dal",FAQ,28/03/2026,12000,13000,12600
Kerala,Palakad,"Palakkad APMC",Banana,Poovan,Medium,28/03/2026,3500,4500,4100
Kerala,Palakad,"Palakkad APMC",Coconut,Coconut,FAQ,28/03/2026,5100,5400,5300
Kerala,Palakad,"Palakkad APMC","Kabuli Chana(Chickpeas-White)","Kabuli Chana(Chickpeas-white)",FAQ,28/03/2026,10000,12000,11100
Kerala,Palakad,"Palakkad APMC","Banana - Green","Banana - Green",FAQ,28/03/2026,2100,3000,2600
Kerala,Palakad,"Palakkad APMC",Beetroot,Beetroot,FAQ,28/03/2026,2500,3000,2800
Kerala,Wayanad,"Sultan bathery APMC","Black pepper",Ungrabled,Local,28/03/2026,67500,67500,67500
Kerala,Wayanad,"Sultan bathery APMC",Ginger(Green),"Green Ginger",Local,28/03/2026,3695,3700,3700
Punjab,Ludhiana,"Khanna APMC",Brinjal,Round,"Grade A",28/03/2026,1500,1500,1500
Punjab,Ludhiana,"Khanna APMC",Lemon,Other,"Grade A",28/03/2026,7000,7000,7000
Punjab,Ludhiana,"Khanna APMC",Garlic,Other,"Grade Range-1",28/03/2026,7000,7000,7000
Punjab,Ludhiana,"Khanna APMC",Banana,Other,"Grade A",28/03/2026,1800,1800,1800
Punjab,Ludhiana,"Khanna APMC",Raddish,Raddish,"Grade A",28/03/2026,800,800,800
Punjab,Ludhiana,"Khanna APMC","Peas Wet","Peas Wet","Grade A",28/03/2026,3000,3000,3000
Punjab,Ludhiana,"Khanna APMC","Bhindi(Ladies Finger)",Bhindi,"Grade A",28/03/2026,5000,5000,5000
Punjab,Patiala,"Patiala APMC",Ber(Zizyphus/Borehannu),Ber(Zizyphus),"Grade C",28/03/2026,3000,3800,3400
Punjab,Patiala,"Patiala APMC","Mousambi(Sweet Lime)",Mousambi,"Grade C",28/03/2026,2000,2400,2200
Punjab,Patiala,"Patiala APMC",Papaya,Papaya,"Grade B",28/03/2026,2200,2600,2400
Punjab,Patiala,"Patiala APMC",Capsicum,Capsicum,"Grade A",28/03/2026,2600,3200,3000
Rajasthan,Churu,"Sadulpur APMC","Bengal Gram(Gram)(Whole)",Other,Local,28/03/2026,4800,5200,5000
Uttarakhand,Udhamsinghnagar,"Kicchha APMC",Cauliflower,Cauliflower,Local,28/03/2026,300,500,400
Uttarakhand,Udhamsinghnagar,"Kicchha APMC",Potato,Desi,Non-FAQ,28/03/2026,300,500,400
Uttarakhand,Udhamsinghnagar,"Kicchha APMC",Banana,"Banana - Ripe",Local,28/03/2026,500,700,600
Uttarakhand,Udhamsinghnagar,"Rudrapur APMC",Onion,Other,Medium,28/03/2026,1500,1800,1600
Uttarakhand,Udhamsinghnagar,"Rudrapur APMC",Pomegranate,Other,Medium,28/03/2026,6000,8000,7000
Uttarakhand,Udhamsinghnagar,"Rudrapur APMC",Garlic,Other,Local,28/03/2026,6000,8000,7000
Uttarakhand,Udhamsinghnagar,"Rudrapur APMC","Water Melon",Other,Medium,28/03/2026,1500,2000,1800
Uttarakhand,Udhamsinghnagar,"Rudrapur APMC",Cabbage,Other,Medium,28/03/2026,1200,1500,1400
Haryana,Jhajar,"Jhajjar APMC",Tomato,Other,Medium,28/03/2026,1500,1500,1500
Haryana,Jhajar,"Jhajjar APMC",Potato,Other,Medium,28/03/2026,600,600,600
Haryana,Jhajar,"Jhajjar APMC",Onion,Other,Medium,28/03/2026,800,800,800
Haryana,Rewari,"Rewari APMC",Apple,Apple,Medium,28/03/2026,7000,16500,12000
"Himachal Pradesh",Solan,"PMY Kather Solan",Potato,Other,Medium,28/03/2026,800,900,800
"Himachal Pradesh",Solan,"PMY Kather Solan",Raddish,Other,Medium,28/03/2026,1400,2000,1800
"Himachal Pradesh",Solan,"PMY Kather Solan",Cabbage,Cabbage,Medium,28/03/2026,700,800,700
"Himachal Pradesh",Solan,"PMY Kather Solan",Capsicum,Capsicum,Medium,28/03/2026,3500,5000,4000
"Himachal Pradesh",Solan,"PMY Kather Solan",Garlic,Garlic,"Grade Range-2",28/03/2026,8000,11000,10000
"Himachal Pradesh",Solan,"PMY Kather Solan",Pumpkin,Other,Medium,28/03/2026,1500,2500,2000
Rajasthan,Udaipur,"Udaipur (Grain) APMC",Wheat,Kalyan,Local,28/03/2026,2250,2250,2250
Tripura,Unokoti,"Pabiacherra APMC",Cabbage,Other,FAQ,28/03/2026,1400,1600,1500
Tripura,Unokoti,"Pabiacherra APMC",Potato,Jyoti,FAQ,28/03/2026,1300,1500,1400
Goa,"North Goa","Mapusa APMC",Onion,Onion,FAQ,28/03/2026,800,1200,1000
"Andhra Pradesh","West Godavari","Eluru APMC",Lemon,Lemon,Local,28/03/2026,5500,9800,8100
"Tamil Nadu",Thiruvannamalai,"Cheyyar(Uzhavar Sandhai ) APMC",Ashgourd,Gouard,Local,28/03/2026,2000,2500,2250
"Tamil Nadu",Thiruvannamalai,"Cheyyar(Uzhavar Sandhai ) APMC","Green Chilli","Green Chilly",Local,28/03/2026,4800,6000,5400
"Tamil Nadu",Thiruvannamalai,"Cheyyar(Uzhavar Sandhai ) APMC","Banana - Green","Banana - Green",Local,28/03/2026,1500,2000,1750
"Tamil Nadu",Thiruvannamalai,"Cheyyar(Uzhavar Sandhai ) APMC",Cabbage,Cabbage,Local,28/03/2026,2000,2400,2200
"Tamil Nadu",Thiruvannamalai,"Cheyyar(Uzhavar Sandhai ) APMC","Knool Khol","Knool Khol",Local,28/03/2026,2000,2500,2250
"Tamil Nadu",Thiruvannamalai,"Cheyyar(Uzhavar Sandhai ) APMC","Tender Coconut","Tender Coconut",Local,28/03/2026,2000,2500,2250
Telangana,"Bhadradri Kothagudem","Nuguru Charla APMC",Maize,Local,FAQ,28/03/2026,2200,2400,2300
"Tamil Nadu",Thanjavur,"Papanasam(Uzhavar Sandhai ) APMC",Pumpkin,Pumpkin,Local,28/03/2026,2000,2000,2000
"Tamil Nadu",Thanjavur,"Papanasam(Uzhavar Sandhai ) APMC",Ginger(Green),"Green Ginger",Local,28/03/2026,8400,8400,8400
"Tamil Nadu",Thanjavur,"Papanasam(Uzhavar Sandhai ) APMC",Beetroot,Beetroot,Local,28/03/2026,3600,4200,3900
"Tamil Nadu",Thanjavur,"Papanasam(Uzhavar Sandhai ) APMC",Raddish,Raddish,Local,28/03/2026,2400,2400,2400
Uttarakhand,Udhamsinghnagar,"Bazpur APMC",Rice,Common,FAQ,28/03/2026,3765,3765,3765
Uttarakhand,"Garhwal (Pauri)","Kotadwara APMC",Banana,Other,Medium,28/03/2026,2000,2000,2000
Uttarakhand,"Garhwal (Pauri)","Kotadwara APMC",Orange,Orange,Medium,28/03/2026,1900,1900,1900
Uttarakhand,"Garhwal (Pauri)","Kotadwara APMC",Cucumbar(Kheera),Cucumbar,FAQ,28/03/2026,1000,1000,1000
Uttarakhand,"Garhwal (Pauri)","Kotadwara APMC",Onion,Onion,FAQ,28/03/2026,1600,1600,1600
Uttarakhand,"Garhwal (Pauri)","Kotadwara APMC",Pomegranate,Other,Small,28/03/2026,3600,3600,3600
Uttarakhand,Nanital,"Ramnagar APMC",Onion,Other,Local,28/03/2026,2000,2400,2200
Uttarakhand,Nanital,"Ramnagar APMC","Green Chilli",Other,Local,28/03/2026,3500,4000,3800
Uttarakhand,Haridwar,"Haridwar Union APMC","Bottle gourd","Bottle Gourd",FAQ,28/03/2026,1000,1400,1100
Uttarakhand,Haridwar,"Haridwar Union APMC",Capsicum,Capsicum,FAQ,28/03/2026,1800,2500,2000
Uttarakhand,Haridwar,"Haridwar Union APMC","Green Chilli","Green Chilly",FAQ,28/03/2026,4500,6000,5000
Rajasthan,Jhunjhunu,"Surajgarh APMC","Bajra(Pearl Millet/Cumbu)",Other,Local,28/03/2026,2000,2000,2000
Punjab,Hoshiarpur,"Tanda Urmur APMC",Garlic,Garlic,"Grade Range-2",28/03/2026,10000,12000,11000
Punjab,Ludhiana,"Sahnewal APMC","Round gourd","Round gourd",FAQ,28/03/2026,2500,2500,2500
Punjab,Ludhiana,"Sahnewal APMC","Sweet Pumpkin","Sweet Pumpkin",FAQ,28/03/2026,1200,1200,1200
Odisha,Gajapati,"Parlakhemundi APMC",Cauliflower,Cauliflower,"Grade A",28/03/2026,1500,1500,1500
Odisha,Gajapati,"Parlakhemundi APMC","Water Melon","Water Melon","Grade A",28/03/2026,2000,2000,2000
Odisha,Boudh,"Boudh APMC",Pumpkin,Other,Local,28/03/2026,1000,1500,1200
Odisha,Sundergarh,"Sargipali APMC",Cabbage,Other,FAQ,28/03/2026,1000,1200,1100
Odisha,Sundergarh,"Sargipali APMC",Carrot,Other,FAQ,28/03/2026,2700,3200,3000
Odisha,Sundergarh,"Sargipali APMC","Green Chilli",Other,FAQ,28/03/2026,5000,5500,5200
Punjab,Tarntaran,"Naushera Pannuan APMC",Carrot,Other,"Grade B",28/03/2026,1500,1500,1500
Punjab,Tarntaran,"Naushera Pannuan APMC","Bottle gourd","Bottle Gourd","Grade B",28/03/2026,2000,2000,2000
Punjab,Tarntaran,"Naushera Pannuan APMC",Brinjal,Other,"Grade B",28/03/2026,2000,2000,2000
"Tamil Nadu",Coimbatore,"Vadavalli(Uzhavar Sandhai ) APMC",Apple,American,Local,28/03/2026,24000,26000,25000
"Tamil Nadu",Coimbatore,"Vadavalli(Uzhavar Sandhai ) APMC",Banana,"Red Banana",Local,28/03/2026,5000,6000,5500
"Tamil Nadu",Coimbatore,"Vadavalli(Uzhavar Sandhai ) APMC",Amaranthus,Amaranthus,Local,28/03/2026,2500,4000,3250
"Tamil Nadu",Coimbatore,"Vadavalli(Uzhavar Sandhai ) APMC",Beans,"Beans (Whole)",Local,28/03/2026,7500,8000,7750
"Tamil Nadu",Coimbatore,"Vadavalli(Uzhavar Sandhai ) APMC",Tapioca,Tapioca,Local,28/03/2026,2000,2400,2200
"Tamil Nadu",Coimbatore,"Vadavalli(Uzhavar Sandhai ) APMC",Ginger(Green),"Green Ginger",Local,28/03/2026,6000,6700,6350
"Tamil Nadu",Coimbatore,"Vadavalli(Uzhavar Sandhai ) APMC",Snakeguard,Snakeguard,Local,28/03/2026,3000,3500,3250
"Tamil Nadu",Coimbatore,"Vadavalli(Uzhavar Sandhai ) APMC",Beetroot,Beetroot,Local,28/03/2026,4000,4400,4200
"Tamil Nadu",Coimbatore,"Vadavalli(Uzhavar Sandhai ) APMC",Thondekai,Thondekai,Local,28/03/2026,2800,3200,3000
"Tamil Nadu",Coimbatore,"Vadavalli(Uzhavar Sandhai ) APMC",Drumstick,Drumstick,Local,28/03/2026,2800,3200,3000
"Tamil Nadu",Coimbatore,"Vadavalli(Uzhavar Sandhai ) APMC","Karbuja(Musk Melon)",Karbhuja,Local,28/03/2026,3000,3400,3200
"Tamil Nadu",Coimbatore,"Vadavalli(Uzhavar Sandhai ) APMC","Amla(Nelli Kai)",Amla,Local,28/03/2026,7000,7500,7250
"Tamil Nadu",Coimbatore,"Vadavalli(Uzhavar Sandhai ) APMC","Baby Corn","Baby Corn","Grade A",28/03/2026,2000,2600,2300
Nagaland,Kohima,"Kohima APMC",Ginger(Green),"Green Ginger","Grade A",28/03/2026,5000,5000,5000
Tripura,"North Tripura","Dasda APMC",Onion,Onion,FAQ,28/03/2026,2600,2800,2700
"Himachal Pradesh",Mandi,"PMY Kangni Mandi","Bhindi(Ladies Finger)",Bhindi,"Grade B",28/03/2026,6000,7500,7000
"Himachal Pradesh",Mandi,"PMY Kangni Mandi",Brinjal,Brinjal,"Grade B",28/03/2026,1000,3000,2000
"Himachal Pradesh",Mandi,"PMY Kangni Mandi",Ginger(Green),"Green Ginger","Grade B",28/03/2026,6500,7500,7000
"Tamil Nadu",Dindigul,"Vedasanthur(Uzhavar Sandhai ) APMC",Onion,Bellary,Local,28/03/2026,2000,2500,2250
"Tamil Nadu",Dindigul,"Vedasanthur(Uzhavar Sandhai ) APMC",Tomato,Deshi,Local,28/03/2026,1500,1800,1650
"Tamil Nadu",Dindigul,"Vedasanthur(Uzhavar Sandhai ) APMC","Green Chilli","Green Chilly",Local,28/03/2026,3000,4000,3500
"Tamil Nadu",Dindigul,"Vedasanthur(Uzhavar Sandhai ) APMC","Banana - Green","Banana - Green",Local,28/03/2026,2000,2500,2250
Gujarat,Vadodara(Baroda),"Padra APMC","Bottle gourd",Other,FAQ,28/03/2026,750,1250,1000
Gujarat,Vadodara(Baroda),"Padra APMC",Ginger(Green),Other,FAQ,28/03/2026,4000,4500,4250
Gujarat,Vadodara(Baroda),"Padra APMC","Little gourd(Kundru)",Other,FAQ,28/03/2026,1500,3500,2500
Haryana,Hissar,"Barwala(Hisar) APMC",Potato,Potato,Local,28/03/2026,600,800,700
Haryana,Hissar,"Barwala(Hisar) APMC","Bottle gourd","Bottle Gourd",Local,28/03/2026,1600,2000,1800
Haryana,Sonipat,"Ganaur APMC",Apple,Apple,Medium,28/03/2026,7500,8000,7800
Haryana,Sonipat,"Ganaur APMC",Cauliflower,Other,Medium,28/03/2026,1200,1500,1400
Haryana,Sonipat,"Ganaur APMC",Coriander(Leaves),Coriander,Medium,28/03/2026,1000,1200,1000
Haryana,Sonipat,"Ganaur APMC","Bottle gourd","Bottle Gourd",Medium,28/03/2026,1500,1800,1600
Haryana,Sonipat,"Ganaur APMC",Tinda,Tinda,Medium,28/03/2026,1800,2000,1800
Kerala,Wayanad,"Pulpally APMC",Coffee,Other,Local,28/03/2026,21400,21600,21500
Kerala,Wayanad,"Pulpally APMC",Banana,Other,Medium,28/03/2026,1800,2000,1900
Kerala,Wayanad,"Pulpally APMC","Green Chilli",Other,Local,28/03/2026,3300,3500,3400
Kerala,Pathanamthitta,"Thengamam VFPCK APMC",Cowpea(Veg),"Cowpea (Veg)","Grade A",28/03/2026,4000,8000,6000
Haryana,Gurgaon,"Gurgaon APMC",Onion,Other,"Grade B",28/03/2026,1500,2000,1750
Kerala,Thiruvananthapuram,"Neyyatinkara APMC","Cluster beans",Other,FAQ,28/03/2026,7500,8000,7700
Kerala,Thiruvananthapuram,"Neyyatinkara APMC",Tapioca,Tapioca,FAQ,28/03/2026,4500,5000,4700
Kerala,Alappuzha,"Chengannur APMC","Banana - Green","Banana - Green",FAQ,28/03/2026,2700,3000,2800
Kerala,Alappuzha,"Chengannur APMC",Colacasia,Colacasia,FAQ,28/03/2026,4300,4600,4400
Kerala,Alappuzha,"Chengannur APMC",Cowpea(Veg),"Cowpea (Veg)",FAQ,28/03/2026,3900,4200,4000
Kerala,Alappuzha,"Chengannur APMC",Ginger(Green),"Green Ginger",FAQ,28/03/2026,6900,7200,7000
Kerala,Alappuzha,"Chengannur APMC",Snakeguard,Other,FAQ,28/03/2026,3000,3300,3200
Kerala,Alappuzha,"Chengannur APMC",Tomato,Tomato,FAQ,28/03/2026,2900,3200,3000
Kerala,Alappuzha,"Harippad APMC","Bottle gourd",Other,FAQ,28/03/2026,1500,2000,1500
Kerala,Alappuzha,"Cherthala APMC",Potato,Potato,FAQ,28/03/2026,3500,3600,3600
Kerala,Alappuzha,"Cherthala APMC",Ridgeguard(Tori),Other,FAQ,28/03/2026,4500,4700,4600
Kerala,Kottayam,"Ettumanoor APMC",Drumstick,Drumstick,FAQ,28/03/2026,3400,3800,3600
Kerala,Kottayam,"Ettumanoor APMC",Beetroot,Beetroot,FAQ,28/03/2026,3000,3400,3200
Kerala,Kottayam,"Ettumanoor APMC",Cucumbar(Kheera),Cucumbar,FAQ,28/03/2026,1800,2200,2000
Kerala,Kottayam,"Ettumanoor APMC",Capsicum,Other,FAQ,28/03/2026,5000,5400,5200
Kerala,Kottayam,"Ettumanoor APMC","Green Chilli","Green Chilly",FAQ,28/03/2026,4000,4400,4200
Kerala,Kottayam,"Ettumanoor APMC",Potato,Potato,FAQ,28/03/2026,2600,2800,2700
"Jammu and Kashmir",Kathua,"Kathua APMC",Apple,Delicious,"Grade B",28/03/2026,10000,12000,11000
"Jammu and Kashmir",Kathua,"Kathua APMC","Bhindi(Ladies Finger)",Bhindi,FAQ,28/03/2026,6000,7000,6500
"Jammu and Kashmir",Kathua,"Kathua APMC",Cauliflower,Other,FAQ,28/03/2026,2000,2500,2250
"Jammu and Kashmir",Kathua,"Kathua APMC","Indian Beans(Seam)",Other,FAQ,28/03/2026,3500,4000,3750
"Jammu and Kashmir",Kathua,"Kathua APMC","Knool Khol","Knool Khol",FAQ,28/03/2026,600,700,650
"Jammu and Kashmir",Kathua,"Kathua APMC",Garlic,Average,FAQ,28/03/2026,10000,15000,12500
"Jammu and Kashmir",Kathua,"Kathua APMC",Guava,Guava,"Grade B",28/03/2026,6000,7000,6500
Kerala,Ernakulam,"Thrippunithura APMC","Bitter gourd","Bitter Gourd",Medium,28/03/2026,7000,8000,7200
Kerala,Ernakulam,"Thrippunithura APMC",Carrot,Carrot,Medium,28/03/2026,5000,6000,5200
Kerala,Ernakulam,"Thrippunithura APMC","Cluster beans","Cluster Beans",Medium,28/03/2026,4500,6000,4700
Kerala,Ernakulam,"Thrippunithura APMC",Snakeguard,Snakeguard,Medium,28/03/2026,5000,6000,5200
Kerala,Ernakulam,"Thrippunithura APMC","Little gourd(Kundru)",Other,Medium,28/03/2026,4000,5000,4200
Kerala,Ernakulam,"Thrippunithura APMC",Tomato,Tomato,Medium,28/03/2026,4000,4800,4200
Kerala,Palakad,"Pattambi APMC",Colacasia,Other,FAQ,28/03/2026,4000,5000,4500
Kerala,Palakad,"Pattambi APMC",Onion,Big,FAQ,28/03/2026,1900,2200,2000
Kerala,Palakad,"Pattambi APMC",Brinjal,Brinjal,FAQ,28/03/2026,2000,3000,2500
Kerala,Palakad,"Pattambi APMC","Cluster beans","Cluster Beans",FAQ,28/03/2026,3500,4000,3800
Kerala,Palakad,"Pattambi APMC","Elephant Yam(Suran)/Amorphophallus",Amorphophallus,FAQ,28/03/2026,3500,4000,3800
Kerala,Palakad,"Pattambi APMC","French Beans(Frasbean)",Other,FAQ,28/03/2026,4000,5000,4500
Kerala,Ernakulam,"North Paravur APMC","Elephant Yam(Suran)/Amorphophallus",Amorphophallus,Medium,28/03/2026,3000,4000,3500
Kerala,Ernakulam,"North Paravur APMC",Beetroot,Beetroot,FAQ,28/03/2026,3500,4000,3800
"Himachal Pradesh",Solan,"SMY Nalagarh","French Beans(Frasbean)",Other,Medium,28/03/2026,4000,5000,4500
"Himachal Pradesh",Solan,"SMY Nalagarh","Pea Pod/Pea Cod/हरी मटर",Other,Medium,28/03/2026,2000,3000,2500
"Himachal Pradesh",Solan,"SMY Nalagarh","Bottle gourd",Other,Medium,28/03/2026,1500,2000,1800
Rajasthan,Dausa,"Lalsot APMC",Wheat,Other,Local,28/03/2026,2100,2451,2300
Rajasthan,Dausa,"Lalsot APMC","Bajra(Pearl Millet/Cumbu)",Other,Local,28/03/2026,1775,2100,2050
"Himachal Pradesh",Hamirpur,"SMY Nadaun","French Beans(Frasbean)",Other,"Grade B",28/03/2026,6000,6000,6000
"Himachal Pradesh",Hamirpur,"SMY Nadaun",Ginger(Green),Other,"Grade B",28/03/2026,8000,8500,8250
"Himachal Pradesh",Hamirpur,"SMY Nadaun",Turnip,Other,"Grade B",28/03/2026,1500,2000,1750
"Himachal Pradesh",Kangra,"SMY Baijnath",Capsicum,Capsicum,"Grade A",28/03/2026,5000,5500,5300
"Himachal Pradesh",Kangra,"SMY Baijnath",Cauliflower,Cauliflower,"Grade A",28/03/2026,3500,3600,3600
"Himachal Pradesh",Kangra,"SMY Baijnath","Peas Wet","Peas Wet","Grade A",28/03/2026,4500,5000,4800
"Himachal Pradesh",Kangra,"SMY Jaisinghpur",Capsicum,Capsicum,FAQ,28/03/2026,5500,6000,5800
"Himachal Pradesh",Kangra,"SMY Jaisinghpur","Water Melon",Other,Medium,28/03/2026,2000,2200,2100
"Himachal Pradesh",Kangra,"SMY Jaisinghpur",Spinach,Other,FAQ,28/03/2026,3200,3600,3400
"Himachal Pradesh",Kangra,"SMY Jaisinghpur",Coriander(Leaves),Coriander,FAQ,28/03/2026,4800,5500,5200
"Himachal Pradesh",Kangra,"SMY Jaisinghpur",Lemon,Lemon,FAQ,28/03/2026,13500,14500,14000
"Himachal Pradesh",Kangra,"SMY Nagrota Bagwan",Papaya,Papaya,Medium,28/03/2026,3800,4200,4000
"Himachal Pradesh",Kangra,"SMY Nagrota Bagwan","Green Chilli","Green Chilly",FAQ,28/03/2026,8000,9000,8500
"Himachal Pradesh",Kangra,"SMY Nagrota Bagwan",Potato,Potato,FAQ,28/03/2026,800,900,900
"Uttar Pradesh",Maharajganj,"Anandnagar APMC",Apple,Apple,Medium,28/03/2026,6350,6550,6450
"West Bengal",Darjeeling,"Siliguri APMC","Green Chilli","Green Chilly",FAQ,28/03/2026,4500,5000,4800
"West Bengal",Darjeeling,"Siliguri APMC",Potato,Jyoti,FAQ,28/03/2026,730,760,750
Kerala,Kannur,"Taliparamba APMC",Banana,Other,Large,28/03/2026,3300,3500,3400
Kerala,Kannur,"Taliparamba APMC",Cucumbar(Kheera),Other,FAQ,28/03/2026,3200,3400,3300
Kerala,Kannur,"Taliparamba APMC",Onion,Onion,FAQ,28/03/2026,2200,2400,2300
"Tamil Nadu",Erode,"Gobichettipalayam(Uzhavar Sandhai ) APMC",Chikoos(Sapota),Sapota,Local,28/03/2026,3600,4000,3800
"Tamil Nadu",Erode,"Gobichettipalayam(Uzhavar Sandhai ) APMC","Cluster beans","Cluster Beans",Local,28/03/2026,4000,4500,4250
"Tamil Nadu",Erode,"Gobichettipalayam(Uzhavar Sandhai ) APMC",Ashgourd,Gouard,Local,28/03/2026,2500,2800,2650
"Tamil Nadu",Erode,"Gobichettipalayam(Uzhavar Sandhai ) APMC",Pumpkin,Pumpkin,Local,28/03/2026,2200,2500,2350
"Tamil Nadu",Erode,"Gobichettipalayam(Uzhavar Sandhai ) APMC",Mint(Pudina),Mint(Pudina),Local,28/03/2026,3500,3800,3650
"Tamil Nadu",Erode,"Sathiyamagalam(Uzhavar Sandhai ) APMC",Banana,"Nendra Bale",Local,28/03/2026,1500,2000,1750
"Tamil Nadu",Erode,"Sathiyamagalam(Uzhavar Sandhai ) APMC","Green Chilli","Green Chilly",Local,28/03/2026,3800,4200,4000
"Tamil Nadu",Erode,"Sathiyamagalam(Uzhavar Sandhai ) APMC",Ginger(Green),"Green Ginger",Local,28/03/2026,7500,8000,7750
"Tamil Nadu",Erode,"Sathiyamagalam(Uzhavar Sandhai ) APMC",Beetroot,Beetroot,Local,28/03/2026,3500,4000,3750
"Tamil Nadu",Erode,"Sathiyamagalam(Uzhavar Sandhai ) APMC",Guava,"Guava Allahabad",Local,28/03/2026,5000,5500,5250
"Tamil Nadu",Erode,"Sathiyamagalam(Uzhavar Sandhai ) APMC",Mint(Pudina),Mint(Pudina),Local,28/03/2026,4000,4500,4250
"Himachal Pradesh",Shimla,"SMY Rohroo",Brinjal,"Arkasheela Mattigulla","Grade B",28/03/2026,3200,3500,3350
"Himachal Pradesh",Shimla,"SMY Rohroo",Cabbage,Other,"Grade B",28/03/2026,1300,1500,1400
"Himachal Pradesh",Una,"SMY Santoshgarh",Cabbage,Cabbage,FAQ,28/03/2026,400,600,500
"Himachal Pradesh",Una,"SMY Santoshgarh",Spinach,Spinach,FAQ,28/03/2026,2100,2200,2150
"Himachal Pradesh",Una,"SMY Santoshgarh",Banana,Other,"Grade A",28/03/2026,2800,3400,3100
"Himachal Pradesh",Una,"SMY Santoshgarh",Orange,Other,"Grade A",28/03/2026,3900,4400,4150
"Himachal Pradesh",Una,"SMY Santoshgarh",Grapes,Green,"Grade A",28/03/2026,8900,8900,8900
"Himachal Pradesh",Una,"SMY Santoshgarh",Tomato,Tomato,FAQ,28/03/2026,1600,2000,1800
"Himachal Pradesh",Una,"SMY Santoshgarh",Raddish,Raddish,FAQ,28/03/2026,1300,1300,1300
Odisha,Dhenkanal,"Hindol APMC","Bitter gourd","Bitter Gourd","Grade B",28/03/2026,4400,4600,4500
Odisha,Dhenkanal,"Hindol APMC","Banana - Green",Other,"Grade B",28/03/2026,2600,2800,2700
"Andaman and Nicobar","North and Middle Andaman ","Diglipur APMC",Cauliflower,Other,FAQ,28/03/2026,3000,7000,4500
"Andaman and Nicobar","North and Middle Andaman ","Diglipur APMC","Banana - Green",Other,FAQ,28/03/2026,1000,2000,1500
"Andaman and Nicobar","North and Middle Andaman ","Diglipur APMC","Bhindi(Ladies Finger)",Other,FAQ,28/03/2026,1500,3000,2000
"Andaman and Nicobar","North and Middle Andaman ","Diglipur APMC",Cabbage,Other,FAQ,28/03/2026,1500,3000,2000
"Andaman and Nicobar","North and Middle Andaman ","Diglipur APMC","Green Chilli",Other,FAQ,28/03/2026,10000,20000,15000
"Andaman and Nicobar","North and Middle Andaman ","Diglipur APMC",Pumpkin,Other,FAQ,28/03/2026,2000,4000,3000
"Andaman and Nicobar","North and Middle Andaman ","Diglipur APMC",Tapioca,Other,FAQ,28/03/2026,3000,6000,4500
"Tamil Nadu",Namakkal,"Tiruchengode APMC",Cauliflower,Ranchi,Local,28/03/2026,2600,3000,2800
"Tamil Nadu",Namakkal,"Tiruchengode APMC",Coconut,Coconut,Local,28/03/2026,4500,5000,4750
"Tamil Nadu",Namakkal,"Tiruchengode APMC",Cabbage,Cabbage,Local,28/03/2026,1800,2000,1900
"Tamil Nadu",Namakkal,"Tiruchengode APMC",Raddish,Raddish,Local,28/03/2026,2000,2400,2200
"Tamil Nadu",Namakkal,"Tiruchengode APMC","Elephant Yam(Suran)/Amorphophallus","Elephant Yam (Suran)",Local,28/03/2026,2600,3000,2800
"Tamil Nadu",Namakkal,"Tiruchengode APMC",Yam(Ratalu),"Yam (Ratalu)",Local,28/03/2026,5400,6000,5700
"Tamil Nadu",Namakkal,"Tiruchengode APMC","Onion Green","Onion Green",Local,28/03/2026,2000,2500,2250
"Tamil Nadu",Namakkal,"Tiruchengode APMC",Mint(Pudina),Mint(Pudina),Local,28/03/2026,3500,4000,3750
"Tamil Nadu",Thiruchirappalli,"Thuraiyur APMC","Cluster beans","Cluster Beans",Local,28/03/2026,3000,3500,3250
"Tamil Nadu",Thiruchirappalli,"Thuraiyur APMC","Bitter gourd",Other,Local,28/03/2026,2500,3000,2750
"Tamil Nadu",Thiruchirappalli,"Thuraiyur APMC","Bottle gourd","Bottle Gourd",Local,28/03/2026,1500,1800,1650
"Tamil Nadu",Thiruchirappalli,"Thuraiyur APMC","Chow Chow","Chow Chow",Local,28/03/2026,2000,2500,2250
"Tamil Nadu",Ariyalur,"Ariyalur(Uzhavar Sandhai) APMC",Onion,Bellary,Local,28/03/2026,2000,2500,2250
"Tamil Nadu",Ariyalur,"Ariyalur(Uzhavar Sandhai) APMC","Bottle gourd","Bottle Gourd",Local,28/03/2026,1500,2000,1750
"Tamil Nadu",Ariyalur,"Ariyalur(Uzhavar Sandhai) APMC","Green Avare(W)","Green Avare (W)",Local,28/03/2026,6000,7000,6500
"Madhya Pradesh",Khandwa,"Khandwa(F&V) APMC",Cauliflower,Cauliflower,FAQ,28/03/2026,400,1200,800
"Tamil Nadu",Coimbatore,"RSPuram(Uzhavar Sandhai ) APMC",Banana,"Red Banana",Local,28/03/2026,5500,6000,5750
"Tamil Nadu",Coimbatore,"RSPuram(Uzhavar Sandhai ) APMC",Potato,Other,Local,28/03/2026,3000,3500,3250
"Tamil Nadu",Coimbatore,"RSPuram(Uzhavar Sandhai ) APMC",Cauliflower,Ranchi,Local,28/03/2026,2800,3200,3000
"Tamil Nadu",Coimbatore,"RSPuram(Uzhavar Sandhai ) APMC",Coriander(Leaves),"I Sort",Local,28/03/2026,4400,4800,4600
"Tamil Nadu",Coimbatore,"RSPuram(Uzhavar Sandhai ) APMC","Bottle gourd","Bottle Gourd",Local,28/03/2026,1800,2400,2100
"Tamil Nadu",Coimbatore,"RSPuram(Uzhavar Sandhai ) APMC","Green Chilli","Green Chilly",Local,28/03/2026,4000,4400,4200
"Tamil Nadu",Coimbatore,"RSPuram(Uzhavar Sandhai ) APMC",Ginger(Green),"Green Ginger",Local,28/03/2026,6000,6700,6350
"Tamil Nadu",Coimbatore,"RSPuram(Uzhavar Sandhai ) APMC",Carrot,Pusakesar,Local,28/03/2026,3200,3800,3500
"Tamil Nadu",Coimbatore,"RSPuram(Uzhavar Sandhai ) APMC",Cucumbar(Kheera),Cucumbar,Local,28/03/2026,2500,2800,2650
"Tamil Nadu",Coimbatore,"RSPuram(Uzhavar Sandhai ) APMC",Yam(Ratalu),"Yam (Ratalu)",Local,28/03/2026,4500,5000,4750
"Tamil Nadu",Coimbatore,"RSPuram(Uzhavar Sandhai ) APMC",Colacasia,Colacasia,Local,28/03/2026,3200,4000,3600
"Tamil Nadu",Coimbatore,"Singanallur(Uzhavar Sandhai ) APMC",Banana,Karpura,Local,28/03/2026,4000,7000,5500
"Tamil Nadu",Coimbatore,"Singanallur(Uzhavar Sandhai ) APMC",Papaya,Papaya,Local,28/03/2026,3200,3600,3400
"Tamil Nadu",Coimbatore,"Singanallur(Uzhavar Sandhai ) APMC","Mousambi(Sweet Lime)",Mousambi,Local,28/03/2026,5500,6000,5750
"Tamil Nadu",Coimbatore,"Singanallur(Uzhavar Sandhai ) APMC","Cluster beans","Cluster Beans",Local,28/03/2026,3500,3800,3650
"Tamil Nadu",Coimbatore,"Singanallur(Uzhavar Sandhai ) APMC",Ashgourd,Gouard,Local,28/03/2026,1800,2200,2000
"Tamil Nadu",Coimbatore,"Singanallur(Uzhavar Sandhai ) APMC",Tapioca,Tapioca,Local,28/03/2026,2500,2800,2650
"Tamil Nadu",Coimbatore,"Singanallur(Uzhavar Sandhai ) APMC","Chow Chow","Chow Chow",Local,28/03/2026,2500,2800,2650
"Tamil Nadu",Coimbatore,"Singanallur(Uzhavar Sandhai ) APMC",Drumstick,Drumstick,Local,28/03/2026,2800,3200,3000
"Tamil Nadu",Coimbatore,"Singanallur(Uzhavar Sandhai ) APMC",Mango(Raw-Ripe),"Mango - Raw-Ripe",Local,28/03/2026,4000,5000,4500
"Tamil Nadu",Coimbatore,"Singanallur(Uzhavar Sandhai ) APMC","Elephant Yam(Suran)/Amorphophallus","Elephant Yam (Suran)",Local,28/03/2026,3000,3500,3250
"Tamil Nadu",Coimbatore,"Singanallur(Uzhavar Sandhai ) APMC",Colacasia,Colacasia,Local,28/03/2026,4500,5000,4750
"Tamil Nadu",Coimbatore,"Singanallur(Uzhavar Sandhai ) APMC",Turnip,Turnip,Local,28/03/2026,3500,4000,3750
"Tamil Nadu",Coimbatore,"Singanallur(Uzhavar Sandhai ) APMC","Onion Green","Onion Green",Local,28/03/2026,2800,3200,3000
"Himachal Pradesh",Kangra,"PMY Kangra",Apple,Apple,Medium,28/03/2026,12000,14000,13000
"Himachal Pradesh",Kangra,"PMY Kangra",Grapes,Other,Medium,28/03/2026,9000,13000,12000
"Himachal Pradesh",Kangra,"PMY Kangra",Lemon,Other,FAQ,28/03/2026,13000,14000,13500
"Himachal Pradesh",Kangra,"PMY Kangra",Pumpkin,Pumpkin,FAQ,28/03/2026,2500,3000,2700
"Himachal Pradesh",Kangra,"PMY Kangra",Cucumbar(Kheera),Cucumbar,FAQ,28/03/2026,1500,1600,1600
"Himachal Pradesh",Kangra,"PMY Kangra",Raddish,Raddish,FAQ,28/03/2026,1500,1600,1600
"Himachal Pradesh",Kangra,"PMY Kangra",Mashrooms,Mashrooms,FAQ,28/03/2026,16000,17000,16500
Haryana,Mahendragarh-Narnaul,"Narnaul APMC",Tinda,Tinda,Medium,28/03/2026,1000,1500,1200
Haryana,Mahendragarh-Narnaul,"Narnaul APMC",Pumpkin,Pumpkin,Medium,28/03/2026,800,1500,1000
Haryana,Mahendragarh-Narnaul,"Narnaul APMC",Ginger(Green),"Green Ginger",Medium,28/03/2026,5000,6000,6000
Haryana,Mahendragarh-Narnaul,"Narnaul APMC",Banana,"Banana - Ripe",Medium,28/03/2026,4000,5000,5000
Haryana,Mahendragarh-Narnaul,"Narnaul APMC","Mousambi(Sweet Lime)",Mousambi,Medium,28/03/2026,3500,4000,4000
Haryana,Mahendragarh-Narnaul,"Narnaul APMC","Tender Coconut","Tender Coconut",Medium,28/03/2026,4000,4500,4500
Haryana,Mahendragarh-Narnaul,"Narnaul APMC",Chikoos(Sapota),Sapota,Medium,28/03/2026,3000,4000,4000
Gujarat,Rajkot,"Rajkot(Veg.Sub Yard) APMC",Brinjal,Brinjal,FAQ,28/03/2026,1065,2035,1550
Gujarat,Rajkot,"Rajkot(Veg.Sub Yard) APMC",Coriander(Leaves),Coriander,FAQ,28/03/2026,890,1560,1225
"Uttar Pradesh",Amroha,"Hasanpur APMC",Carrot,Carrot,FAQ,28/03/2026,1450,1600,1500
"Uttar Pradesh",Amroha,"Hasanpur APMC",Potato,Desi,FAQ,28/03/2026,400,420,410
Haryana,Panchkula,"Barwala APMC",Cauliflower,Local,FAQ,28/03/2026,1500,2000,1750
Haryana,Panchkula,"Barwala APMC",Potato,Local,FAQ,28/03/2026,400,600,500
"Tamil Nadu",Coimbatore,"Pollachi(Uzhavar Sandhai ) APMC",Carrot,Pusakesar,Local,28/03/2026,4000,4500,4250
"Tamil Nadu",Coimbatore,"Pollachi(Uzhavar Sandhai ) APMC",Raddish,Raddish,Local,28/03/2026,2500,3000,2750
"Tamil Nadu",Coimbatore,"Pollachi(Uzhavar Sandhai ) APMC","Green Avare(W)","Green Avare (W)",Local,28/03/2026,5500,6000,5750
"Tamil Nadu",Coimbatore,"Pollachi(Uzhavar Sandhai ) APMC",Mashrooms,Mashrooms,Local,28/03/2026,17000,19000,18000
"Uttar Pradesh",Shahjahanpur,"Jalalabad APMC",Potato,Potato,FAQ,28/03/2026,400,500,450
"Uttar Pradesh",Shahjahanpur,"Jalalabad APMC",Paddy(Common),Paddy,FAQ,28/03/2026,3000,3042,3021
"Uttar Pradesh",Shahjahanpur,"Jalalabad APMC","Bhindi(Ladies Finger)",Bhindi,FAQ,28/03/2026,1900,2000,1950
"Uttar Pradesh",Shahjahanpur,"Jalalabad APMC",Brinjal,Brinjal,FAQ,28/03/2026,700,800,750
"Uttar Pradesh",Shamli,"Kairana APMC",Carrot,Carrot,FAQ,28/03/2026,1200,1300,1250
"Uttar Pradesh",Shamli,"Kairana APMC",Garlic,Garlic,FAQ,28/03/2026,6000,6100,6050
"Uttar Pradesh",Shamli,"Kairana APMC",Guava,Guava,Medium,28/03/2026,2600,2700,2650
"Tamil Nadu",Coimbatore,"Mettupalayam(Uzhavar Sandhai ) APMC",Groundnut,"Big (With Shell)",Local,28/03/2026,7000,8000,7500
"Tamil Nadu",Coimbatore,"Mettupalayam(Uzhavar Sandhai ) APMC","Green Peas","Green Peas",Local,28/03/2026,7000,8000,7500
"Tamil Nadu",Coimbatore,"Mettupalayam(Uzhavar Sandhai ) APMC",Papaya,Papaya,Local,28/03/2026,3000,3500,3250
"Tamil Nadu",Coimbatore,"Mettupalayam(Uzhavar Sandhai ) APMC","Bottle gourd","Bottle Gourd",Local,28/03/2026,1500,2000,1750
"Tamil Nadu",Coimbatore,"Mettupalayam(Uzhavar Sandhai ) APMC",Cowpea(Veg),"Cowpea (Veg)",Local,28/03/2026,2000,2500,2250
"Tamil Nadu",Coimbatore,"Mettupalayam(Uzhavar Sandhai ) APMC","Banana - Green","Banana - Green",Local,28/03/2026,5000,5500,5250
"Tamil Nadu",Coimbatore,"Mettupalayam(Uzhavar Sandhai ) APMC",Carrot,Pusakesar,Local,28/03/2026,3500,4000,3750
"Tamil Nadu",Coimbatore,"Mettupalayam(Uzhavar Sandhai ) APMC",Beetroot,Beetroot,Local,28/03/2026,4000,4500,4250
"Uttar Pradesh","Khiri (Lakhimpur)","Maigalganj APMC",Cabbage,Cabbage,FAQ,28/03/2026,580,620,600
"Uttar Pradesh","Sant Kabir Nagar","Khalilabad APMC",Tomato,Tomato,Medium,28/03/2026,1500,1500,1500
"Uttar Pradesh",Saharanpur,"Rampurmaniharan APMC",Lemon,Lemon,"Grade B",28/03/2026,2600,2600,2600
"Uttar Pradesh",Saharanpur,"Rampurmaniharan APMC",Tomato,Deshi,"Grade C",28/03/2026,1600,1600,1600
"Andhra Pradesh","East Godavari","Ravulapelem APMC",Banana,Amruthapani,Local,28/03/2026,2400,2700,2500
"Andhra Pradesh","East Godavari","Ravulapelem APMC",Banana,Bhushavali(Pacha),Local,28/03/2026,1500,1800,1600
"Uttar Pradesh",Bareilly,"Anwala APMC",Brinjal,Brinjal,FAQ,28/03/2026,1500,1500,1500
"Uttar Pradesh",Rampur,"Bilaspur APMC",Banana,Other,Medium,28/03/2026,2000,2500,2250
"Uttar Pradesh","Siddharth Nagar","Naugarh APMC",Ginger(Green),"Green Ginger","Grade A",28/03/2026,4950,4950,4950
"Uttar Pradesh","Siddharth Nagar","Naugarh APMC",Potato,Potato,"Grade A",28/03/2026,660,660,660
"Uttar Pradesh","Siddharth Nagar","Naugarh APMC","Pea Pod/Pea Cod/हरी मटर",Other,"Grade A",28/03/2026,2350,2350,2350
"Uttar Pradesh","Siddharth Nagar","Naugarh APMC",Tomato,Tomato,"Grade A",28/03/2026,1150,1150,1150
Odisha,Bargarh,"Bargarh(Barapalli) APMC",Onion,Onion,Local,28/03/2026,1300,1800,1500
"Uttar Pradesh",Agra,"Khairagarh APMC",Tomato,Deshi,FAQ,28/03/2026,800,900,850
"Tamil Nadu",Karur,"Karur(Uzhavar Sandhai ) APMC","Bottle gourd","Bottle Gourd",Local,28/03/2026,500,1000,750
"Tamil Nadu",Karur,"Karur(Uzhavar Sandhai ) APMC",Amaranthus,Amaranthus,Local,28/03/2026,2000,2500,2250
"Tamil Nadu",Karur,"Karur(Uzhavar Sandhai ) APMC","Green Avare(W)",Other,Local,28/03/2026,6000,8000,7000
"Tamil Nadu",Karur,"Karur(Uzhavar Sandhai ) APMC",Guava,"Guava Allahabad",Local,28/03/2026,5500,6000,5750
"Tamil Nadu",Karur,"Karur(Uzhavar Sandhai ) APMC",Colacasia,Colacasia,Local,28/03/2026,4500,5000,4750
Tripura,Unokoti,Machmara,Brinjal,Round/Long,FAQ,28/03/2026,1900,2100,2000
"Tamil Nadu",Coimbatore,"Kurichi(Uzhavar Sandhai ) APMC","Bottle gourd","Bottle Gourd",Local,28/03/2026,2000,2500,2250
"Tamil Nadu",Coimbatore,"Kurichi(Uzhavar Sandhai ) APMC",Pumpkin,Pumpkin,Local,28/03/2026,1800,2000,1900
"Tamil Nadu",Coimbatore,"Kurichi(Uzhavar Sandhai ) APMC","Green Avare(W)","Green Avare (W)",Local,28/03/2026,6000,6500,6250
"Tamil Nadu",Cuddalore,"Cuddalore(Uzhavar Sandhai ) APMC",Groundnut,"Big (With Shell)",Local,28/03/2026,6000,7000,6500
"Tamil Nadu",Cuddalore,"Cuddalore(Uzhavar Sandhai ) APMC",Banana,Besrai,Local,28/03/2026,3000,8000,5500
"Tamil Nadu",Cuddalore,"Cuddalore(Uzhavar Sandhai ) APMC",Papaya,Papaya,Local,28/03/2026,4000,4000,4000
"Tamil Nadu",Cuddalore,"Cuddalore(Uzhavar Sandhai ) APMC",Tomato,Deshi,Local,28/03/2026,1600,1600,1600
"Tamil Nadu",Cuddalore,"Cuddalore(Uzhavar Sandhai ) APMC","Bitter gourd","Bitter Gourd",Local,28/03/2026,4000,4000,4000
"Tamil Nadu",Cuddalore,"Cuddalore(Uzhavar Sandhai ) APMC","Green Chilli","Green Chilly",Local,28/03/2026,3000,4000,3500
"Tamil Nadu",Cuddalore,"Cuddalore(Uzhavar Sandhai ) APMC","Banana - Green","Banana - Green",Local,28/03/2026,3000,3000,3000
"Tamil Nadu",Cuddalore,"Cuddalore(Uzhavar Sandhai ) APMC",Tapioca,Tapioca,Local,28/03/2026,4000,5000,4500
"Tamil Nadu",Cuddalore,"Cuddalore(Uzhavar Sandhai ) APMC",Ginger(Green),"Green Ginger",Local,28/03/2026,8000,8000,8000
"Tamil Nadu",Cuddalore,"Cuddalore(Uzhavar Sandhai ) APMC","Sweet Potato","Hosur Red",Local,28/03/2026,3000,3000,3000
"Tamil Nadu",Cuddalore,"Cuddalore(Uzhavar Sandhai ) APMC",Snakeguard,Snakeguard,Local,28/03/2026,3000,3000,3000
"Tamil Nadu",Cuddalore,"Cuddalore(Uzhavar Sandhai ) APMC",Raddish,Raddish,Local,28/03/2026,2000,2500,2250
"Tamil Nadu",Cuddalore,"Cuddalore(Uzhavar Sandhai ) APMC",Mango(Raw-Ripe),"Mango - Raw-Ripe",Local,28/03/2026,5000,5000,5000
"Tamil Nadu",Cuddalore,"Cuddalore(Uzhavar Sandhai ) APMC",Lime,Lime,Local,28/03/2026,4000,4000,4000
"Tamil Nadu",Cuddalore,"Cuddalore(Uzhavar Sandhai ) APMC",Guava,"Guava Allahabad",Local,28/03/2026,4000,5000,4500
"Tamil Nadu",Cuddalore,"Cuddalore(Uzhavar Sandhai ) APMC","Amla(Nelli Kai)",Amla,Local,28/03/2026,8000,8000,8000
"Tamil Nadu",Cuddalore,"Cuddalore(Uzhavar Sandhai ) APMC","Onion Green","Onion Green",Local,28/03/2026,3500,4000,3750
"Tamil Nadu",Cuddalore,"Viruthachalam(Uzhavar Sandhai ) APMC",Onion,Bellary,Local,28/03/2026,2500,2500,2500
"Tamil Nadu",Cuddalore,"Viruthachalam(Uzhavar Sandhai ) APMC",Ashgourd,Gouard,Local,28/03/2026,2000,2000,2000
"Tamil Nadu",Cuddalore,"Viruthachalam(Uzhavar Sandhai ) APMC","Green Chilli","Green Chilly",Local,28/03/2026,4000,4000,4000
"Tamil Nadu",Cuddalore,"Viruthachalam(Uzhavar Sandhai ) APMC",Beans,"Beans (Whole)",Local,28/03/2026,7000,7000,7000
"Tamil Nadu",Cuddalore,"Viruthachalam(Uzhavar Sandhai ) APMC",Beetroot,Beetroot,Local,28/03/2026,3000,3000,3000
"Tamil Nadu",Cuddalore,"Viruthachalam(Uzhavar Sandhai ) APMC",Mango(Raw-Ripe),"Mango - Raw-Ripe",Local,28/03/2026,6000,6000,6000
"Tamil Nadu",Cuddalore,"Vadalur(Uzhavar Sandhai ) APMC",Orange,Darjeeling,Local,28/03/2026,7000,7000,7000
"Tamil Nadu",Cuddalore,"Vadalur(Uzhavar Sandhai ) APMC",Brinjal,Other,Local,28/03/2026,2500,2500,2500
"Tamil Nadu",Cuddalore,"Vadalur(Uzhavar Sandhai ) APMC","Bhindi(Ladies Finger)",Bhindi,Local,28/03/2026,4000,4000,4000
"Tamil Nadu",Cuddalore,"Vadalur(Uzhavar Sandhai ) APMC",Lemon,Lemon,Local,28/03/2026,10000,10000,10000
"Tamil Nadu",Cuddalore,"Vadalur(Uzhavar Sandhai ) APMC",Mint(Pudina),Mint(Pudina),Local,28/03/2026,3000,3000,3000
"Tamil Nadu",Dharmapuri,"Dharmapuri(Uzhavar Sandhai ) APMC",Onion,Bellary,Local,28/03/2026,2400,2600,2500
"Tamil Nadu",Dharmapuri,"Dharmapuri(Uzhavar Sandhai ) APMC",Cauliflower,Ranchi,Local,28/03/2026,2800,3000,2900
"Tamil Nadu",Dharmapuri,"Dharmapuri(Uzhavar Sandhai ) APMC",Beans,"Beans (Whole)",Local,28/03/2026,7400,7600,7500
"Tamil Nadu",Dharmapuri,"Dharmapuri(Uzhavar Sandhai ) APMC",Carrot,Pusakesar,Local,28/03/2026,3200,3400,3300
"Tamil Nadu",Dharmapuri,"Dharmapuri(Uzhavar Sandhai ) APMC","Knool Khol","Knool Khol",Local,28/03/2026,3600,3800,3700
"Tamil Nadu",Dharmapuri,"Pennagaram(Uzhavar Sandhai ) APMC",Banana,Besrai,Local,28/03/2026,4800,5000,4900
"Tamil Nadu",Dharmapuri,"Pennagaram(Uzhavar Sandhai ) APMC",Garlic,Garlic,Local,28/03/2026,14800,15000,14900
"Tamil Nadu",Dharmapuri,"Pennagaram(Uzhavar Sandhai ) APMC",Pumpkin,Pumpkin,Local,28/03/2026,1800,2000,1900
"Tamil Nadu",Dharmapuri,"Pennagaram(Uzhavar Sandhai ) APMC","Green Chilli","Green Chilly",Local,28/03/2026,5800,6000,5900
"Tamil Nadu",Dharmapuri,"Pennagaram(Uzhavar Sandhai ) APMC","Banana - Green","Banana - Green",Local,28/03/2026,2800,3000,2900
"Tamil Nadu",Dharmapuri,"Pennagaram(Uzhavar Sandhai ) APMC",Carrot,Pusakesar,Local,28/03/2026,4300,4500,4400
"Tamil Nadu",Dharmapuri,"Pennagaram(Uzhavar Sandhai ) APMC",Cabbage,Cabbage,Local,28/03/2026,2300,2500,2400
"Tamil Nadu",Dharmapuri,"Pennagaram(Uzhavar Sandhai ) APMC",Raddish,Raddish,Local,28/03/2026,1800,2000,1900
"Tamil Nadu",Dharmapuri,"Pennagaram(Uzhavar Sandhai ) APMC","Green Avare(W)","Green Avare (W)",Local,28/03/2026,5800,6000,5900
"Tamil Nadu",Dharmapuri,"Pennagaram(Uzhavar Sandhai ) APMC",Drumstick,Drumstick,Local,28/03/2026,3800,4000,3900
"Tamil Nadu",Dharmapuri,"Pennagaram(Uzhavar Sandhai ) APMC","Knool Khol","Knool Khol",Local,28/03/2026,4800,5000,4900
"Tamil Nadu",Dharmapuri,"Pennagaram(Uzhavar Sandhai ) APMC","Onion Green","Onion Green",Local,28/03/2026,3300,3500,3400
"Tamil Nadu",Dharmapuri,"Pennagaram(Uzhavar Sandhai ) APMC",Mint(Pudina),Mint(Pudina),Local,28/03/2026,3800,4000,3900
"Tamil Nadu",Dharmapuri,"Pennagaram(Uzhavar Sandhai ) APMC","Sweet Corn ","Sweet Corn ",Local,28/03/2026,1800,2000,1900
"Tamil Nadu",Dharmapuri,"Palacode(Uzhavar Sandhai ) APMC",Groundnut,"Big (With Shell)",Local,28/03/2026,6000,6500,6250
"Tamil Nadu",Dharmapuri,"Palacode(Uzhavar Sandhai ) APMC",Potato,Other,Local,28/03/2026,2500,2800,2650
"Tamil Nadu",Dharmapuri,"Palacode(Uzhavar Sandhai ) APMC",Coriander(Leaves),"I Sort",Local,28/03/2026,5600,6000,5800
"Tamil Nadu",Dharmapuri,"Palacode(Uzhavar Sandhai ) APMC",Coconut,Coconut,Local,28/03/2026,6000,6500,6250
"Tamil Nadu",Dharmapuri,"Palacode(Uzhavar Sandhai ) APMC",Snakeguard,Snakeguard,Local,28/03/2026,1200,1500,1350
"Tamil Nadu",Dharmapuri,"Palacode(Uzhavar Sandhai ) APMC",Ridgeguard(Tori),Ridgeguard(Tori),Local,28/03/2026,3400,3600,3500
"Tamil Nadu",Dharmapuri,"Palacode(Uzhavar Sandhai ) APMC",Raddish,Raddish,Local,28/03/2026,1200,1500,1350
"Tamil Nadu",Dharmapuri,"Palacode(Uzhavar Sandhai ) APMC",Guava,"Guava Allahabad",Local,28/03/2026,4500,5000,4750
"Tamil Nadu",Dharmapuri,"AJattihalli(Uzhavar Sandhai ) APMC",Tomato,Deshi,Local,28/03/2026,1400,1600,1500
"Tamil Nadu",Dharmapuri,"AJattihalli(Uzhavar Sandhai ) APMC","Cluster beans","Cluster Beans",Local,28/03/2026,4000,4000,4000
"Tamil Nadu",Dharmapuri,"AJattihalli(Uzhavar Sandhai ) APMC","Bottle gourd","Bottle Gourd",Local,28/03/2026,1400,1600,1500
"Tamil Nadu",Dharmapuri,"AJattihalli(Uzhavar Sandhai ) APMC",Amaranthus,Amaranthus,Local,28/03/2026,2000,2500,2250
"Tamil Nadu",Dharmapuri,"AJattihalli(Uzhavar Sandhai ) APMC",Cabbage,Cabbage,Local,28/03/2026,2400,2400,2400
"Tamil Nadu",Dharmapuri,"AJattihalli(Uzhavar Sandhai ) APMC",Beetroot,Beetroot,Local,28/03/2026,3000,3000,3000
"Tamil Nadu",Dharmapuri,"AJattihalli(Uzhavar Sandhai ) APMC",Thondekai,Thondekai,Local,28/03/2026,5600,5600,5600
"Tamil Nadu",Dharmapuri,"AJattihalli(Uzhavar Sandhai ) APMC",Mango(Raw-Ripe),"Mango - Raw-Ripe",Local,28/03/2026,6500,6500,6500
"Tamil Nadu",Dharmapuri,"AJattihalli(Uzhavar Sandhai ) APMC",Lemon,Lemon,Local,28/03/2026,13000,16500,14750
"Tamil Nadu",Erode,"Periyar Nagar(Uzhavar Sandhai ) APMC",Cowpea(Veg),"Cowpea (Veg)",Local,28/03/2026,3000,3500,3250
"Tamil Nadu",Erode,"Periyar Nagar(Uzhavar Sandhai ) APMC","Sweet Potato","Hosur Red",Local,28/03/2026,3600,4000,3800
"Tamil Nadu",Erode,"Periyar Nagar(Uzhavar Sandhai ) APMC",Mango(Raw-Ripe),"Mango - Raw-Ripe",Local,28/03/2026,3000,3400,3200
"Tamil Nadu",Erode,"Periyar Nagar(Uzhavar Sandhai ) APMC",Mint(Pudina),Mint(Pudina),Local,28/03/2026,3000,3500,3250
"Tamil Nadu",Erode,"Perundurai(Uzhavar Sandhai ) APMC",Onion,Bellary,Local,28/03/2026,2600,2800,2700
"Tamil Nadu",Erode,"Perundurai(Uzhavar Sandhai ) APMC",Coriander(Leaves),"I Sort",Local,28/03/2026,3600,4000,3800
"Tamil Nadu",Erode,"Perundurai(Uzhavar Sandhai ) APMC",Tomato,Other,Local,28/03/2026,1200,1500,1350
"Tamil Nadu",Erode,"Perundurai(Uzhavar Sandhai ) APMC","Green Chilli","Green Chilly",Local,28/03/2026,3000,3400,3200
"Tamil Nadu",Erode,"Perundurai(Uzhavar Sandhai ) APMC",Beans,"Beans (Whole)",Local,28/03/2026,7000,7500,7250
"Tamil Nadu",Erode,"Perundurai(Uzhavar Sandhai ) APMC","Green Avare(W)",Other,Local,28/03/2026,8000,8500,8250
"Tamil Nadu",Erode,"Perundurai(Uzhavar Sandhai ) APMC",Mango(Raw-Ripe),"Mango - Raw-Ripe",Local,28/03/2026,4000,4500,4250
"Tamil Nadu",Erode,"Perundurai(Uzhavar Sandhai ) APMC","Onion Green","Onion Green",Local,28/03/2026,2600,3000,2800
"Tamil Nadu",Erode,"Perundurai(Uzhavar Sandhai ) APMC",Mint(Pudina),Mint(Pudina),Local,28/03/2026,3500,4000,3750
"Tamil Nadu",Erode,"Thalavadi(Uzhavar Sandhai ) APMC",Potato,"Red Nanital",Local,28/03/2026,3000,3500,3250
"Tamil Nadu",Erode,"Thalavadi(Uzhavar Sandhai ) APMC",Coriander(Leaves),"I Sort",Local,28/03/2026,4000,4500,4250
"Tamil Nadu",Erode,"Thalavadi(Uzhavar Sandhai ) APMC",Tomato,Other,Local,28/03/2026,1000,1300,1150
"Tamil Nadu",Erode,"Thalavadi(Uzhavar Sandhai ) APMC",Ashgourd,Gouard,Local,28/03/2026,1000,1200,1100
"Tamil Nadu",Erode,"Thalavadi(Uzhavar Sandhai ) APMC",Coconut,Coconut,Local,28/03/2026,4400,4800,4600
"Tamil Nadu",Erode,"Thalavadi(Uzhavar Sandhai ) APMC",Carrot,Pusakesar,Local,28/03/2026,4000,4800,4400
"Tamil Nadu",Erode,"Thalavadi(Uzhavar Sandhai ) APMC",Beetroot,Beetroot,Local,28/03/2026,2400,3000,2700
"Tamil Nadu",Erode,"Thalavadi(Uzhavar Sandhai ) APMC",Lemon,Lemon,Local,28/03/2026,6000,6500,6250
"Tamil Nadu",Karur,"Kulithalai(Uzhavar Sandhai ) APMC",Cauliflower,Ranchi,Local,28/03/2026,3500,4000,3750
"Tamil Nadu",Karur,"Kulithalai(Uzhavar Sandhai ) APMC","Green Peas","Green Peas",Local,28/03/2026,5000,6000,5500
"Tamil Nadu",Karur,"Kulithalai(Uzhavar Sandhai ) APMC",Ashgourd,Gouard,Local,28/03/2026,1500,2000,1750
"Tamil Nadu",Karur,"Kulithalai(Uzhavar Sandhai ) APMC",Amaranthus,Amaranthus,Local,28/03/2026,2000,3000,2500
"Tamil Nadu",Karur,"Kulithalai(Uzhavar Sandhai ) APMC","Banana - Green","Banana - Green",Local,28/03/2026,3500,4000,3750
"Tamil Nadu",Karur,"Kulithalai(Uzhavar Sandhai ) APMC",Coconut,Coconut,Local,28/03/2026,6000,6500,6250
"Tamil Nadu",Karur,"Kulithalai(Uzhavar Sandhai ) APMC",Carrot,Pusakesar,Local,28/03/2026,3600,4000,3800
"Tamil Nadu",Karur,"Kulithalai(Uzhavar Sandhai ) APMC",Cabbage,Cabbage,Local,28/03/2026,1200,1600,1400
"Tamil Nadu",Karur,"Kulithalai(Uzhavar Sandhai ) APMC",Snakeguard,Snakeguard,Local,28/03/2026,2000,2400,2200
"Tamil Nadu",Karur,"Kulithalai(Uzhavar Sandhai ) APMC",Lemon,Lemon,Local,28/03/2026,14500,15000,14750
"Tamil Nadu",Karur,"Kulithalai(Uzhavar Sandhai ) APMC",Colacasia,Colacasia,Local,28/03/2026,5500,6000,5750
"Tamil Nadu",Karur,"Velayuthampalayam(Uzhavar Sandhai ) APMC",Onion,Bellary,Local,28/03/2026,2400,3000,2700
"Tamil Nadu",Karur,"Velayuthampalayam(Uzhavar Sandhai ) APMC",Coriander(Leaves),"I Sort",Local,28/03/2026,5200,6000,5600
"Tamil Nadu",Karur,"Velayuthampalayam(Uzhavar Sandhai ) APMC","Bottle gourd","Bottle Gourd",Local,28/03/2026,600,1000,800
"Tamil Nadu",Karur,"Velayuthampalayam(Uzhavar Sandhai ) APMC","Green Chilli","Green Chilly",Local,28/03/2026,3200,4000,3600
"Tamil Nadu",Karur,"Velayuthampalayam(Uzhavar Sandhai ) APMC",Carrot,Pusakesar,Local,28/03/2026,4000,5000,4500
"Tamil Nadu",Karur,"Velayuthampalayam(Uzhavar Sandhai ) APMC",Ridgeguard(Tori),Ridgeguard(Tori),Local,28/03/2026,3200,4000,3600
"Tamil Nadu",Karur,"Velayuthampalayam(Uzhavar Sandhai ) APMC",Raddish,Raddish,Local,28/03/2026,2000,2500,2250
"Tamil Nadu",Karur,"Velayuthampalayam(Uzhavar Sandhai ) APMC",Drumstick,Drumstick,Local,28/03/2026,2400,3000,2700
"Tamil Nadu",Karur,"Pallapatti (Uzhavar Sandhai ) APMC",Pumpkin,Pumpkin,Local,28/03/2026,1500,2000,1750
"Tamil Nadu",Karur,"Pallapatti (Uzhavar Sandhai ) APMC",Amaranthus,Amaranthus,Local,28/03/2026,2500,3000,2750
"Tamil Nadu",Karur,"Pallapatti (Uzhavar Sandhai ) APMC",Snakeguard,Snakeguard,Local,28/03/2026,2500,3000,2750
"Tamil Nadu",Karur,"Pallapatti (Uzhavar Sandhai ) APMC",Drumstick,Drumstick,Local,28/03/2026,2500,3000,2750
"Tamil Nadu",Karur,"Pallapatti (Uzhavar Sandhai ) APMC","Amla(Nelli Kai)",Amla,Local,28/03/2026,5500,6000,5750
"Tamil Nadu",Karur,"Vengamedu(Uzhavar Sandhai ) APMC",Pumpkin,Pumpkin,Local,28/03/2026,1500,2000,1750
"Tamil Nadu",Karur,"Vengamedu(Uzhavar Sandhai ) APMC",Amaranthus,Amaranthus,Local,28/03/2026,2000,2500,2250
"Tamil Nadu",Karur,"Vengamedu(Uzhavar Sandhai ) APMC","Green Chilli","Green Chilly",Local,28/03/2026,3000,4000,3500
"Tamil Nadu",Karur,"Vengamedu(Uzhavar Sandhai ) APMC",Coconut,Coconut,Local,28/03/2026,5000,5500,5250
"Tamil Nadu",Karur,"Vengamedu(Uzhavar Sandhai ) APMC",Drumstick,Drumstick,Local,28/03/2026,2500,3000,2750
"Tamil Nadu",Krishnagiri,"Hosur(Uzhavar Sandhai ) APMC","Bottle gourd","Bottle Gourd",Local,28/03/2026,1500,2000,1750
"Tamil Nadu",Krishnagiri,"Hosur(Uzhavar Sandhai ) APMC",Pumpkin,Pumpkin,Local,28/03/2026,1500,2000,1750
"Tamil Nadu",Krishnagiri,"Hosur(Uzhavar Sandhai ) APMC","Bhindi(Ladies Finger)",Bhindi,Local,28/03/2026,5000,6000,5500
"Tamil Nadu",Krishnagiri,"Hosur(Uzhavar Sandhai ) APMC",Cowpea(Veg),"Cowpea (Veg)",Local,28/03/2026,4500,5000,4750
"Tamil Nadu",Krishnagiri,"Hosur(Uzhavar Sandhai ) APMC",Ginger(Green),"Green Ginger",Local,28/03/2026,6000,7000,6500
"Tamil Nadu",Krishnagiri,"Hosur(Uzhavar Sandhai ) APMC",Cabbage,Cabbage,Local,28/03/2026,800,1000,900
"Tamil Nadu",Krishnagiri,"Hosur(Uzhavar Sandhai ) APMC",Ridgeguard(Tori),Ridgeguard(Tori),Local,28/03/2026,3500,4000,3750
"Tamil Nadu",Krishnagiri,"Hosur(Uzhavar Sandhai ) APMC",Raddish,Raddish,Local,28/03/2026,2000,2500,2250
"Tamil Nadu",Krishnagiri,"Hosur(Uzhavar Sandhai ) APMC","Knool Khol","Knool Khol",Local,28/03/2026,2000,2500,2250
"Tamil Nadu",Krishnagiri,"Hosur(Uzhavar Sandhai ) APMC","Karbuja(Musk Melon)",Karbhuja,Local,28/03/2026,3000,3500,3250
"Tamil Nadu",Krishnagiri,"Hosur(Uzhavar Sandhai ) APMC","Elephant Yam(Suran)/Amorphophallus","Elephant Yam (Suran)",Local,28/03/2026,3500,4000,3750
"Tamil Nadu",Krishnagiri,"Hosur(Uzhavar Sandhai ) APMC",Yam(Ratalu),"Yam (Ratalu)",Local,28/03/2026,2500,3000,2750
"Tamil Nadu",Krishnagiri,"Hosur(Uzhavar Sandhai ) APMC",Mint(Pudina),Mint(Pudina),Local,28/03/2026,2500,3000,2750
"Tamil Nadu",Krishnagiri,"Hosur(Uzhavar Sandhai ) APMC","Sweet Corn ","Sweet Corn ",Local,28/03/2026,2500,3000,2750
"Tamil Nadu",Krishnagiri,"Denkanikottai(Uzhavar Sandhai ) APMC",Papaya,Papaya,Local,28/03/2026,2500,3000,2750
"Tamil Nadu",Krishnagiri,"Denkanikottai(Uzhavar Sandhai ) APMC",Tomato,Deshi,Local,28/03/2026,1000,1500,1250
"Tamil Nadu",Krishnagiri,"Denkanikottai(Uzhavar Sandhai ) APMC","Cluster beans","Cluster Beans",Local,28/03/2026,5000,6000,5500
"Tamil Nadu",Krishnagiri,"Denkanikottai(Uzhavar Sandhai ) APMC",Carrot,Pusakesar,Local,28/03/2026,2000,2500,2250
"Tamil Nadu",Krishnagiri,"Denkanikottai(Uzhavar Sandhai ) APMC",Cabbage,Cabbage,Local,28/03/2026,800,1000,900
"Tamil Nadu",Krishnagiri,"Denkanikottai(Uzhavar Sandhai ) APMC",Beetroot,Beetroot,Local,28/03/2026,2000,2500,2250
"Tamil Nadu",Krishnagiri,"Denkanikottai(Uzhavar Sandhai ) APMC",Capsicum,Capsicum,Local,28/03/2026,3000,4000,3500
"Tamil Nadu",Krishnagiri,"Denkanikottai(Uzhavar Sandhai ) APMC",Drumstick,Drumstick,Local,28/03/2026,3000,3500,3250
"Tamil Nadu",Madurai,"Anna nagar(Uzhavar Sandhai ) APMC","Green Peas","Green Peas",Local,28/03/2026,9000,9000,9000
"Tamil Nadu",Madurai,"Anna nagar(Uzhavar Sandhai ) APMC",Beans,"Beans (Whole)",Local,28/03/2026,7000,7000,7000
"Tamil Nadu",Madurai,"Anna nagar(Uzhavar Sandhai ) APMC",Tapioca,Tapioca,Local,28/03/2026,2600,2600,2600
"Tamil Nadu",Madurai,"Anna nagar(Uzhavar Sandhai ) APMC",Ridgeguard(Tori),Ridgeguard(Tori),Local,28/03/2026,3600,4000,3800
"Tamil Nadu",Madurai,"Anna nagar(Uzhavar Sandhai ) APMC","Onion Green","Onion Green",Local,28/03/2026,3600,4000,3800
"Tamil Nadu",Madurai,"Chokkikulam(Uzhavar Sandhai ) APMC",Soyabean,Local,Local,28/03/2026,10000,11000,10500
"Tamil Nadu",Madurai,"Chokkikulam(Uzhavar Sandhai ) APMC",Orange,Darjeeling,Local,28/03/2026,10000,12000,11000
"Tamil Nadu",Madurai,"Chokkikulam(Uzhavar Sandhai ) APMC",Banana,Besrai,Local,28/03/2026,4000,5000,4500
"Tamil Nadu",Madurai,"Chokkikulam(Uzhavar Sandhai ) APMC",Potato,"Red Nanital",Local,28/03/2026,2400,3000,2700
"Tamil Nadu",Madurai,"Chokkikulam(Uzhavar Sandhai ) APMC","Green Chilli","Green Chilly",Local,28/03/2026,3000,3600,3300
"Tamil Nadu",Madurai,"Chokkikulam(Uzhavar Sandhai ) APMC",Ginger(Green),"Green Ginger",Local,28/03/2026,8000,9000,8500
"Tamil Nadu",Madurai,"Chokkikulam(Uzhavar Sandhai ) APMC","Betal Leaves",Mysore,Local,28/03/2026,16000,24000,20000
"Tamil Nadu",Madurai,"Chokkikulam(Uzhavar Sandhai ) APMC",Cabbage,Cabbage,Local,28/03/2026,1600,2000,1800
"Tamil Nadu",Madurai,"Chokkikulam(Uzhavar Sandhai ) APMC",Snakeguard,Snakeguard,Local,28/03/2026,2600,3600,3100
"Tamil Nadu",Madurai,"Chokkikulam(Uzhavar Sandhai ) APMC",Capsicum,Capsicum,Local,28/03/2026,5500,6000,5750
"Tamil Nadu",Madurai,"Chokkikulam(Uzhavar Sandhai ) APMC","Green Avare(W)","Green Avare (W)",Local,28/03/2026,7000,8500,7750
"Tamil Nadu",Madurai,"Chokkikulam(Uzhavar Sandhai ) APMC",Yam(Ratalu),"Yam (Ratalu)",Local,28/03/2026,5500,6000,5750
"Tamil Nadu",Madurai,"Chokkikulam(Uzhavar Sandhai ) APMC",Colacasia,Colacasia,Local,28/03/2026,4500,5000,4750
"Tamil Nadu",Madurai,"Chokkikulam(Uzhavar Sandhai ) APMC",Mashrooms,Mashrooms,Local,28/03/2026,22500,25000,23750
"Tamil Nadu",Madurai,"Palanganatham(Uzhavar Sandhai ) APMC",Apple,American,Local,28/03/2026,18000,23000,20500
"Tamil Nadu",Madurai,"Palanganatham(Uzhavar Sandhai ) APMC",Brinjal,Other,Local,28/03/2026,3000,3500,3250
"Tamil Nadu",Madurai,"Palanganatham(Uzhavar Sandhai ) APMC",Coriander(Leaves),"I Sort",Local,28/03/2026,3500,4000,3750
"Tamil Nadu",Madurai,"Palanganatham(Uzhavar Sandhai ) APMC","Bitter gourd","Bitter Gourd",Local,28/03/2026,3000,3600,3300
"Tamil Nadu",Madurai,"Palanganatham(Uzhavar Sandhai ) APMC","Bottle gourd","Bottle Gourd",Local,28/03/2026,1800,2400,2100
"Tamil Nadu",Madurai,"Palanganatham(Uzhavar Sandhai ) APMC",Beans,"Beans (Whole)",Local,28/03/2026,6000,7000,6500
"Tamil Nadu",Madurai,"Palanganatham(Uzhavar Sandhai ) APMC",Ginger(Green),"Green Ginger",Local,28/03/2026,8000,9000,8500
"Tamil Nadu",Madurai,"Palanganatham(Uzhavar Sandhai ) APMC",Cabbage,Cabbage,Local,28/03/2026,1600,2000,1800
"Tamil Nadu",Madurai,"Palanganatham(Uzhavar Sandhai ) APMC","Elephant Yam(Suran)/Amorphophallus","Elephant Yam (Suran)",Local,28/03/2026,3600,4000,3800
"Tamil Nadu",Madurai,"Palanganatham(Uzhavar Sandhai ) APMC",Mint(Pudina),Mint(Pudina),Local,28/03/2026,2000,2500,2250
"Tamil Nadu",Madurai,"Usilampatti(Uzhavar Sandhai ) APMC","Cluster beans","Cluster Beans",Local,28/03/2026,3000,3600,3300
"Tamil Nadu",Madurai,"Usilampatti(Uzhavar Sandhai ) APMC","Bottle gourd","Bottle Gourd",Local,28/03/2026,2000,2400,2200
"Tamil Nadu",Madurai,"Usilampatti(Uzhavar Sandhai ) APMC","Green Chilli","Green Chilly",Local,28/03/2026,3000,3600,3300
"Tamil Nadu",Madurai,"Usilampatti(Uzhavar Sandhai ) APMC",Tapioca,Tapioca,Local,28/03/2026,2500,3000,2750
"Tamil Nadu",Madurai,"Thirumangalam(Uzhavar Sandhai ) APMC","Bottle gourd","Bottle Gourd",Local,28/03/2026,1800,2000,1900
"Tamil Nadu",Madurai,"Thirumangalam(Uzhavar Sandhai ) APMC",Coconut,Coconut,Local,28/03/2026,5400,5800,5600
"Tamil Nadu",Madurai,"Thirumangalam(Uzhavar Sandhai ) APMC","Green Avare(W)","Green Avare (W)",Local,28/03/2026,7000,8500,7750
"Tamil Nadu",Madurai,"Thirumangalam(Uzhavar Sandhai ) APMC",Drumstick,Drumstick,Local,28/03/2026,3000,5000,4000
"Tamil Nadu",Madurai,"Thirumangalam(Uzhavar Sandhai ) APMC",Yam(Ratalu),"Yam (Ratalu)",Local,28/03/2026,5500,6000,5750
"Tamil Nadu",Madurai,"Thirumangalam(Uzhavar Sandhai ) APMC","Amla(Nelli Kai)",Amla,Local,28/03/2026,6000,6500,6250
"Tamil Nadu",Madurai,"Melur(Uzhavar Sandhai ) APMC",Coriander(Leaves),"I Sort",Local,28/03/2026,3600,4000,3800
"Tamil Nadu",Madurai,"Melur(Uzhavar Sandhai ) APMC",Ashgourd,Gouard,Local,28/03/2026,1500,1800,1650
"Tamil Nadu",Madurai,"Melur(Uzhavar Sandhai ) APMC",Pumpkin,Pumpkin,Local,28/03/2026,1500,1800,1650
"Tamil Nadu",Madurai,"Melur(Uzhavar Sandhai ) APMC","Bhindi(Ladies Finger)",Bhindi,Local,28/03/2026,6000,6500,6250
"Tamil Nadu",Madurai,"Melur(Uzhavar Sandhai ) APMC",Amaranthus,Amaranthus,Local,28/03/2026,3000,3600,3300
"Tamil Nadu",Madurai,"Melur(Uzhavar Sandhai ) APMC",Cucumbar(Kheera),Cucumbar,Local,28/03/2026,3000,4000,3500
"Tamil Nadu",Madurai,"Melur(Uzhavar Sandhai ) APMC",Ridgeguard(Tori),Ridgeguard(Tori),Local,28/03/2026,4000,4500,4250
"Tamil Nadu",Madurai,"Melur(Uzhavar Sandhai ) APMC",Raddish,Raddish,Local,28/03/2026,2000,2500,2250
"Tamil Nadu",Madurai,"Melur(Uzhavar Sandhai ) APMC","Amla(Nelli Kai)",Amla,Local,28/03/2026,6000,6500,6250
"Tamil Nadu",Madurai,"Melur(Uzhavar Sandhai ) APMC",Mint(Pudina),Mint(Pudina),Local,28/03/2026,2000,2500,2250
"Tamil Nadu",Madurai,"Anaiyur(Uzhavar Sandhai ) APMC",Soyabean,Local,Local,28/03/2026,10000,11000,10500
"Tamil Nadu",Madurai,"Anaiyur(Uzhavar Sandhai ) APMC","Betal Leaves",Mysore,Local,28/03/2026,16000,24000,20000
"Tamil Nadu",Madurai,"Anaiyur(Uzhavar Sandhai ) APMC","Sweet Potato","Hosur Red",Local,28/03/2026,3000,3600,3300
"Tamil Nadu",Madurai,"Anaiyur(Uzhavar Sandhai ) APMC",Cabbage,Cabbage,Local,28/03/2026,1600,2000,1800
"Tamil Nadu",Madurai,"Anaiyur(Uzhavar Sandhai ) APMC",Cucumbar(Kheera),Cucumbar,Local,28/03/2026,7000,8000,7500
"Tamil Nadu",Madurai,"Anaiyur(Uzhavar Sandhai ) APMC",Guava,"Guava Allahabad",Local,28/03/2026,7000,8000,7500
"Tamil Nadu",Madurai,"Anaiyur(Uzhavar Sandhai ) APMC","Indian Beans(Seam)","Indian Beans (Seam)",Local,28/03/2026,6000,6500,6250
"Tamil Nadu",Madurai,"Anaiyur(Uzhavar Sandhai ) APMC","Onion Green","Onion Green",Local,28/03/2026,3500,3800,3650
"Tamil Nadu",Madurai,"Anaiyur(Uzhavar Sandhai ) APMC","Sweet Corn ","Sweet Corn ",Local,28/03/2026,1600,2400,2000
"Tamil Nadu",Nagapattinam,"Sirkali(Uzhavar Sandhai ) APMC",Groundnut,"Big (With Shell)",Local,28/03/2026,5500,6000,5750
"Tamil Nadu",Nagapattinam,"Sirkali(Uzhavar Sandhai ) APMC",Onion,Bellary,Local,28/03/2026,2500,3000,2750
"Tamil Nadu",Nagapattinam,"Sirkali(Uzhavar Sandhai ) APMC",Brinjal,Round,Local,28/03/2026,4000,5000,4500
"Tamil Nadu",Nagapattinam,"Sirkali(Uzhavar Sandhai ) APMC",Coriander(Leaves),"I Sort",Local,28/03/2026,3500,4000,3750
"Tamil Nadu",Nagapattinam,"Sirkali(Uzhavar Sandhai ) APMC","Cluster beans","Cluster Beans",Local,28/03/2026,4500,5000,4750
"Tamil Nadu",Nagapattinam,"Sirkali(Uzhavar Sandhai ) APMC","Bitter gourd","Bitter Gourd",Local,28/03/2026,5000,5500,5250
"Tamil Nadu",Nagapattinam,"Sirkali(Uzhavar Sandhai ) APMC",Coconut,Coconut,Local,28/03/2026,3500,4000,3750
"Tamil Nadu",Nagapattinam,"Sirkali(Uzhavar Sandhai ) APMC","Tender Coconut","Tender Coconut",Local,28/03/2026,2000,2500,2250
"Tamil Nadu",Nagapattinam,"Sirkali(Uzhavar Sandhai ) APMC","Tamarind Fruit","Tamarind Fruit",Local,28/03/2026,11000,12000,11500
"Tamil Nadu",Nagapattinam,"Sirkali(Uzhavar Sandhai ) APMC",Yam(Ratalu),"Yam (Ratalu)",Local,28/03/2026,5500,6000,5750
"Tamil Nadu",Namakkal,"Rasipuram(Uzhavar Sandhai ) APMC",Groundnut,"Big (With Shell)",Local,28/03/2026,6500,7000,6750
"Tamil Nadu",Namakkal,"Rasipuram(Uzhavar Sandhai ) APMC",Onion,Bellary,Local,28/03/2026,2800,3000,2900
"Tamil Nadu",Namakkal,"Rasipuram(Uzhavar Sandhai ) APMC","Chili Red",Bold,Local,28/03/2026,14000,15000,14500
"Tamil Nadu",Namakkal,"Rasipuram(Uzhavar Sandhai ) APMC","Bottle gourd","Bottle Gourd",Local,28/03/2026,1400,1600,1500
"Tamil Nadu",Namakkal,"Rasipuram(Uzhavar Sandhai ) APMC",Coconut,Coconut,Local,28/03/2026,5000,5200,5100
"Tamil Nadu",Namakkal,"Rasipuram(Uzhavar Sandhai ) APMC",Cabbage,Cabbage,Local,28/03/2026,1800,2000,1900
"Tamil Nadu",Namakkal,"Rasipuram(Uzhavar Sandhai ) APMC",Beetroot,Beetroot,Local,28/03/2026,4000,5000,4500
"Tamil Nadu",Namakkal,"Rasipuram(Uzhavar Sandhai ) APMC",Ridgeguard(Tori),Ridgeguard(Tori),Local,28/03/2026,5200,5600,5400
"Tamil Nadu",Namakkal,"Rasipuram(Uzhavar Sandhai ) APMC","Tamarind Fruit","Tamarind Fruit",Local,28/03/2026,13000,15000,14000
"Tamil Nadu",Namakkal,"Kumarapalayam(Uzhavar Sandhai ) APMC",Coriander(Leaves),"I Sort",Local,28/03/2026,5500,6500,6000
"Tamil Nadu",Namakkal,"Kumarapalayam(Uzhavar Sandhai ) APMC","Water Melon","Water Melon",Local,28/03/2026,1500,2000,1750
"Tamil Nadu",Namakkal,"Kumarapalayam(Uzhavar Sandhai ) APMC",Tomato,Deshi,Local,28/03/2026,1400,1800,1600
"Tamil Nadu",Namakkal,"Kumarapalayam(Uzhavar Sandhai ) APMC",Tapioca,Tapioca,Local,28/03/2026,2000,2500,2250
"Tamil Nadu",Namakkal,"Kumarapalayam(Uzhavar Sandhai ) APMC",Guava,"Guava Allahabad",Local,28/03/2026,5500,6000,5750
"Tamil Nadu",Namakkal,"Kumarapalayam(Uzhavar Sandhai ) APMC",Mint(Pudina),Mint(Pudina),Local,28/03/2026,4000,4500,4250
"Tamil Nadu",Namakkal,"Mohanur(Uzhavar Sandhai ) APMC",Cauliflower,Ranchi,Local,28/03/2026,2400,3000,2700
"Tamil Nadu",Namakkal,"Mohanur(Uzhavar Sandhai ) APMC",Papaya,Papaya,Local,28/03/2026,2000,3000,2500
"Tamil Nadu",Namakkal,"Mohanur(Uzhavar Sandhai ) APMC","Green Chilli","Green Chilly",Local,28/03/2026,5000,6000,5500
"Tamil Nadu",Namakkal,"Mohanur(Uzhavar Sandhai ) APMC",Beans,"Beans (Whole)",Local,28/03/2026,7200,8000,7600
"Tamil Nadu",Namakkal,"Mohanur(Uzhavar Sandhai ) APMC","Sweet Potato","Hosur Red",Local,28/03/2026,4000,4800,4400
"Tamil Nadu",Namakkal,"Mohanur(Uzhavar Sandhai ) APMC",Cucumbar(Kheera),Cucumbar,Local,28/03/2026,8000,10000,9000
"Tamil Nadu",Namakkal,"Mohanur(Uzhavar Sandhai ) APMC",Ridgeguard(Tori),Ridgeguard(Tori),Local,28/03/2026,4800,6000,5400
"Tamil Nadu",Namakkal,"Mohanur(Uzhavar Sandhai ) APMC","Chow Chow","Chow Chow",Local,28/03/2026,3400,4000,3700
"Tamil Nadu","The Nilgiris","Udhagamandalam(Uzhavar Sandhai ) APMC",Mango,Safeda,Local,28/03/2026,14000,15000,14500
"Tamil Nadu","The Nilgiris","Udhagamandalam(Uzhavar Sandhai ) APMC",Pineapple,"Pine Apple",Local,28/03/2026,8000,9000,8500
"Tamil Nadu","The Nilgiris","Udhagamandalam(Uzhavar Sandhai ) APMC",Grapes,Annabesahai,Local,28/03/2026,8000,10000,9000
"Tamil Nadu","The Nilgiris","Udhagamandalam(Uzhavar Sandhai ) APMC","Green Peas","Green Peas",Local,28/03/2026,6500,7000,6750
"Tamil Nadu","The Nilgiris","Udhagamandalam(Uzhavar Sandhai ) APMC","Bottle gourd","Bottle Gourd",Local,28/03/2026,1500,1800,1650
"Tamil Nadu","The Nilgiris","Udhagamandalam(Uzhavar Sandhai ) APMC",Tapioca,Tapioca,Local,28/03/2026,3000,3500,3250
"Tamil Nadu","The Nilgiris","Udhagamandalam(Uzhavar Sandhai ) APMC",Snakeguard,Snakeguard,Local,28/03/2026,2500,3000,2750
"Tamil Nadu","The Nilgiris","Udhagamandalam(Uzhavar Sandhai ) APMC",Cucumbar(Kheera),Cucumbar,Local,28/03/2026,3500,4000,3750
"Tamil Nadu","The Nilgiris","Udhagamandalam(Uzhavar Sandhai ) APMC",Thondekai,Thondekai,Local,28/03/2026,2500,3000,2750
"Tamil Nadu","The Nilgiris","Udhagamandalam(Uzhavar Sandhai ) APMC","Chow Chow","Chow Chow",Local,28/03/2026,1500,2000,1750
"Tamil Nadu","The Nilgiris","Udhagamandalam(Uzhavar Sandhai ) APMC",Lime,Lime,Local,28/03/2026,10000,14000,12000
"Tamil Nadu","The Nilgiris","Udhagamandalam(Uzhavar Sandhai ) APMC",Pomegranate,Pomogranate,Local,28/03/2026,20000,22000,21000
"Tamil Nadu",Perambalur,"Perambalur(Uzhavar Sandhai ) APMC",Onion,Bellary,Local,28/03/2026,2800,2800,2800
"Tamil Nadu",Perambalur,"Perambalur(Uzhavar Sandhai ) APMC",Cauliflower,Ranchi,Local,28/03/2026,3000,4000,3500
"Tamil Nadu",Perambalur,"Perambalur(Uzhavar Sandhai ) APMC",Coriander(Leaves),"I Sort",Local,28/03/2026,2800,2800,2800
"Tamil Nadu",Perambalur,"Perambalur(Uzhavar Sandhai ) APMC",Tomato,Local,Local,28/03/2026,1500,1800,1650
"Tamil Nadu",Perambalur,"Perambalur(Uzhavar Sandhai ) APMC","Bitter gourd","Bitter Gourd",Local,28/03/2026,4800,5200,5000
"Tamil Nadu",Perambalur,"Perambalur(Uzhavar Sandhai ) APMC",Ashgourd,Gouard,Local,28/03/2026,1400,1600,1500
"Tamil Nadu",Perambalur,"Perambalur(Uzhavar Sandhai ) APMC",Cabbage,Cabbage,Local,28/03/2026,2200,2200,2200
"Tamil Nadu",Perambalur,"Perambalur(Uzhavar Sandhai ) APMC",Beetroot,Beetroot,Local,28/03/2026,3400,3400,3400
"Tamil Nadu",Perambalur,"Perambalur(Uzhavar Sandhai ) APMC",Raddish,Raddish,Local,28/03/2026,2000,2400,2200
"Tamil Nadu",Perambalur,"Perambalur(Uzhavar Sandhai ) APMC",Thondekai,Thondekai,Local,28/03/2026,4000,4000,4000
"Tamil Nadu",Perambalur,"Perambalur(Uzhavar Sandhai ) APMC","Green Avare(W)","Green Avare (W)",Local,28/03/2026,7200,8800,8000
"Tamil Nadu",Perambalur,"Perambalur(Uzhavar Sandhai ) APMC",Mango(Raw-Ripe),"Mango - Raw-Ripe",Local,28/03/2026,4000,4500,4250
"Tamil Nadu",Perambalur,"Perambalur(Uzhavar Sandhai ) APMC",Guava,"Guava Allahabad",Local,28/03/2026,6000,7000,6500
"Tamil Nadu",Perambalur,"Perambalur(Uzhavar Sandhai ) APMC","Elephant Yam(Suran)/Amorphophallus","Elephant Yam (Suran)",Local,28/03/2026,3000,3400,3200
"Tamil Nadu",Perambalur,"Perambalur(Uzhavar Sandhai ) APMC","Onion Green","Onion Green",Local,28/03/2026,2500,3500,3000
"Tamil Nadu",Perambalur,"Perambalur(Uzhavar Sandhai ) APMC",Mint(Pudina),Mint(Pudina),Local,28/03/2026,3000,3000,3000
"Tamil Nadu",Pudukkottai,"Pudukottai(Uzhavar Sandhai ) APMC",Banana,Karpura,Local,28/03/2026,3000,4000,3500
"Tamil Nadu",Pudukkottai,"Pudukottai(Uzhavar Sandhai ) APMC",Brinjal,Round,Local,28/03/2026,4000,4500,4250
"Tamil Nadu",Pudukkottai,"Pudukottai(Uzhavar Sandhai ) APMC",Coriander(Leaves),"I Sort",Local,28/03/2026,5000,6000,5500
"Tamil Nadu",Pudukkottai,"Pudukottai(Uzhavar Sandhai ) APMC",Carrot,Pusakesar,Local,28/03/2026,4000,4500,4250
"Tamil Nadu",Pudukkottai,"Pudukottai(Uzhavar Sandhai ) APMC","Chow Chow","Chow Chow",Local,28/03/2026,2500,3000,2750
"Tamil Nadu",Pudukkottai,"Pudukottai(Uzhavar Sandhai ) APMC",Mango(Raw-Ripe),"Mango - Raw-Ripe",Local,28/03/2026,5000,6000,5500
"Tamil Nadu",Pudukkottai,"Pudukottai(Uzhavar Sandhai ) APMC",Lime,Lime,Local,28/03/2026,1500,2000,1750
"Tamil Nadu",Pudukkottai,"Pudukottai(Uzhavar Sandhai ) APMC",Yam(Ratalu),"Yam (Ratalu)",Local,28/03/2026,5000,6000,5500
"Tamil Nadu",Pudukkottai,"Pudukottai(Uzhavar Sandhai ) APMC",Lemon,Lemon,Local,28/03/2026,13000,14000,13500
"Tamil Nadu",Pudukkottai,"Pudukottai(Uzhavar Sandhai ) APMC",Mint(Pudina),Mint(Pudina),Local,28/03/2026,4000,5000,4500
"Tamil Nadu",Pudukkottai,"Aranthangi(Uzhavar Sandhai ) APMC",Onion,Bellary,Local,28/03/2026,2500,3000,2750
"Tamil Nadu",Pudukkottai,"Aranthangi(Uzhavar Sandhai ) APMC","Banana - Green","Banana - Green",Local,28/03/2026,3000,3500,3250
"Tamil Nadu",Pudukkottai,"Aranthangi(Uzhavar Sandhai ) APMC",Lemon,Lemon,Local,28/03/2026,12000,13000,12500
"Tamil Nadu",Pudukkottai,"Alangudi(Uzhavar Sandhai ) APMC",Raddish,Raddish,Local,28/03/2026,1500,2000,1750
"Tamil Nadu",Pudukkottai,"Alangudi(Uzhavar Sandhai ) APMC","Green Avare(W)",Other,Local,28/03/2026,3500,4000,3750
"Tamil Nadu",Pudukkottai,"Alangudi(Uzhavar Sandhai ) APMC",Mango(Raw-Ripe),"Mango - Raw-Ripe",Local,28/03/2026,5000,6000,5500
"Tamil Nadu",Pudukkottai,"Alangudi(Uzhavar Sandhai ) APMC",Lemon,Lemon,Local,28/03/2026,12000,13000,12500
"Tamil Nadu",Ramanathapuram,"Paramakudi(Uzhavar Sandhai ) APMC",Cauliflower,Ranchi,Local,28/03/2026,4500,5000,4750
"Tamil Nadu",Ramanathapuram,"Paramakudi(Uzhavar Sandhai ) APMC",Coriander(Leaves),"I Sort",Local,28/03/2026,5000,5500,5250
"Tamil Nadu",Ramanathapuram,"Paramakudi(Uzhavar Sandhai ) APMC","Bhindi(Ladies Finger)",Bhindi,Local,28/03/2026,4500,4800,4650
"Tamil Nadu",Ramanathapuram,"Paramakudi(Uzhavar Sandhai ) APMC",Lime,Lime,Local,28/03/2026,10000,11000,10500
"Tamil Nadu",Ramanathapuram,"Paramakudi(Uzhavar Sandhai ) APMC",Kakada,Kakada,Local,28/03/2026,45000,50000,47500
"Tamil Nadu",Ramanathapuram,"Paramakudi(Uzhavar Sandhai ) APMC",Yam(Ratalu),"Yam (Ratalu)",Local,28/03/2026,6000,7000,6500
"Tamil Nadu",Ramanathapuram,"Paramakudi(Uzhavar Sandhai ) APMC",Lemon,Lemon,Local,28/03/2026,10000,12000,11000
"Tamil Nadu",Ramanathapuram,"Paramakudi(Uzhavar Sandhai ) APMC",Colacasia,Colacasia,Local,28/03/2026,6000,6500,6250
"Tamil Nadu",Ramanathapuram,"Paramakudi(Uzhavar Sandhai ) APMC","Onion Green","Onion Green",Local,28/03/2026,4000,4500,4250
"Tamil Nadu",Ramanathapuram,"Kamuthi(Uzhavar Sandhai ) APMC","Bhindi(Ladies Finger)",Bhindi,Local,28/03/2026,4500,4800,4650
"Tamil Nadu",Salem,"Sooramangalam(Uzhavar Sandhai ) APMC",Brinjal,Other,Local,28/03/2026,2500,2800,2650
"Tamil Nadu",Salem,"Sooramangalam(Uzhavar Sandhai ) APMC",Chikoos(Sapota),Sapota,Local,28/03/2026,3500,4000,3750
"Tamil Nadu",Salem,"Sooramangalam(Uzhavar Sandhai ) APMC","Green Chilli","Green Chilly",Local,28/03/2026,3400,3600,3500
"Tamil Nadu",Salem,"Sooramangalam(Uzhavar Sandhai ) APMC",Thondekai,Thondekai,Local,28/03/2026,3500,4000,3750
"Tamil Nadu",Salem,"Sooramangalam(Uzhavar Sandhai ) APMC",Capsicum,Capsicum,Local,28/03/2026,6000,6400,6200
"Tamil Nadu",Salem,"Sooramangalam(Uzhavar Sandhai ) APMC",Colacasia,Colacasia,Local,28/03/2026,5500,6000,5750
"Tamil Nadu",Salem,"Sooramangalam(Uzhavar Sandhai ) APMC","Onion Green","Onion Green",Local,28/03/2026,2500,3000,2750
"Tamil Nadu",Salem,"Thathakapatti(Uzhavar Sandhai ) APMC",Potato,"Red Nanital",Local,28/03/2026,2800,3500,3150
"Tamil Nadu",Salem,"Thathakapatti(Uzhavar Sandhai ) APMC",Cauliflower,Ranchi,Local,28/03/2026,2500,3000,2750
"Tamil Nadu",Salem,"Thathakapatti(Uzhavar Sandhai ) APMC",Brinjal,Round,Local,28/03/2026,2400,3000,2700
"Tamil Nadu",Salem,"Thathakapatti(Uzhavar Sandhai ) APMC","Water Melon","Water Melon",Local,28/03/2026,1600,2000,1800
"Tamil Nadu",Salem,"Thathakapatti(Uzhavar Sandhai ) APMC","Bottle gourd","Bottle Gourd",Local,28/03/2026,2000,2400,2200
"Tamil Nadu",Salem,"Thathakapatti(Uzhavar Sandhai ) APMC",Beans,"Beans (Whole)",Local,28/03/2026,7500,8000,7750
"Tamil Nadu",Salem,"Thathakapatti(Uzhavar Sandhai ) APMC",Ginger(Green),"Green Ginger",Local,28/03/2026,7000,8000,7500
"Tamil Nadu",Salem,"Thathakapatti(Uzhavar Sandhai ) APMC",Thondekai,Thondekai,Local,28/03/2026,5000,5500,5250
"Tamil Nadu",Salem,"Thathakapatti(Uzhavar Sandhai ) APMC",Mango(Raw-Ripe),"Mango - Raw-Ripe",Local,28/03/2026,4000,5000,4500
"Tamil Nadu",Salem,"Thathakapatti(Uzhavar Sandhai ) APMC",Lime,Lime,Local,28/03/2026,3000,4000,3500
"Tamil Nadu",Salem,"Thathakapatti(Uzhavar Sandhai ) APMC",Pomegranate,Pomogranate,Local,28/03/2026,20000,22000,21000
"Tamil Nadu",Salem,"Thathakapatti(Uzhavar Sandhai ) APMC",Yam(Ratalu),"Yam (Ratalu)",Local,28/03/2026,5000,6000,5500
"Tamil Nadu",Salem,"Thathakapatti(Uzhavar Sandhai ) APMC",Colacasia,Colacasia,Local,28/03/2026,5000,6000,5500
"Tamil Nadu",Salem,"Mettur(Uzhavar Sandhai ) APMC","Green Peas","Green Peas",Local,28/03/2026,9000,10000,9500
"Tamil Nadu",Salem,"Mettur(Uzhavar Sandhai ) APMC","Cluster beans","Cluster Beans",Local,28/03/2026,3500,4000,3750
"Tamil Nadu",Salem,"Mettur(Uzhavar Sandhai ) APMC","Bottle gourd","Bottle Gourd",Local,28/03/2026,1500,2000,1750
"Tamil Nadu",Salem,"Mettur(Uzhavar Sandhai ) APMC",Carrot,Pusakesar,Local,28/03/2026,5500,6000,5750
"Tamil Nadu",Salem,"Mettur(Uzhavar Sandhai ) APMC",Snakeguard,Snakeguard,Local,28/03/2026,2500,3000,2750
"Tamil Nadu",Salem,"Mettur(Uzhavar Sandhai ) APMC",Ridgeguard(Tori),Ridgeguard(Tori),Local,28/03/2026,3500,4000,3750
"Tamil Nadu",Salem,"Mettur(Uzhavar Sandhai ) APMC",Raddish,Raddish,Local,28/03/2026,1500,2000,1750
"Tamil Nadu",Salem,"Attayampatti(Uzhavar Sandhai ) APMC",Tomato,Deshi,Local,28/03/2026,1200,1600,1400
"Tamil Nadu",Salem,"Attayampatti(Uzhavar Sandhai ) APMC",Drumstick,Drumstick,Local,28/03/2026,3000,4000,3500
"Tamil Nadu",Salem,"Hasthampatti(Uzhavar Sandhai ) APMC",Potato,"Red Nanital",Local,28/03/2026,2800,3000,2900
"Tamil Nadu",Salem,"Hasthampatti(Uzhavar Sandhai ) APMC",Cauliflower,Ranchi,Local,28/03/2026,2500,3000,2750
"Tamil Nadu",Salem,"Hasthampatti(Uzhavar Sandhai ) APMC","Bitter gourd",Other,Local,28/03/2026,3800,4000,3900
"Tamil Nadu",Salem,"Hasthampatti(Uzhavar Sandhai ) APMC",Pumpkin,Pumpkin,Local,28/03/2026,1800,2000,1900
"Tamil Nadu",Salem,"Hasthampatti(Uzhavar Sandhai ) APMC",Amaranthus,Amaranthus,Local,28/03/2026,2400,2400,2400
"Tamil Nadu",Salem,"Hasthampatti(Uzhavar Sandhai ) APMC","Banana - Green","Banana - Green",Local,28/03/2026,1800,2000,1900
"Tamil Nadu",Salem,"Hasthampatti(Uzhavar Sandhai ) APMC",Beetroot,Beetroot,Local,28/03/2026,5200,5400,5300
"Tamil Nadu",Salem,"Hasthampatti(Uzhavar Sandhai ) APMC",Raddish,Raddish,Local,28/03/2026,2200,2400,2300
"Tamil Nadu",Salem,"Hasthampatti(Uzhavar Sandhai ) APMC",Capsicum,Capsicum,Local,28/03/2026,6200,6500,6350
"Tamil Nadu",Salem,"Elampillai(Uzhavar Sandhai ) APMC",Papaya,Papaya,Local,28/03/2026,2500,3000,2750
"Tamil Nadu",Salem,"Elampillai(Uzhavar Sandhai ) APMC","Bottle gourd","Bottle Gourd",Local,28/03/2026,2000,2400,2200
"Tamil Nadu",Salem,"Elampillai(Uzhavar Sandhai ) APMC",Carrot,Pusakesar,Local,28/03/2026,5000,5600,5300
"Tamil Nadu",Salem,"Elampillai(Uzhavar Sandhai ) APMC",Ridgeguard(Tori),Ridgeguard(Tori),Local,28/03/2026,4000,4500,4250
"Tamil Nadu",Salem,"Elampillai(Uzhavar Sandhai ) APMC",Mango(Raw-Ripe),"Mango - Raw-Ripe",Local,28/03/2026,4000,5000,4500
"Tamil Nadu",Salem,"Jalagandapuram(Uzhavar Sandhai ) APMC",Onion,Bellary,Local,28/03/2026,2600,3000,2800
"Tamil Nadu",Salem,"Jalagandapuram(Uzhavar Sandhai ) APMC",Brinjal,Round,Local,28/03/2026,2000,2500,2250
"Tamil Nadu",Salem,"Jalagandapuram(Uzhavar Sandhai ) APMC",Chikoos(Sapota),Sapota,Local,28/03/2026,3500,4000,3750
"Tamil Nadu",Salem,"Jalagandapuram(Uzhavar Sandhai ) APMC","Water Melon","Water Melon",Local,28/03/2026,1800,2000,1900
"Tamil Nadu",Salem,"Jalagandapuram(Uzhavar Sandhai ) APMC",Ashgourd,Gouard,Local,28/03/2026,1600,1800,1700
"Tamil Nadu",Salem,"Jalagandapuram(Uzhavar Sandhai ) APMC","Bhindi(Ladies Finger)",Bhindi,Local,28/03/2026,4500,5000,4750
"Tamil Nadu",Salem,"Jalagandapuram(Uzhavar Sandhai ) APMC",Tapioca,Tapioca,Local,28/03/2026,2500,3000,2750
"Tamil Nadu",Salem,"Jalagandapuram(Uzhavar Sandhai ) APMC",Coconut,Coconut,Local,28/03/2026,3600,4000,3800
"Tamil Nadu",Salem,"Jalagandapuram(Uzhavar Sandhai ) APMC",Cabbage,Cabbage,Local,28/03/2026,2600,3000,2800
"Tamil Nadu",Salem,"Edapadi (Uzhavar Sandhai ) APMC",Banana,Karpura,Local,28/03/2026,4000,4500,4250
"Tamil Nadu",Salem,"Edapadi (Uzhavar Sandhai ) APMC",Papaya,Papaya,Local,28/03/2026,2500,3000,2750
"Tamil Nadu",Salem,"Edapadi (Uzhavar Sandhai ) APMC","Cluster beans","Cluster Beans",Local,28/03/2026,3500,4000,3750
"Tamil Nadu",Salem,"Edapadi (Uzhavar Sandhai ) APMC",Ashgourd,Gouard,Local,28/03/2026,1200,1600,1400
"Tamil Nadu",Salem,"Edapadi (Uzhavar Sandhai ) APMC","Green Avare(W)",Other,Local,28/03/2026,5000,5500,5250
"Tamil Nadu",Salem,"Edapadi (Uzhavar Sandhai ) APMC",Drumstick,Drumstick,Local,28/03/2026,3500,4000,3750
"Tamil Nadu",Sivaganga,"Sivagangai (Uzhavar Sandhai ) APMC",Soyabean,Local,Local,28/03/2026,10000,11000,10500
"Tamil Nadu",Sivaganga,"Sivagangai (Uzhavar Sandhai ) APMC",Chikoos(Sapota),Sapota,Local,28/03/2026,4200,5200,4700
"Tamil Nadu",Sivaganga,"Sivagangai (Uzhavar Sandhai ) APMC",Papaya,Papaya,Local,28/03/2026,3800,4200,4000
"Tamil Nadu",Sivaganga,"Sivagangai (Uzhavar Sandhai ) APMC","Cluster beans","Cluster Beans",Local,28/03/2026,3200,3800,3500
"Tamil Nadu",Sivaganga,"Sivagangai (Uzhavar Sandhai ) APMC","Bottle gourd","Bottle Gourd",Local,28/03/2026,2200,2600,2400
"Tamil Nadu",Sivaganga,"Sivagangai (Uzhavar Sandhai ) APMC","Green Chilli","Green Chilly",Local,28/03/2026,3200,3800,3500
"Tamil Nadu",Sivaganga,"Sivagangai (Uzhavar Sandhai ) APMC",Beans,"Beans (Whole)",Local,28/03/2026,6200,7200,6700
"Tamil Nadu",Sivaganga,"Sivagangai (Uzhavar Sandhai ) APMC",Beetroot,Beetroot,Local,28/03/2026,3200,3800,3500
"Tamil Nadu",Sivaganga,"Sivagangai (Uzhavar Sandhai ) APMC",Drumstick,Drumstick,Local,28/03/2026,4000,5000,4500
"Tamil Nadu",Sivaganga,"Sivagangai (Uzhavar Sandhai ) APMC",Mango(Raw-Ripe),"Mango - Raw-Ripe",Local,28/03/2026,2600,3200,2900
"Tamil Nadu",Sivaganga,"Sivagangai (Uzhavar Sandhai ) APMC",Lemon,Lemon,Local,28/03/2026,14000,16000,15000
"Tamil Nadu",Sivaganga,"Devakottai (Uzhavar Sandhai ) APMC","Bottle gourd","Bottle Gourd",Local,28/03/2026,2500,3000,2750
"Tamil Nadu",Sivaganga,"Devakottai (Uzhavar Sandhai ) APMC",Beans,"Beans (Whole)",Local,28/03/2026,6500,7000,6750
"Tamil Nadu",Sivaganga,"Devakottai (Uzhavar Sandhai ) APMC",Drumstick,Drumstick,Local,28/03/2026,3400,5500,4450
"Tamil Nadu",Sivaganga,"Karaikudi(Uzhavar Sandhai ) APMC","Cluster beans","Cluster Beans",Local,28/03/2026,3500,4000,3750
"Tamil Nadu",Sivaganga,"Karaikudi(Uzhavar Sandhai ) APMC",Beetroot,Beetroot,Local,28/03/2026,3500,4000,3750
"Tamil Nadu",Sivaganga,"Karaikudi(Uzhavar Sandhai ) APMC","Green Avare(W)",Other,Local,28/03/2026,7500,8000,7750
"Tamil Nadu",Sivaganga,"Karaikudi(Uzhavar Sandhai ) APMC","Chow Chow","Chow Chow",Local,28/03/2026,2800,3000,2900
"Tamil Nadu",Sivaganga,"Karaikudi(Uzhavar Sandhai ) APMC",Guava,"Guava Allahabad",Local,28/03/2026,7500,8500,8000
"Tamil Nadu",Sivaganga,"Karaikudi(Uzhavar Sandhai ) APMC",Lemon,Lemon,Local,28/03/2026,14500,16500,15500
"Tamil Nadu",Sivaganga,"Tirupatthur(Uzhavar Sandhai ) APMC",Ashgourd,Gouard,Local,28/03/2026,2000,2200,2100
"Tamil Nadu",Sivaganga,"Tirupatthur(Uzhavar Sandhai ) APMC",Coconut,Coconut,Local,28/03/2026,5500,6000,5750
"Tamil Nadu",Sivaganga,"Tirupatthur(Uzhavar Sandhai ) APMC",Carrot,Pusakesar,Local,28/03/2026,3400,4500,3950
"Tamil Nadu",Sivaganga,"Tirupatthur(Uzhavar Sandhai ) APMC",Beetroot,Beetroot,Local,28/03/2026,3500,4000,3750
"Tamil Nadu",Sivaganga,"Tirupatthur(Uzhavar Sandhai ) APMC","Green Avare(W)",Other,Local,28/03/2026,7400,8500,7950
"Tamil Nadu",Sivaganga,"Tirupatthur(Uzhavar Sandhai ) APMC",Drumstick,Drumstick,Local,28/03/2026,3400,5500,4450
"Tamil Nadu",Sivaganga,"Tirupatthur(Uzhavar Sandhai ) APMC","Knool Khol","Knool Khol",Local,28/03/2026,3500,4000,3750
"Tamil Nadu",Sivaganga,"Tirupatthur(Uzhavar Sandhai ) APMC",Guava,"Guava Allahabad",Local,28/03/2026,7400,8500,7950
"Tamil Nadu",Sivaganga,"Tirupatthur(Uzhavar Sandhai ) APMC","Elephant Yam(Suran)/Amorphophallus","Elephant Yam (Suran)",Local,28/03/2026,4000,4500,4250
"Tamil Nadu",Sivaganga,"Tirupatthur(Uzhavar Sandhai ) APMC",Mint(Pudina),Mint(Pudina),Local,28/03/2026,2500,3000,2750
"Tamil Nadu",Sivaganga,"Singampunari(Uzhavar Sandhai ) APMC",Potato,Other,Local,28/03/2026,3000,3500,3250
"Tamil Nadu",Sivaganga,"Singampunari(Uzhavar Sandhai ) APMC",Cauliflower,Ranchi,Local,28/03/2026,2500,3000,2750
"Tamil Nadu",Sivaganga,"Singampunari(Uzhavar Sandhai ) APMC",Brinjal,Other,Local,28/03/2026,3500,4000,3750
"Tamil Nadu",Sivaganga,"Singampunari(Uzhavar Sandhai ) APMC","Cluster beans","Cluster Beans",Local,28/03/2026,3000,3500,3250
"Tamil Nadu",Sivaganga,"Singampunari(Uzhavar Sandhai ) APMC",Amaranthus,Amaranthus,Local,28/03/2026,3000,3500,3250
"Tamil Nadu",Sivaganga,"Singampunari(Uzhavar Sandhai ) APMC","Banana - Green","Banana - Green",Local,28/03/2026,2500,3000,2750
"Tamil Nadu",Sivaganga,"Singampunari(Uzhavar Sandhai ) APMC",Ginger(Green),"Green Ginger",Local,28/03/2026,8500,9000,8750
"Tamil Nadu",Sivaganga,"Singampunari(Uzhavar Sandhai ) APMC","Green Avare(W)",Other,Local,28/03/2026,6500,8500,7500
"Tamil Nadu",Sivaganga,"Singampunari(Uzhavar Sandhai ) APMC",Drumstick,Drumstick,Local,28/03/2026,4000,4500,4250
"Tamil Nadu",Sivaganga,"Singampunari(Uzhavar Sandhai ) APMC",Guava,"Guava Allahabad",Local,28/03/2026,7000,8000,7500
"Tamil Nadu",Sivaganga,"Singampunari(Uzhavar Sandhai ) APMC",Lemon,Lemon,Local,28/03/2026,14000,16000,15000
"Tamil Nadu",Thanjavur,"Pattukottai(Uzhavar Sandhai ) APMC",Brinjal,Round,Local,28/03/2026,4000,5400,4700
"Tamil Nadu",Thanjavur,"Pattukottai(Uzhavar Sandhai ) APMC","Cluster beans","Cluster Beans",Local,28/03/2026,5000,5000,5000
"Tamil Nadu",Thanjavur,"Pattukottai(Uzhavar Sandhai ) APMC",Ginger(Green),"Green Ginger",Local,28/03/2026,8400,9400,8900
"Tamil Nadu",Thanjavur,"Pattukottai(Uzhavar Sandhai ) APMC",Carrot,Pusakesar,Local,28/03/2026,4800,4800,4800
"Tamil Nadu",Thanjavur,"Pattukottai(Uzhavar Sandhai ) APMC",Drumstick,Drumstick,Local,28/03/2026,4600,4600,4600
"Tamil Nadu",Thanjavur,"Pattukottai(Uzhavar Sandhai ) APMC","Onion Green","Onion Green",Local,28/03/2026,4000,4000,4000
"Tamil Nadu",Theni,"Theni(Uzhavar Sandhai ) APMC",Apple,American,Local,28/03/2026,14000,26000,20000
"Tamil Nadu",Theni,"Theni(Uzhavar Sandhai ) APMC",Banana,"Red Banana",Local,28/03/2026,5000,5500,5250
"Tamil Nadu",Theni,"Theni(Uzhavar Sandhai ) APMC",Cauliflower,Ranchi,Local,28/03/2026,1500,2000,1750
"Tamil Nadu",Theni,"Theni(Uzhavar Sandhai ) APMC","Green Peas","Green Peas",Local,28/03/2026,7000,7000,7000
"Tamil Nadu",Theni,"Theni(Uzhavar Sandhai ) APMC",Papaya,Papaya,Local,28/03/2026,3000,3500,3250
"Tamil Nadu",Theni,"Theni(Uzhavar Sandhai ) APMC",Thondekai,Thondekai,Local,28/03/2026,1600,1600,1600
"Tamil Nadu",Theni,"Theni(Uzhavar Sandhai ) APMC","Green Avare(W)",Other,Local,28/03/2026,6000,6000,6000
"Tamil Nadu",Theni,"Theni(Uzhavar Sandhai ) APMC",Yam(Ratalu),"Yam (Ratalu)",Local,28/03/2026,5000,5000,5000
"Tamil Nadu",Theni,"Theni(Uzhavar Sandhai ) APMC","Indian Beans(Seam)","Indian Beans (Seam)",Local,28/03/2026,5000,5000,5000
"Tamil Nadu",Theni,"Kambam(Uzhavar Sandhai ) APMC",Banana,Besrai,Local,28/03/2026,2000,6500,4250
"Tamil Nadu",Theni,"Kambam(Uzhavar Sandhai ) APMC",Mango,Safeda,Local,28/03/2026,10000,10000,10000
"Tamil Nadu",Theni,"Kambam(Uzhavar Sandhai ) APMC",Potato,"Red Nanital",Local,28/03/2026,2500,2500,2500
"Tamil Nadu",Theni,"Kambam(Uzhavar Sandhai ) APMC",Coriander(Leaves),"I Sort",Local,28/03/2026,3000,3000,3000
"Tamil Nadu",Theni,"Kambam(Uzhavar Sandhai ) APMC","Bottle gourd","Bottle Gourd",Local,28/03/2026,1200,1400,1300
"Tamil Nadu",Theni,"Kambam(Uzhavar Sandhai ) APMC",Carrot,Pusakesar,Local,28/03/2026,3200,3200,3200
"Tamil Nadu",Theni,"Kambam(Uzhavar Sandhai ) APMC",Cabbage,Cabbage,Local,28/03/2026,1800,1800,1800
"Tamil Nadu",Theni,"Kambam(Uzhavar Sandhai ) APMC",Snakeguard,Snakeguard,Local,28/03/2026,2000,2000,2000
"Tamil Nadu",Theni,"Kambam(Uzhavar Sandhai ) APMC","Green Avare(W)","Green Avare (W)",Local,28/03/2026,7000,7200,7100
"Tamil Nadu",Theni,"Kambam(Uzhavar Sandhai ) APMC","Elephant Yam(Suran)/Amorphophallus","Elephant Yam (Suran)",Local,28/03/2026,3000,3000,3000
"Tamil Nadu",Theni,"Kambam(Uzhavar Sandhai ) APMC","Onion Green","Onion Green",Local,28/03/2026,3000,3300,3150
"Tamil Nadu",Theni,"Bodinayakanur(Uzhavar Sandhai ) APMC",Papaya,Papaya,Local,28/03/2026,3500,3500,3500
"Tamil Nadu",Theni,"Bodinayakanur(Uzhavar Sandhai ) APMC","Cluster beans","Cluster Beans",Local,28/03/2026,3600,3600,3600
"Tamil Nadu",Theni,"Bodinayakanur(Uzhavar Sandhai ) APMC",Raddish,Raddish,Local,28/03/2026,1800,1800,1800
"Tamil Nadu",Theni,"Devaram(Uzhavar Sandhai ) APMC",Cauliflower,Ranchi,Local,28/03/2026,2000,2000,2000
"Tamil Nadu",Theni,"Devaram(Uzhavar Sandhai ) APMC",Brinjal,Round,Local,28/03/2026,2400,2400,2400
"Tamil Nadu",Theni,"Devaram(Uzhavar Sandhai ) APMC","Bottle gourd","Bottle Gourd",Local,28/03/2026,1500,1500,1500
"Tamil Nadu",Theni,"Devaram(Uzhavar Sandhai ) APMC","Banana - Green","Banana - Green",Local,28/03/2026,3000,3000,3000
"Tamil Nadu",Theni,"Devaram(Uzhavar Sandhai ) APMC",Ridgeguard(Tori),Ridgeguard(Tori),Local,28/03/2026,3200,3200,3200
"Tamil Nadu",Theni,"Devaram(Uzhavar Sandhai ) APMC",Lemon,Lemon,Local,28/03/2026,12000,12000,12000
"Tamil Nadu",Theni,"Devaram(Uzhavar Sandhai ) APMC","Onion Green","Onion Green",Local,28/03/2026,3600,3600,3600
"Tamil Nadu",Theni,"Chinnamanur(Uzhavar Sandhai ) APMC",Onion,Bellary,Local,28/03/2026,2500,2500,2500
"Tamil Nadu",Theni,"Chinnamanur(Uzhavar Sandhai ) APMC",Cauliflower,Ranchi,Local,28/03/2026,1500,2000,1750
"Tamil Nadu",Theni,"Chinnamanur(Uzhavar Sandhai ) APMC",Amaranthus,Amaranthus,Local,28/03/2026,2500,2500,2500
"Tamil Nadu",Theni,"Chinnamanur(Uzhavar Sandhai ) APMC",Snakeguard,Snakeguard,Local,28/03/2026,2000,2000,2000
"Tamil Nadu",Theni,"Chinnamanur(Uzhavar Sandhai ) APMC",Ridgeguard(Tori),Ridgeguard(Tori),Local,28/03/2026,3600,3600,3600
"Tamil Nadu",Theni,"Chinnamanur(Uzhavar Sandhai ) APMC",Thondekai,Thondekai,Local,28/03/2026,1600,1600,1600
"Tamil Nadu",Theni,"Chinnamanur(Uzhavar Sandhai ) APMC","Green Avare(W)",Other,Local,28/03/2026,6500,7000,6750
"Tamil Nadu",Thirunelveli,"Palayamkottai(Uzhavar Sandhai ) APMC",Orange,Darjeeling,Local,28/03/2026,9000,10000,9500
"Tamil Nadu",Thirunelveli,"Palayamkottai(Uzhavar Sandhai ) APMC",Grapes,Annabesahai,Local,28/03/2026,9000,10000,9500
"Tamil Nadu",Thirunelveli,"Palayamkottai(Uzhavar Sandhai ) APMC",Potato,"Red Nanital",Local,28/03/2026,2200,2400,2300
"Tamil Nadu",Thirunelveli,"Palayamkottai(Uzhavar Sandhai ) APMC",Brinjal,Other,Local,28/03/2026,1800,2000,1900
"Tamil Nadu",Thirunelveli,"Palayamkottai(Uzhavar Sandhai ) APMC","Green Peas","Green Peas",Local,28/03/2026,7000,8000,7500
"Tamil Nadu",Thirunelveli,"Palayamkottai(Uzhavar Sandhai ) APMC",Tomato,Other,Local,28/03/2026,2200,2400,2300
"Tamil Nadu",Thirunelveli,"Palayamkottai(Uzhavar Sandhai ) APMC","Bitter gourd",Other,Local,28/03/2026,3500,4000,3750
"Tamil Nadu",Thirunelveli,"Palayamkottai(Uzhavar Sandhai ) APMC",Ashgourd,Gouard,Local,28/03/2026,800,1000,900
"Tamil Nadu",Thirunelveli,"Palayamkottai(Uzhavar Sandhai ) APMC",Carrot,Pusakesar,Local,28/03/2026,2200,3800,3000
"Tamil Nadu",Thirunelveli,"Palayamkottai(Uzhavar Sandhai ) APMC",Beetroot,Beetroot,Local,28/03/2026,3200,4000,3600
"Tamil Nadu",Thirunelveli,"Palayamkottai(Uzhavar Sandhai ) APMC",Ridgeguard(Tori),Ridgeguard(Tori),Local,28/03/2026,3500,4000,3750
"Tamil Nadu",Thirunelveli,"Palayamkottai(Uzhavar Sandhai ) APMC",Raddish,Raddish,Local,28/03/2026,2500,3000,2750
"Tamil Nadu",Thirunelveli,"Palayamkottai(Uzhavar Sandhai ) APMC",Thondekai,Thondekai,Local,28/03/2026,2600,2800,2700
"Tamil Nadu",Thirunelveli,"Palayamkottai(Uzhavar Sandhai ) APMC",Lemon,Lemon,Local,28/03/2026,10000,11000,10500
"Tamil Nadu",Thirunelveli,"Palayamkottai(Uzhavar Sandhai ) APMC",Colacasia,Colacasia,Local,28/03/2026,2500,5000,3750
"Tamil Nadu",Thirunelveli,"Palayamkottai(Uzhavar Sandhai ) APMC","Amla(Nelli Kai)",Amla,Local,28/03/2026,4000,4500,4250
"Tamil Nadu",Thirunelveli,"Melapalayam(Uzhavar Sandhai ) APMC",Potato,Other,Local,28/03/2026,2200,2400,2300
"Tamil Nadu",Thirunelveli,"Melapalayam(Uzhavar Sandhai ) APMC","Cluster beans","Cluster Beans",Local,28/03/2026,2400,2600,2500
"Tamil Nadu",Thirunelveli,"Melapalayam(Uzhavar Sandhai ) APMC","Bhindi(Ladies Finger)",Bhindi,Local,28/03/2026,4000,4500,4250
"Tamil Nadu",Thirunelveli,"Melapalayam(Uzhavar Sandhai ) APMC",Beans,"Beans (Whole)",Local,28/03/2026,6000,7000,6500
"Tamil Nadu",Thirunelveli,"Melapalayam(Uzhavar Sandhai ) APMC",Carrot,Pusakesar,Local,28/03/2026,2200,3800,3000
"Tamil Nadu",Thirunelveli,"Melapalayam(Uzhavar Sandhai ) APMC",Thondekai,Thondekai,Local,28/03/2026,2600,2800,2700
"Tamil Nadu",Thirunelveli,"Melapalayam(Uzhavar Sandhai ) APMC",Mango(Raw-Ripe),"Mango - Raw-Ripe",Local,28/03/2026,2000,3500,2750
"Tamil Nadu",Thirunelveli,"NGO Colony(Uzhavar Sandhai ) APMC",Brinjal,Round,Local,28/03/2026,2200,3000,2600
"Tamil Nadu",Thirunelveli,"NGO Colony(Uzhavar Sandhai ) APMC","Sweet Potato","Hosur Red",Local,28/03/2026,2000,2500,2250
"Tamil Nadu",Thirunelveli,"NGO Colony(Uzhavar Sandhai ) APMC",Carrot,Pusakesar,Local,28/03/2026,3000,3800,3400
"Tamil Nadu",Thirunelveli,"NGO Colony(Uzhavar Sandhai ) APMC",Drumstick,Drumstick,Local,28/03/2026,2500,3200,2850
"Tamil Nadu",Thiruvellore,"Ambattur(Uzhavar Sandhai ) APMC","Banana - Green","Banana - Green",Local,28/03/2026,4000,4000,4000
"Tamil Nadu",Thiruvarur,"Tiruthuraipoondi(Uzhavar Sandhai ) APMC","Cluster beans","Cluster Beans",Local,28/03/2026,4000,4000,4000
"Tamil Nadu",Thiruvarur,"Tiruthuraipoondi(Uzhavar Sandhai ) APMC",Snakeguard,Snakeguard,Local,28/03/2026,3000,3000,3000
"Tamil Nadu",Thiruvarur,"Tiruthuraipoondi(Uzhavar Sandhai ) APMC",Raddish,Raddish,Local,28/03/2026,3000,3000,3000
"Tamil Nadu",Thiruvarur,"Tiruthuraipoondi(Uzhavar Sandhai ) APMC","Green Avare(W)","Green Avare (W)",Local,28/03/2026,4000,4000,4000
"Tamil Nadu",Thiruvarur,"Tiruthuraipoondi(Uzhavar Sandhai ) APMC",Lemon,Lemon,Local,28/03/2026,14000,14000,14000
"Tamil Nadu",Thiruvarur,"Mannargudi I(Uzhavar Sandhai ) APMC",Apple,American,Local,28/03/2026,20000,26000,23000
"Tamil Nadu",Thiruvarur,"Mannargudi I(Uzhavar Sandhai ) APMC",Grapes,Annabesahai,Local,28/03/2026,9000,9000,9000
"Tamil Nadu",Thiruvarur,"Mannargudi I(Uzhavar Sandhai ) APMC",Onion,Bellary,Local,28/03/2026,2600,3400,3000
"Tamil Nadu",Thiruvarur,"Mannargudi I(Uzhavar Sandhai ) APMC",Brinjal,Round,Local,28/03/2026,3000,3200,3100
"Tamil Nadu",Thiruvarur,"Mannargudi I(Uzhavar Sandhai ) APMC",Chikoos(Sapota),Sapota,Local,28/03/2026,5000,5000,5000
"Tamil Nadu",Thiruvarur,"Mannargudi I(Uzhavar Sandhai ) APMC","Cluster beans","Cluster Beans",Local,28/03/2026,3800,3800,3800
"Tamil Nadu",Thiruvarur,"Mannargudi I(Uzhavar Sandhai ) APMC","Banana - Green","Banana - Green",Local,28/03/2026,4000,4000,4000
"Tamil Nadu",Thiruvarur,"Mannargudi I(Uzhavar Sandhai ) APMC",Coconut,Coconut,Local,28/03/2026,4000,4000,4000
"Tamil Nadu",Thiruvarur,"Mannargudi I(Uzhavar Sandhai ) APMC",Cabbage,Cabbage,Local,28/03/2026,2400,2400,2400
"Tamil Nadu",Thiruvarur,"Mannargudi I(Uzhavar Sandhai ) APMC",Beetroot,Beetroot,Local,28/03/2026,3400,4000,3700
"Tamil Nadu",Thiruvarur,"Mannargudi I(Uzhavar Sandhai ) APMC",Raddish,Raddish,Local,28/03/2026,2400,2400,2400
"Tamil Nadu",Thiruvarur,"Mannargudi I(Uzhavar Sandhai ) APMC","Green Avare(W)",Other,Local,28/03/2026,6600,6600,6600
"Tamil Nadu",Thiruvarur,"Mannargudi I(Uzhavar Sandhai ) APMC",Drumstick,Drumstick,Local,28/03/2026,3600,3800,3700
"Tamil Nadu",Thiruvarur,"Mannargudi I(Uzhavar Sandhai ) APMC",Mint(Pudina),Mint(Pudina),Local,28/03/2026,3500,3500,3500
"Tamil Nadu",Thiruvarur,"Needamangalam(Uzhavar Sandhai ) APMC","Bitter gourd","Bitter Gourd",Local,28/03/2026,2600,2600,2600
"Tamil Nadu",Thiruvarur,"Needamangalam(Uzhavar Sandhai ) APMC",Pumpkin,Pumpkin,Local,28/03/2026,2000,2000,2000
"Tamil Nadu",Thiruvarur,"Needamangalam(Uzhavar Sandhai ) APMC","Bhindi(Ladies Finger)",Bhindi,Local,28/03/2026,4400,4400,4400
"Tamil Nadu",Thiruvarur,"Needamangalam(Uzhavar Sandhai ) APMC","Onion Green","Onion Green",Local,28/03/2026,4000,4000,4000
"Tamil Nadu",Thiruvarur,"Muthupettai(Uzhavar Sandhai ) APMC",Onion,Bellary,Local,28/03/2026,3500,3500,3500
"Tamil Nadu",Thiruvarur,"Muthupettai(Uzhavar Sandhai ) APMC",Brinjal,Round,Local,28/03/2026,3000,3000,3000
"Tamil Nadu",Thiruvarur,"Muthupettai(Uzhavar Sandhai ) APMC",Tomato,Deshi,Local,28/03/2026,2000,2000,2000
"Tamil Nadu",Thiruvarur,"Muthupettai(Uzhavar Sandhai ) APMC","Bitter gourd","Bitter Gourd",Local,28/03/2026,4000,4000,4000
"Tamil Nadu",Thiruvarur,"Muthupettai(Uzhavar Sandhai ) APMC",Pumpkin,Pumpkin,Local,28/03/2026,2000,2000,2000
"Tamil Nadu",Thiruvarur,"Muthupettai(Uzhavar Sandhai ) APMC","Bhindi(Ladies Finger)",Bhindi,Local,28/03/2026,4000,4000,4000
"Tamil Nadu",Thiruvarur,"Muthupettai(Uzhavar Sandhai ) APMC","Banana - Green","Banana - Green",Local,28/03/2026,4000,4000,4000
"Tamil Nadu",Thiruvarur,"Muthupettai(Uzhavar Sandhai ) APMC",Snakeguard,Snakeguard,Local,28/03/2026,3000,3000,3000
"Tamil Nadu",Thiruvarur,"Mannargudi II(Uzhavar Sandhai ) APMC",Cauliflower,Ranchi,Local,28/03/2026,4800,4800,4800
"Tamil Nadu",Thiruvarur,"Mannargudi II(Uzhavar Sandhai ) APMC",Tomato,Deshi,Local,28/03/2026,1600,1600,1600
"Tamil Nadu",Thiruvarur,"Mannargudi II(Uzhavar Sandhai ) APMC",Pumpkin,Pumpkin,Local,28/03/2026,2000,2000,2000
"Tamil Nadu",Thiruvarur,"Mannargudi II(Uzhavar Sandhai ) APMC",Mango(Raw-Ripe),"Mango - Raw-Ripe",Local,28/03/2026,4000,4800,4400
"Tamil Nadu",Tuticorin,"Kovilpatti(Uzhavar Sandhai ) APMC","Bottle gourd","Bottle Gourd",Local,28/03/2026,2500,3000,2750
"Tamil Nadu",Tuticorin,"Kovilpatti(Uzhavar Sandhai ) APMC","Green Chilli","Green Chilly",Local,28/03/2026,4500,5000,4750
"Tamil Nadu",Tuticorin,"Kovilpatti(Uzhavar Sandhai ) APMC",Ginger(Green),"Green Ginger",Local,28/03/2026,7500,8000,7750
"Tamil Nadu",Tuticorin,"Kovilpatti(Uzhavar Sandhai ) APMC",Ridgeguard(Tori),Ridgeguard(Tori),Local,28/03/2026,4500,5000,4750
"Tamil Nadu",Tuticorin,"Kovilpatti(Uzhavar Sandhai ) APMC",Raddish,Raddish,Local,28/03/2026,3000,3500,3250
"Tamil Nadu",Tuticorin,"Kovilpatti(Uzhavar Sandhai ) APMC",Capsicum,Capsicum,Local,28/03/2026,4500,5000,4750
"Tamil Nadu",Thiruvannamalai,"Tiruvannamalai(Uzhavar Sandhai ) APMC",Groundnut,"Big (With Shell)",Local,28/03/2026,7000,8000,7500
"Tamil Nadu",Thiruvannamalai,"Tiruvannamalai(Uzhavar Sandhai ) APMC","Mousambi(Sweet Lime)",Mousambi,Local,28/03/2026,4000,5000,4500
"Tamil Nadu",Thiruvannamalai,"Tiruvannamalai(Uzhavar Sandhai ) APMC",Pumpkin,Pumpkin,Local,28/03/2026,1500,2000,1750
"Tamil Nadu",Thiruvannamalai,"Tiruvannamalai(Uzhavar Sandhai ) APMC","Banana - Green","Banana - Green",Local,28/03/2026,3500,4000,3750
"Tamil Nadu",Thiruvannamalai,"Tiruvannamalai(Uzhavar Sandhai ) APMC",Cabbage,Cabbage,Local,28/03/2026,1500,2000,1750
"Tamil Nadu",Thiruvannamalai,"Tiruvannamalai(Uzhavar Sandhai ) APMC",Thondekai,Thondekai,Local,28/03/2026,2400,3000,2700
"Tamil Nadu",Thiruvannamalai,"Tiruvannamalai(Uzhavar Sandhai ) APMC",Drumstick,Drumstick,Local,28/03/2026,5000,6000,5500
"Tamil Nadu",Thiruvannamalai,"Tiruvannamalai(Uzhavar Sandhai ) APMC",Mango(Raw-Ripe),"Mango - Raw-Ripe",Local,28/03/2026,4000,5000,4500
"Tamil Nadu",Thiruvannamalai,"Tiruvannamalai(Uzhavar Sandhai ) APMC","Tender Coconut","Tender Coconut",Local,28/03/2026,2500,3000,2750
"Tamil Nadu",Thiruvannamalai,"Tiruvannamalai(Uzhavar Sandhai ) APMC","Onion Green","Onion Green",Local,28/03/2026,3500,4000,3750
"Tamil Nadu",Thiruvannamalai,"Tiruvannamalai(Uzhavar Sandhai ) APMC",Mint(Pudina),Mint(Pudina),Local,28/03/2026,2500,3000,2750
"Tamil Nadu",Thiruvannamalai,"Tiruvannamalai(Uzhavar Sandhai ) APMC",Rose(Local),"Rose (Local)",Local,28/03/2026,10000,12000,11000
"Tamil Nadu",Thiruvannamalai,"Tiruvannamalai(Uzhavar Sandhai ) APMC","Sweet Corn ","Sweet Corn ",Local,28/03/2026,2500,3000,2750
"Tamil Nadu",Thiruvannamalai,"Polur(Uzhavar Sandhai ) APMC","Bottle gourd","Bottle Gourd",Local,28/03/2026,1600,2000,1800
"Tamil Nadu",Thiruvannamalai,"Polur(Uzhavar Sandhai ) APMC","Banana - Green","Banana - Green",Local,28/03/2026,1600,2000,1800
"Tamil Nadu",Thiruvannamalai,"Polur(Uzhavar Sandhai ) APMC",Beans,"Beans (Whole)",Local,28/03/2026,3300,4000,3650
"Tamil Nadu",Thiruvannamalai,"Polur(Uzhavar Sandhai ) APMC",Beetroot,Beetroot,Local,28/03/2026,2500,3000,2750
"Tamil Nadu",Thiruvannamalai,"Polur(Uzhavar Sandhai ) APMC",Raddish,Raddish,Local,28/03/2026,1600,2000,1800
"Tamil Nadu",Thiruvannamalai,"Polur(Uzhavar Sandhai ) APMC","Green Avare(W)","Green Avare (W)",Local,28/03/2026,4000,4800,4400
"Tamil Nadu",Thiruvannamalai,"Polur(Uzhavar Sandhai ) APMC",Yam(Ratalu),"Yam (Ratalu)",Local,28/03/2026,2500,3000,2750
"Tamil Nadu",Thiruvannamalai,"Arani(Uzhavar Sandhai ) APMC","Bhindi(Ladies Finger)",Bhindi,Local,28/03/2026,3000,3600,3300
"Tamil Nadu",Thiruvannamalai,"Arani(Uzhavar Sandhai ) APMC",Ginger(Green),"Green Ginger",Local,28/03/2026,7000,8000,7500
"Tamil Nadu",Thiruvannamalai,"Arani(Uzhavar Sandhai ) APMC",Snakeguard,Snakeguard,Local,28/03/2026,2000,2500,2250
"Tamil Nadu",Thiruvannamalai,"Arani(Uzhavar Sandhai ) APMC",Beetroot,Beetroot,Local,28/03/2026,2500,3000,2750
"Tamil Nadu",Thiruvannamalai,"Arani(Uzhavar Sandhai ) APMC",Raddish,Raddish,Local,28/03/2026,1500,2000,1750
"Tamil Nadu",Thiruvannamalai,"Arani(Uzhavar Sandhai ) APMC","Green Avare(W)","Green Avare (W)",Local,28/03/2026,3000,3600,3300
"Tamil Nadu",Thiruvannamalai,"Arani(Uzhavar Sandhai ) APMC",Drumstick,Drumstick,Local,28/03/2026,3500,4200,3850
"Tamil Nadu",Thiruvannamalai,"Arani(Uzhavar Sandhai ) APMC",Guava,"Guava Allahabad",Local,28/03/2026,4000,5000,4500
"Tamil Nadu",Thiruvannamalai,"Chengam(Uzhavar Sandhai ) APMC","Cluster beans","Cluster Beans",Local,28/03/2026,3300,4000,3650
"Tamil Nadu",Thiruvannamalai,"Chengam(Uzhavar Sandhai ) APMC",Ridgeguard(Tori),Ridgeguard(Tori),Local,28/03/2026,3000,3600,3300
"Tamil Nadu",Thiruvannamalai,"Chengam(Uzhavar Sandhai ) APMC","Green Avare(W)","Green Avare (W)",Local,28/03/2026,5000,6000,5500
"Tamil Nadu",Thiruvannamalai,"Chengam(Uzhavar Sandhai ) APMC",Guava,"Guava Allahabad",Local,28/03/2026,3300,4000,3650
"Tamil Nadu",Thiruvannamalai,"Chengam(Uzhavar Sandhai ) APMC","Amla(Nelli Kai)",Amla,Local,28/03/2026,8000,10000,9000
"Tamil Nadu",Thiruvannamalai,"Chengam(Uzhavar Sandhai ) APMC",Mint(Pudina),Mint(Pudina),Local,28/03/2026,3300,4000,3650
"Tamil Nadu",Thiruvannamalai,"Vandavasi(Uzhavar Sandhai ) APMC",Raddish,Raddish,Local,28/03/2026,1600,2000,1800
"Tamil Nadu",Thiruvannamalai,"Vandavasi(Uzhavar Sandhai ) APMC","Green Avare(W)",Other,Local,28/03/2026,3000,3600,3300
"Tamil Nadu",Thiruvannamalai,"Tamarainagar(Uzhavar Sandhai ) APMC",Groundnut,"Big (With Shell)",Local,28/03/2026,7000,8000,7500
"Tamil Nadu",Thiruvannamalai,"Tamarainagar(Uzhavar Sandhai ) APMC","Bottle gourd","Bottle Gourd",Local,28/03/2026,1500,2000,1750
"Tamil Nadu",Thiruvannamalai,"Tamarainagar(Uzhavar Sandhai ) APMC",Amaranthus,Amaranthus,Local,28/03/2026,5000,6000,5500
"Tamil Nadu",Thiruvannamalai,"Tamarainagar(Uzhavar Sandhai ) APMC",Beans,"Beans (Whole)",Local,28/03/2026,6000,7200,6600
"Tamil Nadu",Thiruvannamalai,"Tamarainagar(Uzhavar Sandhai ) APMC",Snakeguard,Snakeguard,Local,28/03/2026,3000,3600,3300
"Tamil Nadu",Thiruvannamalai,"Tamarainagar(Uzhavar Sandhai ) APMC",Thondekai,Thondekai,Local,28/03/2026,2500,3000,2750
"Tamil Nadu",Thiruvannamalai,"Tamarainagar(Uzhavar Sandhai ) APMC","Amla(Nelli Kai)",Amla,Local,28/03/2026,6000,7200,6600
"Tamil Nadu",Thiruchirappalli,"Musiri(Uzhavar Sandhai ) APMC",Onion,Bellary,Local,28/03/2026,2000,3000,2500
"Tamil Nadu",Thiruchirappalli,"Musiri(Uzhavar Sandhai ) APMC",Beans,"Beans (Whole)",Local,28/03/2026,6500,7000,6750
"Tamil Nadu",Thiruchirappalli,"Musiri(Uzhavar Sandhai ) APMC",Snakeguard,Snakeguard,Local,28/03/2026,3500,4000,3750
"Tamil Nadu",Thiruchirappalli,"Musiri(Uzhavar Sandhai ) APMC",Cucumbar(Kheera),Cucumbar,Local,28/03/2026,4000,5000,4500
"Tamil Nadu",Thiruchirappalli,"Musiri(Uzhavar Sandhai ) APMC","Green Avare(W)","Green Avare (W)",Local,28/03/2026,7000,7600,7300
"Tamil Nadu",Thiruchirappalli,"Musiri(Uzhavar Sandhai ) APMC",Drumstick,Drumstick,Local,28/03/2026,2500,3000,2750
"Tamil Nadu",Thiruchirappalli,"Musiri(Uzhavar Sandhai ) APMC",Lime,Lime,Local,28/03/2026,4000,4000,4000
"Tamil Nadu",Thiruchirappalli,"Musiri(Uzhavar Sandhai ) APMC","Tender Coconut","Tender Coconut",Local,28/03/2026,3500,4000,3750
"Tamil Nadu",Thiruchirappalli,"Musiri(Uzhavar Sandhai ) APMC",Yam(Ratalu),"Yam (Ratalu)",Local,28/03/2026,5000,5500,5250
"Tamil Nadu",Thiruchirappalli,"Musiri(Uzhavar Sandhai ) APMC","Indian Beans(Seam)","Indian Beans (Seam)",Local,28/03/2026,6000,6500,6250
"Tamil Nadu",Thiruchirappalli,"Musiri(Uzhavar Sandhai ) APMC","Amla(Nelli Kai)",Amla,Local,28/03/2026,7000,8000,7500
"Tamil Nadu",Thiruchirappalli,"Musiri(Uzhavar Sandhai ) APMC","Sweet Corn ","Sweet Corn ",Local,28/03/2026,2500,3000,2750
"Tamil Nadu",Thiruchirappalli,"Thiruverumbur(Uzhavar Sandhai ) APMC",Onion,Bellary,Local,28/03/2026,2000,2800,2400
"Tamil Nadu",Thiruchirappalli,"Thiruverumbur(Uzhavar Sandhai ) APMC",Potato,Other,Local,28/03/2026,2500,3000,2750
"Tamil Nadu",Thiruchirappalli,"Thiruverumbur(Uzhavar Sandhai ) APMC","Green Peas","Green Peas",Local,28/03/2026,8000,8000,8000
"Tamil Nadu",Thiruchirappalli,"Thiruverumbur(Uzhavar Sandhai ) APMC","Cluster beans","Cluster Beans",Local,28/03/2026,4000,4000,4000
"Tamil Nadu",Thiruchirappalli,"Thiruverumbur(Uzhavar Sandhai ) APMC",Amaranthus,Amaranthus,Local,28/03/2026,2000,2000,2000
"Tamil Nadu",Thiruchirappalli,"Thiruverumbur(Uzhavar Sandhai ) APMC",Carrot,Pusakesar,Local,28/03/2026,4400,4400,4400
"Tamil Nadu",Thiruchirappalli,"Thiruverumbur(Uzhavar Sandhai ) APMC",Snakeguard,Snakeguard,Local,28/03/2026,4000,4000,4000
"Tamil Nadu",Thiruchirappalli,"Thiruverumbur(Uzhavar Sandhai ) APMC",Raddish,Raddish,Local,28/03/2026,2400,2400,2400
"Tamil Nadu",Thiruchirappalli,"Thiruverumbur(Uzhavar Sandhai ) APMC",Drumstick,Drumstick,Local,28/03/2026,3600,3600,3600
"Tamil Nadu",Thiruchirappalli,"Thiruverumbur(Uzhavar Sandhai ) APMC","Indian Beans(Seam)","Indian Beans (Seam)",Local,28/03/2026,6600,6600,6600
"Tamil Nadu",Thiruchirappalli,"Lalgudi(Uzhavar Sandhai ) APMC",Brinjal,Other,Local,28/03/2026,4600,4600,4600
"Tamil Nadu",Thiruchirappalli,"Lalgudi(Uzhavar Sandhai ) APMC","Bitter gourd",Other,Local,28/03/2026,4000,4000,4000
"Tamil Nadu",Thiruchirappalli,"Lalgudi(Uzhavar Sandhai ) APMC",Pumpkin,Pumpkin,Local,28/03/2026,1600,1600,1600
"Tamil Nadu",Thiruchirappalli,"Lalgudi(Uzhavar Sandhai ) APMC","Green Chilli","Green Chilly",Local,28/03/2026,3600,3600,3600
"Tamil Nadu",Thiruchirappalli,"Lalgudi(Uzhavar Sandhai ) APMC",Tapioca,Tapioca,Local,28/03/2026,3000,3000,3000
"Tamil Nadu",Thiruchirappalli,"Lalgudi(Uzhavar Sandhai ) APMC",Ginger(Green),"Green Ginger",Local,28/03/2026,8000,8000,8000
"Tamil Nadu",Thiruchirappalli,"Lalgudi(Uzhavar Sandhai ) APMC","Onion Green","Onion Green",Local,28/03/2026,4000,4000,4000
"Tamil Nadu",Thiruchirappalli,"Manachanallur(Uzhavar Sandhai ) APMC",Banana,Poovan,Local,28/03/2026,5000,5000,5000
"Tamil Nadu",Thiruchirappalli,"Manachanallur(Uzhavar Sandhai ) APMC",Onion,Bellary,Local,28/03/2026,2800,2800,2800
"Tamil Nadu",Thiruchirappalli,"Manachanallur(Uzhavar Sandhai ) APMC",Brinjal,Other,Local,28/03/2026,2600,2600,2600
"Tamil Nadu",Thiruchirappalli,"Manachanallur(Uzhavar Sandhai ) APMC",Pumpkin,Pumpkin,Local,28/03/2026,1600,1600,1600
"Tamil Nadu",Thiruchirappalli,"Manachanallur(Uzhavar Sandhai ) APMC","Green Avare(W)",Other,Local,28/03/2026,5500,5500,5500
"Tamil Nadu",Thiruchirappalli,"Manachanallur(Uzhavar Sandhai ) APMC",Mango(Raw-Ripe),"Mango - Raw-Ripe",Local,28/03/2026,4000,4000,4000
"Tamil Nadu",Vellore,"Gudiyatham(Uzhavar Sandhai ) APMC",Garlic,Garlic,Local,28/03/2026,11000,11000,11000
"Tamil Nadu",Vellore,"Gudiyatham(Uzhavar Sandhai ) APMC",Coriander(Leaves),"I Sort",Local,28/03/2026,4000,4000,4000
"Tamil Nadu",Vellore,"Gudiyatham(Uzhavar Sandhai ) APMC",Tomato,Deshi,Local,28/03/2026,1200,1500,1350
"Tamil Nadu",Vellore,"Gudiyatham(Uzhavar Sandhai ) APMC","Bitter gourd","Bitter Gourd",Local,28/03/2026,3000,3000,3000
"Tamil Nadu",Vellore,"Gudiyatham(Uzhavar Sandhai ) APMC","Bhindi(Ladies Finger)",Bhindi,Local,28/03/2026,4000,4000,4000
"Tamil Nadu",Vellore,"Gudiyatham(Uzhavar Sandhai ) APMC",Cowpea(Veg),"Cowpea (Veg)",Local,28/03/2026,4000,4000,4000
"Tamil Nadu",Vellore,"Gudiyatham(Uzhavar Sandhai ) APMC",Ridgeguard(Tori),Ridgeguard(Tori),Local,28/03/2026,3000,3000,3000
"Tamil Nadu",Vellore,"Kahithapattarai(Uzhavar Sandhai ) APMC",Onion,Bellary,Local,28/03/2026,2200,2200,2200
"Tamil Nadu",Vellore,"Kahithapattarai(Uzhavar Sandhai ) APMC","Green Chilli","Green Chilly",Local,28/03/2026,2500,3500,3000
"Tamil Nadu",Vellore,"Kahithapattarai(Uzhavar Sandhai ) APMC",Tapioca,Tapioca,Local,28/03/2026,3500,3500,3500
"Tamil Nadu",Villupuram,"Villupuram(Uzhavar Sandhai ) APMC",Groundnut,"Big (With Shell)",Local,28/03/2026,9000,9000,9000
"Tamil Nadu",Villupuram,"Villupuram(Uzhavar Sandhai ) APMC",Potato,"Red Nanital",Local,28/03/2026,2500,2500,2500
"Tamil Nadu",Villupuram,"Villupuram(Uzhavar Sandhai ) APMC",Chikoos(Sapota),Sapota,Local,28/03/2026,6000,6000,6000
"Tamil Nadu",Villupuram,"Villupuram(Uzhavar Sandhai ) APMC",Tomato,Deshi,Local,28/03/2026,1500,1500,1500
"Tamil Nadu",Villupuram,"Villupuram(Uzhavar Sandhai ) APMC","Bitter gourd","Bitter Gourd",Local,28/03/2026,4000,5000,4500
"Tamil Nadu",Villupuram,"Villupuram(Uzhavar Sandhai ) APMC",Amaranthus,Amaranthus,Local,28/03/2026,4000,5000,4500
"Tamil Nadu",Villupuram,"Villupuram(Uzhavar Sandhai ) APMC",Tapioca,Tapioca,Local,28/03/2026,5000,5000,5000
"Tamil Nadu",Villupuram,"Villupuram(Uzhavar Sandhai ) APMC",Ridgeguard(Tori),Ridgeguard(Tori),Local,28/03/2026,5000,5000,5000
"Tamil Nadu",Villupuram,"Villupuram(Uzhavar Sandhai ) APMC",Guava,"Guava Allahabad",Local,28/03/2026,4000,6000,5000
"Tamil Nadu",Villupuram,"Villupuram(Uzhavar Sandhai ) APMC","Karbuja(Musk Melon)",Karbhuja,Local,28/03/2026,5000,5000,5000
"Tamil Nadu",Villupuram,"Villupuram(Uzhavar Sandhai ) APMC","Amla(Nelli Kai)",Amla,Local,28/03/2026,8000,8000,8000
"Tamil Nadu",Villupuram,"Villupuram(Uzhavar Sandhai ) APMC",Rose(Local),"Rose (Local)",Local,28/03/2026,30000,30000,30000
"Tamil Nadu",Villupuram,"Gingee(Uzhavar Sandhai ) APMC",Groundnut,"Big (With Shell)",Local,28/03/2026,9000,9000,9000
"Tamil Nadu",Villupuram,"Gingee(Uzhavar Sandhai ) APMC",Amaranthus,Amaranthus,Local,28/03/2026,4000,4000,4000
"Tamil Nadu",Villupuram,"Gingee(Uzhavar Sandhai ) APMC",Cabbage,Cabbage,Local,28/03/2026,2500,2500,2500
"Tamil Nadu",Villupuram,"Gingee(Uzhavar Sandhai ) APMC","Chow Chow","Chow Chow",Local,28/03/2026,3500,3500,3500
"Tamil Nadu",Villupuram,"Gingee(Uzhavar Sandhai ) APMC",Colacasia,Colacasia,Local,28/03/2026,4000,4000,4000
"Tamil Nadu",Virudhunagar,"Aruppukottai(Uzhavar Sandhai ) APMC",Apple,American,Local,28/03/2026,18000,20000,19000
"Tamil Nadu",Virudhunagar,"Aruppukottai(Uzhavar Sandhai ) APMC",Onion,Bellary,Local,28/03/2026,2000,2500,2250
"Tamil Nadu",Virudhunagar,"Aruppukottai(Uzhavar Sandhai ) APMC",Cauliflower,Ranchi,Local,28/03/2026,3500,4000,3750
"Tamil Nadu",Virudhunagar,"Aruppukottai(Uzhavar Sandhai ) APMC",Coriander(Leaves),"I Sort",Local,28/03/2026,3500,4000,3750
"Tamil Nadu",Virudhunagar,"Aruppukottai(Uzhavar Sandhai ) APMC",Tomato,Deshi,Local,28/03/2026,1500,2000,1750
"Tamil Nadu",Virudhunagar,"Aruppukottai(Uzhavar Sandhai ) APMC",Amaranthus,Amaranthus,Local,28/03/2026,3000,3500,3250
"Tamil Nadu",Virudhunagar,"Aruppukottai(Uzhavar Sandhai ) APMC","Green Chilli","Green Chilly",Local,28/03/2026,4500,5000,4750
"Tamil Nadu",Virudhunagar,"Aruppukottai(Uzhavar Sandhai ) APMC",Coconut,Coconut,Local,28/03/2026,5500,6000,5750
"Tamil Nadu",Virudhunagar,"Aruppukottai(Uzhavar Sandhai ) APMC",Carrot,Pusakesar,Local,28/03/2026,4500,5000,4750
"Tamil Nadu",Virudhunagar,"Aruppukottai(Uzhavar Sandhai ) APMC",Beetroot,Beetroot,Local,28/03/2026,3000,3500,3250
"Tamil Nadu",Virudhunagar,"Aruppukottai(Uzhavar Sandhai ) APMC",Cucumbar(Kheera),Cucumbar,Local,28/03/2026,5500,6000,5750
"Tamil Nadu",Virudhunagar,"Aruppukottai(Uzhavar Sandhai ) APMC","Green Avare(W)","Green Avare (W)",Local,28/03/2026,7000,8000,7500
"Tamil Nadu",Virudhunagar,"Aruppukottai(Uzhavar Sandhai ) APMC","Tender Coconut","Tender Coconut",Local,28/03/2026,4500,5000,4750
"Tamil Nadu",Virudhunagar,"Aruppukottai(Uzhavar Sandhai ) APMC","Elephant Yam(Suran)/Amorphophallus","Elephant Yam (Suran)",Local,28/03/2026,3500,4000,3750
"Tamil Nadu",Virudhunagar,"Aruppukottai(Uzhavar Sandhai ) APMC","Indian Beans(Seam)","Indian Beans (Seam)",Local,28/03/2026,4500,5000,4750
"Tamil Nadu",Virudhunagar,"Aruppukottai(Uzhavar Sandhai ) APMC",Colacasia,Colacasia,Local,28/03/2026,6500,7000,6750
"Tamil Nadu",Virudhunagar,"Aruppukottai(Uzhavar Sandhai ) APMC","Onion Green","Onion Green",Local,28/03/2026,3500,4000,3750
"Tamil Nadu",Virudhunagar,"Rajapalayam(Uzhavar Sandhai ) APMC","Bottle gourd","Bottle Gourd",Local,28/03/2026,800,1000,900
"Tamil Nadu",Virudhunagar,"Rajapalayam(Uzhavar Sandhai ) APMC",Amaranthus,Amaranthus,Local,28/03/2026,2500,3000,2750
"Tamil Nadu",Virudhunagar,"Rajapalayam(Uzhavar Sandhai ) APMC","Banana - Green","Banana - Green",Local,28/03/2026,3000,3500,3250
"Tamil Nadu",Virudhunagar,"Rajapalayam(Uzhavar Sandhai ) APMC",Carrot,Pusakesar,Local,28/03/2026,3000,3500,3250
"Tamil Nadu",Virudhunagar,"Rajapalayam(Uzhavar Sandhai ) APMC",Beetroot,Beetroot,Local,28/03/2026,2500,3200,2850
"Tamil Nadu",Virudhunagar,"Rajapalayam(Uzhavar Sandhai ) APMC",Raddish,Raddish,Local,28/03/2026,2500,3000,2750
"Tamil Nadu",Virudhunagar,"Rajapalayam(Uzhavar Sandhai ) APMC","Knool Khol","Knool Khol",Local,28/03/2026,3500,4000,3750
"Tamil Nadu",Virudhunagar,"Rajapalayam(Uzhavar Sandhai ) APMC",Lemon,Lemon,Local,28/03/2026,12000,14000,13000
"Tamil Nadu",Virudhunagar,"Rajapalayam(Uzhavar Sandhai ) APMC",Mint(Pudina),Mint(Pudina),Local,28/03/2026,3500,4000,3750
"Tamil Nadu",Virudhunagar,"Sivakasi(Uzhavar Sandhai ) APMC",Beans,"Beans (Whole)",Local,28/03/2026,6500,7000,6750
"Tamil Nadu",Virudhunagar,"Sivakasi(Uzhavar Sandhai ) APMC",Ginger(Green),"Green Ginger",Local,28/03/2026,7500,8000,7750
"Tamil Nadu",Virudhunagar,"Sivakasi(Uzhavar Sandhai ) APMC",Carrot,Pusakesar,Local,28/03/2026,3500,4000,3750
"Tamil Nadu",Virudhunagar,"Sivakasi(Uzhavar Sandhai ) APMC",Cabbage,Cabbage,Local,28/03/2026,2200,2500,2350
"Tamil Nadu",Virudhunagar,"Sivakasi(Uzhavar Sandhai ) APMC",Beetroot,Beetroot,Local,28/03/2026,2500,3000,2750
"Tamil Nadu",Virudhunagar,"Sathur(Uzhavar Sandhai ) APMC",Brinjal,Round,Local,28/03/2026,3500,4000,3750
"Tamil Nadu",Virudhunagar,"Sathur(Uzhavar Sandhai ) APMC","Bitter gourd","Bitter Gourd",Local,28/03/2026,4500,5000,4750
"Tamil Nadu",Virudhunagar,"Sathur(Uzhavar Sandhai ) APMC",Coconut,Coconut,Local,28/03/2026,5500,6000,5750
"Tamil Nadu",Virudhunagar,"Sathur(Uzhavar Sandhai ) APMC",Cabbage,Cabbage,Local,28/03/2026,2000,2500,2250
"Tamil Nadu",Virudhunagar,"Sathur(Uzhavar Sandhai ) APMC",Ridgeguard(Tori),Ridgeguard(Tori),Local,28/03/2026,4500,5000,4750
"Tamil Nadu",Virudhunagar,"Sathur(Uzhavar Sandhai ) APMC",Raddish,Raddish,Local,28/03/2026,2500,3000,2750
"Tamil Nadu",Virudhunagar,"Sathur(Uzhavar Sandhai ) APMC",Mint(Pudina),Mint(Pudina),Local,28/03/2026,3000,3500,3250
"Tamil Nadu",Virudhunagar,"Kariyapatti(Uzhavar Sandhai ) APMC","Green Peas","Green Peas",Local,28/03/2026,6500,7000,6750
"Tamil Nadu",Virudhunagar,"Kariyapatti(Uzhavar Sandhai ) APMC","Bitter gourd","Bitter Gourd",Local,28/03/2026,4500,5000,4750
"Tamil Nadu",Virudhunagar,"Kariyapatti(Uzhavar Sandhai ) APMC",Ashgourd,Gouard,Local,28/03/2026,1500,2000,1750
"Tamil Nadu",Virudhunagar,"Kariyapatti(Uzhavar Sandhai ) APMC","Green Chilli","Green Chilly",Local,28/03/2026,4500,5000,4750
"Tamil Nadu",Virudhunagar,"Kariyapatti(Uzhavar Sandhai ) APMC",Ginger(Green),"Green Ginger",Local,28/03/2026,7500,8000,7750
"Tamil Nadu",Virudhunagar,"Kariyapatti(Uzhavar Sandhai ) APMC",Carrot,Pusakesar,Local,28/03/2026,4500,5000,4750
"Tamil Nadu",Virudhunagar,"Kariyapatti(Uzhavar Sandhai ) APMC",Snakeguard,Snakeguard,Local,28/03/2026,2500,3000,2750
"Tamil Nadu",Virudhunagar,"Kariyapatti(Uzhavar Sandhai ) APMC",Raddish,Raddish,Local,28/03/2026,2500,3000,2750
"Tamil Nadu",Virudhunagar,"Kariyapatti(Uzhavar Sandhai ) APMC","Green Avare(W)","Green Avare (W)",Local,28/03/2026,7500,8000,7750
"Tamil Nadu",Virudhunagar,"Kariyapatti(Uzhavar Sandhai ) APMC",Drumstick,Drumstick,Local,28/03/2026,3500,4000,3750
"Tamil Nadu",Virudhunagar,"Kariyapatti(Uzhavar Sandhai ) APMC",Lime,Lime,Local,28/03/2026,15000,16000,15500
"Tamil Nadu",Virudhunagar,"Thalavaipuram(Uzhavar Sandhai ) APMC",Coconut,Coconut,Local,28/03/2026,4500,5500,5000
"Tamil Nadu",Virudhunagar,"Thalavaipuram(Uzhavar Sandhai ) APMC",Lime,Lime,Local,28/03/2026,13000,16000,14500
"Tamil Nadu",Chengalpattu,"Jameenrayapettai(Uzhavar Sandhai ) APMC",Banana,"Red Banana",Local,28/03/2026,8000,9000,8500
"Tamil Nadu",Chengalpattu,"Jameenrayapettai(Uzhavar Sandhai ) APMC",Brinjal,Round,Local,28/03/2026,3500,4000,3750
"Tamil Nadu",Chengalpattu,"Jameenrayapettai(Uzhavar Sandhai ) APMC","Bottle gourd","Bottle Gourd",Local,28/03/2026,3500,4000,3750
"Tamil Nadu",Ranipet,"Ranipettai(Uzhavar Sandhai ) APMC",Brinjal,Other,Local,28/03/2026,2500,2800,2650
"Tamil Nadu",Ranipet,"Ranipettai(Uzhavar Sandhai ) APMC","Bhindi(Ladies Finger)",Bhindi,Local,28/03/2026,3000,3500,3250
"Tamil Nadu",Ranipet,"Ranipettai(Uzhavar Sandhai ) APMC","Betal Leaves",Mysore,Local,28/03/2026,15000,16000,15500
"Tamil Nadu",Ranipet,"Ranipettai(Uzhavar Sandhai ) APMC","Knool Khol","Knool Khol",Local,28/03/2026,2800,2800,2800
"Tamil Nadu",Ranipet,"Ranipettai(Uzhavar Sandhai ) APMC","Tender Coconut","Tender Coconut",Local,28/03/2026,2500,3000,2750
"Tamil Nadu",Ranipet,"Ranipettai(Uzhavar Sandhai ) APMC","Elephant Yam(Suran)/Amorphophallus","Elephant Yam (Suran)",Local,28/03/2026,3000,4000,3500
"Tamil Nadu",Ranipet,"Ranipettai(Uzhavar Sandhai ) APMC",Mint(Pudina),Mint(Pudina),Local,28/03/2026,2000,2000,2000
"Tamil Nadu",Ranipet,"Arcot(Uzhavar Sandhai ) APMC",Potato,"Red Nanital",Local,28/03/2026,2400,2400,2400
"Tamil Nadu",Ranipet,"Arcot(Uzhavar Sandhai ) APMC","Bitter gourd","Bitter Gourd",Local,28/03/2026,4000,4000,4000
"Tamil Nadu",Ranipet,"Arcot(Uzhavar Sandhai ) APMC",Beans,"Beans (Whole)",Local,28/03/2026,6000,6000,6000
"Tamil Nadu",Ranipet,"Arcot(Uzhavar Sandhai ) APMC","Knool Khol","Knool Khol",Local,28/03/2026,2400,2400,2400
"Tamil Nadu",Ranipet,"Arcot(Uzhavar Sandhai ) APMC","Tender Coconut","Tender Coconut",Local,28/03/2026,2500,3000,2750
"Tamil Nadu",Ranipet,"Arcot(Uzhavar Sandhai ) APMC",Colacasia,Colacasia,Local,28/03/2026,3000,3000,3000
"Tamil Nadu",Ranipet,"Arcot(Uzhavar Sandhai ) APMC","Onion Green","Onion Green",Local,28/03/2026,4000,4000,4000
"Tamil Nadu",Thirupur,"Palladam(Uzhavar Sandhai ) APMC",Papaya,Papaya,Local,28/03/2026,2500,3000,2750
"Tamil Nadu",Thirupur,"Palladam(Uzhavar Sandhai ) APMC","Bottle gourd","Bottle Gourd",Local,28/03/2026,1500,1800,1650
"Tamil Nadu",Thirupur,"Palladam(Uzhavar Sandhai ) APMC",Cabbage,Cabbage,Local,28/03/2026,2000,2500,2250
"Tamil Nadu",Thirupur,"Palladam(Uzhavar Sandhai ) APMC",Snakeguard,Snakeguard,Local,28/03/2026,2500,3000,2750
"Tamil Nadu",Thirupur,"Palladam(Uzhavar Sandhai ) APMC",Ridgeguard(Tori),Ridgeguard(Tori),Local,28/03/2026,4500,5000,4750
"Tamil Nadu",Thirupur,"Palladam(Uzhavar Sandhai ) APMC","Green Avare(W)",Other,Local,28/03/2026,5500,6000,5750
"Tamil Nadu",Thirupur,"Tiruppur (South) (Uzhavar Sandhai ) APMC",Banana,"Red Banana",Local,28/03/2026,6000,7000,6500
"Tamil Nadu",Thirupur,"Tiruppur (South) (Uzhavar Sandhai ) APMC",Onion,Bellary,Local,28/03/2026,1500,2000,1750
"Tamil Nadu",Thirupur,"Tiruppur (South) (Uzhavar Sandhai ) APMC",Tomato,Local,Local,28/03/2026,1200,1400,1300
"Tamil Nadu",Thirupur,"Tiruppur (South) (Uzhavar Sandhai ) APMC","Cluster beans","Cluster Beans",Local,28/03/2026,2500,3000,2750
"Tamil Nadu",Thirupur,"Tiruppur (South) (Uzhavar Sandhai ) APMC","Green Chilli","Green Chilly",Local,28/03/2026,4000,5000,4500
"Tamil Nadu",Thirupur,"Tiruppur (South) (Uzhavar Sandhai ) APMC",Cabbage,Cabbage,Local,28/03/2026,1500,2000,1750
"Tamil Nadu",Thirupur,"Tiruppur (South) (Uzhavar Sandhai ) APMC",Thondekai,Thondekai,Local,28/03/2026,3000,4000,3500
"Tamil Nadu",Thirupur,"Tiruppur (South) (Uzhavar Sandhai ) APMC",Mango(Raw-Ripe),"Mango - Raw-Ripe",Local,28/03/2026,4000,5000,4500
"Tamil Nadu",Thirupur,"Tiruppur (South) (Uzhavar Sandhai ) APMC","Elephant Yam(Suran)/Amorphophallus","Elephant Yam (Suran)",Local,28/03/2026,3000,4000,3500
"Tamil Nadu",Thirupur,"Dharapuram(Uzhavar Sandhai ) APMC",Potato,Other,Local,28/03/2026,4500,5000,4750
"Tamil Nadu",Thirupur,"Dharapuram(Uzhavar Sandhai ) APMC",Brinjal,Round,Local,28/03/2026,3500,4000,3750
"Tamil Nadu",Thirupur,"Dharapuram(Uzhavar Sandhai ) APMC","Bitter gourd","Bitter Gourd",Local,28/03/2026,4500,5000,4750
"Tamil Nadu",Thirupur,"Dharapuram(Uzhavar Sandhai ) APMC",Ashgourd,Gouard,Local,28/03/2026,1500,2000,1750
"Tamil Nadu",Thirupur,"Dharapuram(Uzhavar Sandhai ) APMC",Cowpea(Veg),"Cowpea (Veg)",Local,28/03/2026,3000,3500,3250
"Tamil Nadu",Thirupur,"Dharapuram(Uzhavar Sandhai ) APMC",Cabbage,Cabbage,Local,28/03/2026,2500,3000,2750
"Tamil Nadu",Thirupur,"Dharapuram(Uzhavar Sandhai ) APMC","Green Avare(W)","Green Avare (W)",Local,28/03/2026,6000,6500,6250
"Tamil Nadu",Thirupur,"Dharapuram(Uzhavar Sandhai ) APMC",Guava,"Guava Allahabad",Local,28/03/2026,4500,5000,4750
"Tamil Nadu",Thirupur,"Dharapuram(Uzhavar Sandhai ) APMC",Lemon,Lemon,Local,28/03/2026,14000,15000,14500
"Tamil Nadu",Thirupur,"Dharapuram(Uzhavar Sandhai ) APMC","Amla(Nelli Kai)",Amla,Local,28/03/2026,4500,5000,4750
"Tamil Nadu",Thirupur,"Dharapuram(Uzhavar Sandhai ) APMC","Onion Green","Onion Green",Local,28/03/2026,3200,3800,3500
"Tamil Nadu",Thirupur,"Tiruppur (North) (Uzhavar Sandhai ) APMC","Bitter gourd",Other,Local,28/03/2026,4500,5000,4750
"Tamil Nadu",Thirupur,"Tiruppur (North) (Uzhavar Sandhai ) APMC","Banana - Green","Banana - Green",Local,28/03/2026,2500,3000,2750
"Tamil Nadu",Thirupur,"Tiruppur (North) (Uzhavar Sandhai ) APMC",Beans,"Beans (Whole)",Local,28/03/2026,6500,7000,6750
"Tamil Nadu",Thirupur,"Tiruppur (North) (Uzhavar Sandhai ) APMC","Sweet Potato","Hosur Red",Local,28/03/2026,4500,5000,4750
"Tamil Nadu",Thirupur,"Tiruppur (North) (Uzhavar Sandhai ) APMC",Snakeguard,Snakeguard,Local,28/03/2026,2000,2500,2250
"Tamil Nadu",Thirupur,"Tiruppur (North) (Uzhavar Sandhai ) APMC",Raddish,Raddish,Local,28/03/2026,2000,2500,2250
"Tamil Nadu",Thirupur,"Tiruppur (North) (Uzhavar Sandhai ) APMC","Green Avare(W)",Other,Local,28/03/2026,6500,7000,6750
"Tamil Nadu",Thirupur,"Tiruppur (North) (Uzhavar Sandhai ) APMC","Tamarind Fruit","Tamarind Fruit",Local,28/03/2026,12000,13000,12500
"Tamil Nadu",Thirupur,"Kangayam(Uzhavar Sandhai ) APMC",Papaya,Papaya,Local,28/03/2026,2500,3000,2750
"Tamil Nadu",Thirupur,"Kangayam(Uzhavar Sandhai ) APMC","Bhindi(Ladies Finger)",Bhindi,Local,28/03/2026,7000,7600,7300
"Tamil Nadu",Thirupur,"Kangayam(Uzhavar Sandhai ) APMC",Raddish,Raddish,Local,28/03/2026,2500,2800,2650
"Tamil Nadu",Kallakuruchi,"Kallakurichi(Uzhavar Sandhai ) APMC",Garlic,Garlic,Local,28/03/2026,15000,15000,15000
"Tamil Nadu",Kallakuruchi,"Kallakurichi(Uzhavar Sandhai ) APMC",Cauliflower,Ranchi,Local,28/03/2026,4000,4000,4000
"Tamil Nadu",Kallakuruchi,"Kallakurichi(Uzhavar Sandhai ) APMC",Coriander(Leaves),"I Sort",Local,28/03/2026,6000,6000,6000
"Tamil Nadu",Kallakuruchi,"Kallakurichi(Uzhavar Sandhai ) APMC","Bottle gourd","Bottle Gourd",Local,28/03/2026,1500,1500,1500
"Tamil Nadu",Kallakuruchi,"Kallakurichi(Uzhavar Sandhai ) APMC","Bhindi(Ladies Finger)",Bhindi,Local,28/03/2026,4000,4000,4000
"Tamil Nadu",Kallakuruchi,"Kallakurichi(Uzhavar Sandhai ) APMC","Green Chilli","Green Chilly",Local,28/03/2026,5000,5000,5000
"Tamil Nadu",Kallakuruchi,"Kallakurichi(Uzhavar Sandhai ) APMC",Carrot,Pusakesar,Local,28/03/2026,4000,4000,4000
"Tamil Nadu",Kallakuruchi,"Kallakurichi(Uzhavar Sandhai ) APMC",Cabbage,Cabbage,Local,28/03/2026,3000,3000,3000
"Tamil Nadu",Kallakuruchi,"Kallakurichi(Uzhavar Sandhai ) APMC",Snakeguard,Snakeguard,Local,28/03/2026,3000,3000,3000
"Tamil Nadu",Kallakuruchi,"Kallakurichi(Uzhavar Sandhai ) APMC",Beetroot,Beetroot,Local,28/03/2026,4000,4000,4000
"Tamil Nadu",Kallakuruchi,"Kallakurichi(Uzhavar Sandhai ) APMC",Mango(Raw-Ripe),"Mango - Raw-Ripe",Local,28/03/2026,6000,6000,6000
"Tamil Nadu",Kallakuruchi,"Kallakurichi(Uzhavar Sandhai ) APMC","Tender Coconut","Tender Coconut",Local,28/03/2026,3000,3000,3000
"Tamil Nadu",Kallakuruchi,"Kallakurichi(Uzhavar Sandhai ) APMC",Lemon,Lemon,Local,28/03/2026,10000,10000,10000
"Tamil Nadu",Kallakuruchi,"Kallakurichi(Uzhavar Sandhai ) APMC",Mashrooms,Mashrooms,Local,28/03/2026,20000,20000,20000
"Tamil Nadu",Kallakuruchi,"Sankarapuram(Uzhavar Sandhai ) APMC",Potato,"Red Nanital",Local,28/03/2026,3500,3500,3500
"Tamil Nadu",Kallakuruchi,"Sankarapuram(Uzhavar Sandhai ) APMC",Brinjal,Round,Local,28/03/2026,3000,4000,3500
"Tamil Nadu",Kallakuruchi,"Sankarapuram(Uzhavar Sandhai ) APMC",Papaya,Papaya,Local,28/03/2026,2500,2500,2500
"Tamil Nadu",Kallakuruchi,"Sankarapuram(Uzhavar Sandhai ) APMC","Cluster beans","Cluster Beans",Local,28/03/2026,5000,5000,5000
"Tamil Nadu",Kallakuruchi,"Sankarapuram(Uzhavar Sandhai ) APMC",Pumpkin,Pumpkin,Local,28/03/2026,3000,3000,3000
"Tamil Nadu",Kallakuruchi,"Sankarapuram(Uzhavar Sandhai ) APMC",Amaranthus,Amaranthus,Local,28/03/2026,4000,4000,4000
"Tamil Nadu",Kallakuruchi,"Sankarapuram(Uzhavar Sandhai ) APMC","Banana - Green","Banana - Green",Local,28/03/2026,3000,3000,3000
"Tamil Nadu",Kallakuruchi,"Sankarapuram(Uzhavar Sandhai ) APMC",Coconut,Coconut,Local,28/03/2026,2500,3000,2750
"Tamil Nadu",Kallakuruchi,"Sankarapuram(Uzhavar Sandhai ) APMC",Drumstick,Drumstick,Local,28/03/2026,3000,3000,3000
"Tamil Nadu",Kallakuruchi,"Sankarapuram(Uzhavar Sandhai ) APMC",Mango(Raw-Ripe),"Mango - Raw-Ripe",Local,28/03/2026,8000,8000,8000
"Tamil Nadu",Kallakuruchi,"Sankarapuram(Uzhavar Sandhai ) APMC",Guava,"Guava Allahabad",Local,28/03/2026,5000,5000,5000
"Tamil Nadu",Kallakuruchi,"Sankarapuram(Uzhavar Sandhai ) APMC",Yam(Ratalu),"Yam (Ratalu)",Local,28/03/2026,4000,4000,4000
"Tamil Nadu",Kallakuruchi,"Sankarapuram(Uzhavar Sandhai ) APMC","Indian Beans(Seam)","Indian Beans (Seam)",Local,28/03/2026,4000,4000,4000
"Tamil Nadu",Kallakuruchi,"Sankarapuram(Uzhavar Sandhai ) APMC","Amla(Nelli Kai)",Amla,Local,28/03/2026,8000,8000,8000
"Tamil Nadu",Tuticorin,"Tuticorin(Uzhavar Sandhai ) APMC","Bhindi(Ladies Finger)",Bhindi,Local,28/03/2026,4500,5000,4750
"Tamil Nadu",Tuticorin,"Tuticorin(Uzhavar Sandhai ) APMC",Amaranthus,Amaranthus,Local,28/03/2026,800,1000,900
"Tamil Nadu",Tuticorin,"Tuticorin(Uzhavar Sandhai ) APMC",Cowpea(Veg),"Cowpea (Veg)",Local,28/03/2026,3000,4000,3500
"Tamil Nadu",Tuticorin,"Tuticorin(Uzhavar Sandhai ) APMC",Ginger(Green),"Green Ginger",Local,28/03/2026,9000,10000,9500
"Tamil Nadu",Tuticorin,"Tuticorin(Uzhavar Sandhai ) APMC","Sweet Potato","Hosur Red",Local,28/03/2026,3500,4000,3750
"Tamil Nadu",Tuticorin,"Tuticorin(Uzhavar Sandhai ) APMC",Carrot,Pusakesar,Local,28/03/2026,5000,6000,5500
"Tamil Nadu",Tuticorin,"Tuticorin(Uzhavar Sandhai ) APMC",Cabbage,Cabbage,Local,28/03/2026,2500,3000,2750
"Tamil Nadu",Tuticorin,"Tuticorin(Uzhavar Sandhai ) APMC",Cucumbar(Kheera),Cucumbar,Local,28/03/2026,4500,5000,4750
"Tamil Nadu",Tuticorin,"Tuticorin(Uzhavar Sandhai ) APMC","Chow Chow","Chow Chow",Local,28/03/2026,2500,3000,2750
"Tamil Nadu",Tuticorin,"Tuticorin(Uzhavar Sandhai ) APMC",Lemon,Lemon,Local,28/03/2026,13000,14000,13500
"Tamil Nadu",Tuticorin,"Tuticorin(Uzhavar Sandhai ) APMC",Mint(Pudina),Mint(Pudina),Local,28/03/2026,3500,4000,3750
"Tamil Nadu","Nagercoil (Kannyiakumari)","Vadaseri APMC",Onion,Bellary,Local,28/03/2026,2800,3000,2900
"Tamil Nadu","Nagercoil (Kannyiakumari)","Vadaseri APMC",Pumpkin,Pumpkin,Local,28/03/2026,1300,1500,1400
"Tamil Nadu","Nagercoil (Kannyiakumari)","Vadaseri APMC","Bhindi(Ladies Finger)",Bhindi,Local,28/03/2026,6000,6500,6250
"Tamil Nadu","Nagercoil (Kannyiakumari)","Vadaseri APMC",Tapioca,Tapioca,Local,28/03/2026,3500,4000,3750
"Tamil Nadu","Nagercoil (Kannyiakumari)","Vadaseri APMC",Beetroot,Beetroot,Local,28/03/2026,3300,3800,3550
"Tamil Nadu","Nagercoil (Kannyiakumari)","Vadaseri APMC",Mango(Raw-Ripe),"Mango - Raw-Ripe",Local,28/03/2026,3000,3500,3250
"Tamil Nadu","Nagercoil (Kannyiakumari)","Vadaseri APMC",Kakada,Kakada,Local,28/03/2026,120000,125000,122500
"Tamil Nadu",Pudukkottai,"Karambakkudi(Uzhavar Sandhai ) APMC",Banana,Other,Local,28/03/2026,7000,8000,7500
"Tamil Nadu",Pudukkottai,"Karambakkudi(Uzhavar Sandhai ) APMC",Brinjal,Other,Local,28/03/2026,3500,4000,3750
"Tamil Nadu",Pudukkottai,"Karambakkudi(Uzhavar Sandhai ) APMC",Coriander(Leaves),"I Sort",Local,28/03/2026,5000,6000,5500
"Tamil Nadu",Pudukkottai,"Karambakkudi(Uzhavar Sandhai ) APMC","Bitter gourd",Other,Local,28/03/2026,3000,3500,3250
"Tamil Nadu",Pudukkottai,"Karambakkudi(Uzhavar Sandhai ) APMC","Green Chilli","Green Chilly",Local,28/03/2026,3500,4000,3750
"Tamil Nadu",Pudukkottai,"Karambakkudi(Uzhavar Sandhai ) APMC",Ridgeguard(Tori),Ridgeguard(Tori),Local,28/03/2026,2500,3000,2750
"Tamil Nadu",Pudukkottai,"Karambakkudi(Uzhavar Sandhai ) APMC",Raddish,Raddish,Local,28/03/2026,1500,2000,1750
"Tamil Nadu",Pudukkottai,"Karambakkudi(Uzhavar Sandhai ) APMC",Drumstick,Drumstick,Local,28/03/2026,3500,4000,3750
"Madhya Pradesh",Bhind,"Gohad APMC",Wheat,Wheat,Non-FAQ,28/03/2026,2300,2300,2300
"Tamil Nadu",Salem,"Ammapet(Uzhavar Sandhai ) APMC",Mango,Other,Local,28/03/2026,18000,20000,19000
"Tamil Nadu",Salem,"Ammapet(Uzhavar Sandhai ) APMC",Chikoos(Sapota),Sapota,Local,28/03/2026,3500,4000,3750
"Tamil Nadu",Salem,"Ammapet(Uzhavar Sandhai ) APMC",Papaya,Papaya,Local,28/03/2026,2500,3000,2750
"Tamil Nadu",Salem,"Ammapet(Uzhavar Sandhai ) APMC",Beans,"Beans (Whole)",Local,28/03/2026,6500,7000,6750
"Tamil Nadu",Salem,"Ammapet(Uzhavar Sandhai ) APMC",Tapioca,Tapioca,Local,28/03/2026,2500,3000,2750
"Tamil Nadu",Salem,"Ammapet(Uzhavar Sandhai ) APMC",Coconut,Coconut,Local,28/03/2026,4000,5000,4500
"Tamil Nadu",Salem,"Ammapet(Uzhavar Sandhai ) APMC",Cabbage,Cabbage,Local,28/03/2026,2000,2500,2250
"Tamil Nadu",Salem,"Ammapet(Uzhavar Sandhai ) APMC",Raddish,Raddish,Local,28/03/2026,2000,2400,2200
"Tamil Nadu",Salem,"Ammapet(Uzhavar Sandhai ) APMC",Mango(Raw-Ripe),"Mango - Raw-Ripe",Local,28/03/2026,4000,5000,4500
"Tamil Nadu",Salem,"Ammapet(Uzhavar Sandhai ) APMC","Knool Khol","Knool Khol",Local,28/03/2026,3500,4000,3750
"Tamil Nadu",Salem,"Ammapet(Uzhavar Sandhai ) APMC",Lemon,Lemon,Local,28/03/2026,9000,10000,9500
"Tamil Nadu",Salem,"Ammapet(Uzhavar Sandhai ) APMC",Rose(Local),"Rose (Local)",Local,28/03/2026,10000,12000,11000
"Tamil Nadu",Salem,"Athur(Uzhavar Sandhai ) APMC",Coconut,Coconut,Local,28/03/2026,5000,5500,5250
"Tamil Nadu",Salem,"Athur(Uzhavar Sandhai ) APMC",Carrot,Pusakesar,Local,28/03/2026,3500,5000,4250
"Tamil Nadu",Salem,"Athur(Uzhavar Sandhai ) APMC",Cucumbar(Kheera),Cucumbar,Local,28/03/2026,5000,6000,5500
"Tamil Nadu",Salem,"Athur(Uzhavar Sandhai ) APMC",Drumstick,Drumstick,Local,28/03/2026,2000,2500,2250
"Tamil Nadu",Theni,"Periyakulam(Uzhavar Sandhai ) APMC",Banana,Karpura,Local,28/03/2026,4500,5000,4750
"Tamil Nadu",Theni,"Periyakulam(Uzhavar Sandhai ) APMC",Cauliflower,Ranchi,Local,28/03/2026,1500,2000,1750
"Tamil Nadu",Theni,"Periyakulam(Uzhavar Sandhai ) APMC",Brinjal,Other,Local,28/03/2026,2200,2400,2300
"Tamil Nadu",Theni,"Periyakulam(Uzhavar Sandhai ) APMC","Bhindi(Ladies Finger)",Bhindi,Local,28/03/2026,5800,6000,5900
"Tamil Nadu",Theni,"Periyakulam(Uzhavar Sandhai ) APMC",Ginger(Green),"Green Ginger",Local,28/03/2026,6000,6400,6200
"Tamil Nadu",Theni,"Periyakulam(Uzhavar Sandhai ) APMC",Coconut,Coconut,Local,28/03/2026,4400,4600,4500
"Tamil Nadu",Theni,"Periyakulam(Uzhavar Sandhai ) APMC","Knool Khol","Knool Khol",Local,28/03/2026,3000,3200,3100
"Tamil Nadu",Theni,"Periyakulam(Uzhavar Sandhai ) APMC",Yam(Ratalu),"Yam (Ratalu)",Local,28/03/2026,4800,5000,4900
"Tamil Nadu",Vellore,"Thirupathur APMC",Garlic,Garlic,Local,28/03/2026,17500,17500,17500
"Tamil Nadu",Vellore,"Thirupathur APMC",Cauliflower,Ranchi,Local,28/03/2026,2500,2500,2500
"Tamil Nadu",Vellore,"Thirupathur APMC","Green Peas","Green Peas",Local,28/03/2026,5000,5000,5000
"Tamil Nadu",Vellore,"Thirupathur APMC",Papaya,Papaya,Local,28/03/2026,4000,4000,4000
"Tamil Nadu",Vellore,"Thirupathur APMC",Beans,"Beans (Whole)",Local,28/03/2026,4500,4500,4500
"Tamil Nadu",Vellore,"Thirupathur APMC",Cabbage,Cabbage,Local,28/03/2026,2500,2500,2500
"Tamil Nadu",Vellore,"Thirupathur APMC","Knool Khol","Knool Khol",Local,28/03/2026,3500,3500,3500
"Tamil Nadu",Vellore,"Thirupathur APMC",Guava,"Guava Allahabad",Local,28/03/2026,5000,5000,5000
"Tamil Nadu",Vellore,"Thirupathur APMC",Yam(Ratalu),"Yam (Ratalu)",Local,28/03/2026,4000,4000,4000
"Tamil Nadu",Vellore,"Thirupathur APMC","Amla(Nelli Kai)",Amla,Local,28/03/2026,6000,6000,6000
"Tamil Nadu",Dharmapuri,"Harur(Uzhavar Sandhai ) APMC",Groundnut,"Big (With Shell)",Local,28/03/2026,6000,7000,6500
"Tamil Nadu",Dharmapuri,"Harur(Uzhavar Sandhai ) APMC",Cauliflower,Ranchi,Local,28/03/2026,3000,3500,3250
"Tamil Nadu",Dharmapuri,"Harur(Uzhavar Sandhai ) APMC",Tomato,Local,Local,28/03/2026,1000,1200,1100
"Tamil Nadu",Dharmapuri,"Harur(Uzhavar Sandhai ) APMC","Green Chilli","Green Chilly",Local,28/03/2026,4000,4400,4200
"Tamil Nadu",Dharmapuri,"Harur(Uzhavar Sandhai ) APMC",Beans,"Beans (Whole)",Local,28/03/2026,7000,8000,7500
"Tamil Nadu",Dharmapuri,"Harur(Uzhavar Sandhai ) APMC",Carrot,Pusakesar,Local,28/03/2026,3500,4000,3750
"Tamil Nadu",Dharmapuri,"Harur(Uzhavar Sandhai ) APMC",Beetroot,Beetroot,Local,28/03/2026,3500,4000,3750
"Tamil Nadu",Dharmapuri,"Harur(Uzhavar Sandhai ) APMC",Cucumbar(Kheera),Cucumbar,Local,28/03/2026,3500,4000,3750
"Tamil Nadu",Dharmapuri,"Harur(Uzhavar Sandhai ) APMC","Chow Chow","Chow Chow",Local,28/03/2026,2500,3000,2750
"Tamil Nadu",Dharmapuri,"Harur(Uzhavar Sandhai ) APMC","Knool Khol","Knool Khol",Local,28/03/2026,3500,4000,3750
"Tamil Nadu",Dharmapuri,"Harur(Uzhavar Sandhai ) APMC","Elephant Yam(Suran)/Amorphophallus","Elephant Yam (Suran)",Local,28/03/2026,3000,3500,3250
"Tamil Nadu",Dharmapuri,"Harur(Uzhavar Sandhai ) APMC","Onion Green","Onion Green",Local,28/03/2026,2500,3000,2750
"Tamil Nadu","The Nilgiris","Coonoor(Uzhavar Sandhai ) APMC",Amaranthus,Amaranthus,Local,28/03/2026,5500,6000,5750
"Tamil Nadu","The Nilgiris","Coonoor(Uzhavar Sandhai ) APMC",Coconut,Coconut,Local,28/03/2026,5000,5400,5200
"Tamil Nadu","The Nilgiris","Coonoor(Uzhavar Sandhai ) APMC",Beetroot,Beetroot,Local,28/03/2026,3000,3500,3250
"Tamil Nadu","The Nilgiris","Coonoor(Uzhavar Sandhai ) APMC",Cucumbar(Kheera),Cucumbar,Local,28/03/2026,4500,5000,4750
"Tamil Nadu","The Nilgiris","Coonoor(Uzhavar Sandhai ) APMC",Raddish,Raddish,Local,28/03/2026,2000,2500,2250
"Tamil Nadu","The Nilgiris","Coonoor(Uzhavar Sandhai ) APMC","Green Avare(W)",Other,Local,28/03/2026,5000,5500,5250
"Tamil Nadu","The Nilgiris","Gudalur(Uzhavar Sandhai ) APMC",Brinjal,Round,Local,28/03/2026,2500,3000,2750
"Tamil Nadu","The Nilgiris","Gudalur(Uzhavar Sandhai ) APMC",Pumpkin,Pumpkin,Local,28/03/2026,1500,2000,1750
"Tamil Nadu","The Nilgiris","Gudalur(Uzhavar Sandhai ) APMC",Cabbage,Cabbage,Local,28/03/2026,1500,2000,1750
"Tamil Nadu","The Nilgiris","Gudalur(Uzhavar Sandhai ) APMC",Snakeguard,Snakeguard,Local,28/03/2026,2500,3000,2750
"Tamil Nadu","The Nilgiris","Gudalur(Uzhavar Sandhai ) APMC",Lemon,Lemon,Local,28/03/2026,13000,14000,13500
"Tamil Nadu","The Nilgiris","Gudalur(Uzhavar Sandhai ) APMC",Turnip,Turnip,Local,28/03/2026,2000,2500,2250
"Tamil Nadu",Theni,"Andipatti(Uzhavar Sandhai ) APMC",Banana,Karpura,Local,28/03/2026,4500,5000,4750
"Tamil Nadu",Theni,"Andipatti(Uzhavar Sandhai ) APMC","Bottle gourd","Bottle Gourd",Local,28/03/2026,1200,1600,1400
"Tamil Nadu",Theni,"Andipatti(Uzhavar Sandhai ) APMC",Amaranthus,Amaranthus,Local,28/03/2026,2000,2500,2250
"Tamil Nadu",Theni,"Andipatti(Uzhavar Sandhai ) APMC","Green Chilli","Green Chilly",Local,28/03/2026,3000,3500,3250
"Tamil Nadu",Theni,"Andipatti(Uzhavar Sandhai ) APMC",Cabbage,Cabbage,Local,28/03/2026,1600,1800,1700
"Tamil Nadu",Theni,"Andipatti(Uzhavar Sandhai ) APMC",Ridgeguard(Tori),Ridgeguard(Tori),Local,28/03/2026,3000,3200,3100
"Tamil Nadu",Theni,"Andipatti(Uzhavar Sandhai ) APMC","Indian Beans(Seam)","Indian Beans (Seam)",Local,28/03/2026,4500,5000,4750
"Tamil Nadu",Theni,"Andipatti(Uzhavar Sandhai ) APMC",Lemon,Lemon,Local,28/03/2026,11000,12000,11500
"Tamil Nadu",Theni,"Andipatti(Uzhavar Sandhai ) APMC",Turnip,Turnip,Local,28/03/2026,2800,3000,2900
"Tamil Nadu",Theni,"Andipatti(Uzhavar Sandhai ) APMC","Onion Green","Onion Green",Local,28/03/2026,3000,3600,3300
"Tamil Nadu",Virudhunagar,"Srivilliputhur(Uzhavar Sandhai ) APMC",Coriander(Leaves),"I Sort",Local,28/03/2026,3500,4000,3750
"Tamil Nadu",Virudhunagar,"Srivilliputhur(Uzhavar Sandhai ) APMC",Tomato,Deshi,Local,28/03/2026,1500,2000,1750
"Tamil Nadu",Virudhunagar,"Srivilliputhur(Uzhavar Sandhai ) APMC","Bottle gourd","Bottle Gourd",Local,28/03/2026,1200,1500,1350
"Tamil Nadu",Virudhunagar,"Srivilliputhur(Uzhavar Sandhai ) APMC",Pumpkin,Pumpkin,Local,28/03/2026,2000,2500,2250
"Tamil Nadu",Virudhunagar,"Srivilliputhur(Uzhavar Sandhai ) APMC","Green Chilli","Green Chilly",Local,28/03/2026,4500,5000,4750
"Tamil Nadu",Virudhunagar,"Srivilliputhur(Uzhavar Sandhai ) APMC",Beans,"Beans (Whole)",Local,28/03/2026,5000,6000,5500
"Tamil Nadu",Virudhunagar,"Srivilliputhur(Uzhavar Sandhai ) APMC",Ginger(Green),"Green Ginger",Local,28/03/2026,7000,8000,7500
"Tamil Nadu",Virudhunagar,"Srivilliputhur(Uzhavar Sandhai ) APMC",Snakeguard,Snakeguard,Local,28/03/2026,2500,3000,2750
"Tamil Nadu",Virudhunagar,"Srivilliputhur(Uzhavar Sandhai ) APMC",Ridgeguard(Tori),Ridgeguard(Tori),Local,28/03/2026,4500,5000,4750
"Tamil Nadu",Virudhunagar,"Srivilliputhur(Uzhavar Sandhai ) APMC","Green Avare(W)","Green Avare (W)",Local,28/03/2026,6000,7000,6500
"Tamil Nadu",Virudhunagar,"Srivilliputhur(Uzhavar Sandhai ) APMC",Mango(Raw-Ripe),"Mango - Raw-Ripe",Local,28/03/2026,4500,5000,4750
Kerala,Kollam,"Elamad  VFPCK APMC",Banana,"Nendra Bale","Grade A",28/03/2026,5200,5900,5500
Kerala,Palakad,"Vaniyamkulam  VFPCK APMC",Snakeguard,Other,"Grade A",28/03/2026,2300,2500,2400
Haryana,Karnal,"Tarori APMC",Potato,Desi,"Grade A",28/03/2026,800,1200,1000
Haryana,Kurukshetra,"Ladwa APMC",Lemon,Lemon,Medium,28/03/2026,10000,13000,13000
Haryana,Kurukshetra,"Ladwa APMC",Pomegranate,Pomogranate,Medium,28/03/2026,17000,19000,19000
Haryana,Kurukshetra,"Ladwa APMC",Cauliflower,Cauliflower,Medium,28/03/2026,3500,3800,3800
Haryana,Sirsa,"kalanwali APMC",Potato,Other,Local,28/03/2026,500,500,500
Kerala,Kozhikode(Calicut),"Vengeri(Kozhikode) APMC",Ashgourd,Ashgourd,FAQ,28/03/2026,800,1100,1100
Kerala,Kozhikode(Calicut),"Vengeri(Kozhikode) APMC",Amaranthus,Amaranthus,FAQ,28/03/2026,1800,2100,2100
Odisha,Bargarh,"Bargarh APMC",Tomato,Tomato,Local,28/03/2026,700,1200,900
Odisha,Bargarh,"Bargarh APMC",Cabbage,Cabbage,Medium,28/03/2026,1300,1900,1500
Gujarat,Ahmedabad,"Sanad APMC",Wheat,Sharbati,FAQ,28/03/2026,2605,2605,2605
Gujarat,Ahmedabad,"Viramgam APMC",Cotton,Other,Local,28/03/2026,5000,7675,6340
"Himachal Pradesh",Chamba,"PMY Chamba",Cabbage,Cabbage,Medium,28/03/2026,1000,1500,1250
"Himachal Pradesh",Chamba,"PMY Chamba","Bhindi(Ladies Finger)",Bhindi,Medium,28/03/2026,7000,7500,7250
"Himachal Pradesh",Chamba,"PMY Chamba",Onion,Onion,Medium,28/03/2026,1800,2000,1900
"Himachal Pradesh",Hamirpur,"PMY Hamirpur",Potato,Other,"Grade B",28/03/2026,1000,1600,1300
"Himachal Pradesh",Hamirpur,"PMY Hamirpur",Cucumbar(Kheera),Cucumbar,"Grade B",28/03/2026,2000,3000,2500
"Himachal Pradesh",Hamirpur,"PMY Hamirpur","Peas Wet","Peas Wet","Grade B",28/03/2026,3500,4000,3750
"Himachal Pradesh",Hamirpur,"PMY Hamirpur",Beetroot,Beetroot,"Grade B",28/03/2026,3000,3500,3250
"Himachal Pradesh",Hamirpur,"PMY Hamirpur","Karbuja(Musk Melon)",Karbhuja,"Grade B",28/03/2026,4000,5000,4500
"Himachal Pradesh",Hamirpur,"PMY Hamirpur",Kinnow,Kinnow,"Grade B",28/03/2026,7500,8000,7750
"Himachal Pradesh",Kangra,"SMY Palampur",Onion,Onion,FAQ,28/03/2026,1800,2000,1900
"Himachal Pradesh",Kangra,"SMY Palampur",Pomegranate,Pomogranate,Medium,28/03/2026,10000,15000,12500
"Himachal Pradesh",Kangra,"SMY Palampur",Apple,Apple,Medium,28/03/2026,14000,15000,14500
"Himachal Pradesh",Kangra,"SMY Palampur",Guava,Guava,Medium,28/03/2026,6000,8000,7000
"Himachal Pradesh",Kangra,"SMY Palampur",Spinach,Spinach,FAQ,28/03/2026,3000,3500,3200
"Himachal Pradesh",Kangra,"SMY Palampur","French Beans(Frasbean)",Other,FAQ,28/03/2026,5000,5500,5200
Rajasthan,Jalore,"Jalore APMC",Cabbage,Cabbage,Local,28/03/2026,800,1000,900
Rajasthan,Jalore,"Jalore APMC","Bottle gourd","Bottle Gourd",Local,28/03/2026,800,1000,900
Rajasthan,Jalore,"Jalore APMC",Carrot,Other,Local,28/03/2026,1500,2000,1800
Uttarakhand,Haridwar,"Manglaur APMC",Tomato,Other,Large,28/03/2026,1400,1550,1500
Uttarakhand,Haridwar,"Manglaur APMC","Water Melon",Other,Medium,28/03/2026,2000,2400,2200
Uttarakhand,Haridwar,"Manglaur APMC",Pumpkin,Other,Large,28/03/2026,500,650,550
Telangana,Karimnagar,"Husnabad APMC",Maize,Local,Local,28/03/2026,2000,2000,2000
Telangana,"Ranga Reddy","Kukatpally,RBZ APMC","Green Chilli","Green Chilly",FAQ,28/03/2026,3000,3000,3000
Telangana,"Ranga Reddy","Kukatpally,RBZ APMC",Onion,Other,FAQ,28/03/2026,500,1200,900
Telangana,"Ranga Reddy","Kukatpally,RBZ APMC","Green Chilli",Other,FAQ,28/03/2026,2000,4500,3500
Telangana,"Ranga Reddy","Kukatpally,RBZ APMC",Brinjal,Brinjal,FAQ,28/03/2026,500,1500,1200
Telangana,"Ranga Reddy","Kukatpally,RBZ APMC",Snakeguard,Other,Medium,28/03/2026,1000,1000,1000
Punjab,Fatehgarh,"Khamano APMC",Potato,Potato,FAQ,28/03/2026,600,600,600
Odisha,Ganjam,"Digapahandi APMC",Cabbage,Cabbage,FAQ,28/03/2026,2000,2400,2200
"Uttar Pradesh",Mau(Maunathbhanjan),"Kopaganj APMC",Onion,Red,FAQ,28/03/2026,1600,1600,1600
"Uttar Pradesh",Mau(Maunathbhanjan),"Kopaganj APMC",Banana,Medium,"Grade B",28/03/2026,1300,1300,1300
"Uttar Pradesh",Mau(Maunathbhanjan),"Kopaganj APMC","Bottle gourd","Bottle Gourd",FAQ,28/03/2026,1700,1700,1700
"Uttar Pradesh",Mau(Maunathbhanjan),"Kopaganj APMC","Green Chilli","Green Chilly",FAQ,28/03/2026,2700,2700,2700
Gujarat,"Gir Somnath","Veraval APMC",Wheat,"Medium Fine",FAQ,28/03/2026,2100,2265,2195
Kerala,Kollam,"Chathanoor APMC","Little gourd(Kundru)",Other,FAQ,28/03/2026,8800,9200,9000
Kerala,Kollam,"Chathanoor APMC",Carrot,Other,FAQ,28/03/2026,5800,6200,6000
Kerala,Kollam,"Chathanoor APMC",Brinjal,Other,FAQ,28/03/2026,3800,4200,4000
Kerala,Ernakulam,"Perumbavoor APMC",Cabbage,Cabbage,Large,28/03/2026,3000,4000,3500
Kerala,Ernakulam,"Perumbavoor APMC",Cowpea(Veg),"Cowpea (Veg)",Medium,28/03/2026,2500,3500,3000
Kerala,Ernakulam,"Perumbavoor APMC","Little gourd(Kundru)",Other,Medium,28/03/2026,2000,3000,2500
Kerala,Ernakulam,"Perumbavoor APMC",Tapioca,Tapioca,Medium,28/03/2026,1200,2000,1500
Kerala,Ernakulam,"Perumbavoor APMC","Field Pea","Field Pea",Medium,28/03/2026,2500,3300,2800
Kerala,Ernakulam,"Perumbavoor APMC","Green Chilli","Green Chilly",Medium,28/03/2026,4500,5500,5000
Kerala,Palakad,"Vadakkenchery APMC","Bitter gourd","Bitter Gourd",FAQ,28/03/2026,6500,7500,7000
Kerala,Kozhikode(Calicut),"Perambra APMC",Beetroot,Other,FAQ,28/03/2026,2500,2800,2700
Kerala,Kozhikode(Calicut),"Perambra APMC","Bottle gourd",Other,FAQ,28/03/2026,2500,2800,2600
"Himachal Pradesh",Kangra,"SMY Jwalaji",Onion,Other,FAQ,28/03/2026,1800,2000,1900
Uttarakhand,Haridwar,"Bhagwanpur(Naveen Mandi Sthal) APMC",Brinjal,Other,"Grade A",28/03/2026,250,1400,600
Uttarakhand,Haridwar,"Bhagwanpur(Naveen Mandi Sthal) APMC",Tomato,Other,"Grade A",28/03/2026,500,650,550
Uttarakhand,Haridwar,"Bhagwanpur(Naveen Mandi Sthal) APMC",Raddish,Other,"Grade A",28/03/2026,500,600,550
"Andhra Pradesh",Chittor,"Kalikiri APMC",Tomato,Hybrid,FAQ,28/03/2026,750,1050,900
"Himachal Pradesh",Kangra,"SMY Dharamshala",Banana,"Banana - Ripe",Medium,28/03/2026,4500,4800,4650
"Himachal Pradesh",Kangra,"SMY Dharamshala",Apple,Apple,Medium,28/03/2026,13000,17000,15000
"Himachal Pradesh",Kangra,"SMY Dharamshala","Bottle gourd","Bottle Gourd",FAQ,28/03/2026,3800,4000,3900
"Himachal Pradesh",Una,"SMY Takarla","Green Chilli","Green Chilly",FAQ,28/03/2026,7000,9000,8000
"Himachal Pradesh",Una,"SMY Takarla",Potato,Other,FAQ,28/03/2026,700,1000,800
Gujarat,Surat,"KUKARMUNDA APMC",Maize,"Deshi Red",Local,28/03/2026,1450,1525,1495
"Uttar Pradesh",Mirzapur,"Ahirora APMC",Onion,Other,Medium,28/03/2026,1200,1400,1300
"Uttar Pradesh",Mirzapur,"Ahirora APMC","Bhindi(Ladies Finger)",Bhindi,Medium,28/03/2026,3500,4000,4000
"Madhya Pradesh",Indore,"Indore(F&V) APMC",Carrot,Carrot,Local,28/03/2026,600,1200,800
"Madhya Pradesh",Indore,"Indore(F&V) APMC","Water Melon","Water Melon",Local,28/03/2026,200,600,400
"Madhya Pradesh",Indore,"Indore(F&V) APMC",Raddish,Other,Local,28/03/2026,400,800,600
"Madhya Pradesh",Indore,"Indore(F&V) APMC",Ginger(Green),"Green Ginger",Local,28/03/2026,1500,5000,3500
Rajasthan,Beawar,"Bijaynagar APMC",Mustard,Other,Local,28/03/2026,5800,6442,6200
Rajasthan,Ganganagar,"Sriganganagar (F&V) APMC",Ginger(Green),"Green Ginger",Medium,28/03/2026,6000,6400,6200
Rajasthan,Ganganagar,"Sriganganagar (F&V) APMC",Cabbage,Cabbage,Medium,28/03/2026,400,600,500
Rajasthan,Ganganagar,"Sriganganagar (F&V) APMC","Bitter gourd","Bitter Gourd",Medium,28/03/2026,5800,6200,6000
Rajasthan,Ganganagar,"Sriganganagar (F&V) APMC",Capsicum,Capsicum,Medium,28/03/2026,3000,3400,3200
Rajasthan,Ganganagar,"Sriganganagar (F&V) APMC",Lemon,Lemon,Medium,28/03/2026,11100,11500,11300
Rajasthan,Ganganagar,"Sriganganagar (F&V) APMC",Onion,Onion,Medium,28/03/2026,1100,1500,1300
Rajasthan,Ganganagar,"Sriganganagar (F&V) APMC",Carrot,Carrot,Medium,28/03/2026,1400,1800,1600
Rajasthan,Ganganagar,"Sriganganagar (F&V) APMC",Guava,Guava,Medium,28/03/2026,6600,7000,6800
Gujarat,Sabarkantha,APMCKHEDBRAHMA,Cotton,RCH-2,Local,28/03/2026,7300,7500,7400
Gujarat,Sabarkantha,APMCKHEDBRAHMA,"Black Gram(Urd Beans)(Whole)",Other,Local,28/03/2026,6800,7000,6900
Gujarat,Sabarkantha,APMCKHEDBRAHMA,Mustard,Other,Local,28/03/2026,5800,6000,5900
"Tamil Nadu",Dharmapuri,"Karimangalam(Uzhavar Sandhai)",Potato,Other,Local,28/03/2026,2600,2800,2700
"Tamil Nadu",Dharmapuri,"Karimangalam(Uzhavar Sandhai)",Garlic,Garlic,Local,28/03/2026,13000,14000,13500
"Tamil Nadu",Dharmapuri,"Karimangalam(Uzhavar Sandhai)",Coriander(Leaves),"I Sort",Local,28/03/2026,5500,6000,5750
"Tamil Nadu",Dharmapuri,"Karimangalam(Uzhavar Sandhai)",Tomato,Local,Local,28/03/2026,1200,1500,1350
"Tamil Nadu",Dharmapuri,"Karimangalam(Uzhavar Sandhai)","Bitter gourd",Other,Local,28/03/2026,3300,3500,3400
"Tamil Nadu",Dharmapuri,"Karimangalam(Uzhavar Sandhai)","Banana - Green","Banana - Green",Local,28/03/2026,2800,3000,2900
"Tamil Nadu",Dharmapuri,"Karimangalam(Uzhavar Sandhai)",Coconut,Coconut,Local,28/03/2026,6000,6500,6250
"Tamil Nadu",Dharmapuri,"Karimangalam(Uzhavar Sandhai)",Carrot,Pusakesar,Local,28/03/2026,3400,3600,3500
"Tamil Nadu",Dharmapuri,"Karimangalam(Uzhavar Sandhai)",Fig(Anjura/Anjeer),Anjura,Local,28/03/2026,9000,10000,9500
"Tamil Nadu",Dharmapuri,"Karimangalam(Uzhavar Sandhai)",Mint(Pudina),Mint(Pudina),Local,28/03/2026,4500,5000,4750
"Tamil Nadu",Salem,"Mecheri(Uzhavar Sandhai)",Banana,Karpura,Local,28/03/2026,3500,4000,3750
"Tamil Nadu",Salem,"Mecheri(Uzhavar Sandhai)",Brinjal,Round,Local,28/03/2026,2500,3000,2750
"Tamil Nadu",Salem,"Mecheri(Uzhavar Sandhai)",Coriander(Leaves),"I Sort",Local,28/03/2026,2000,2500,2250
"Tamil Nadu",Salem,"Mecheri(Uzhavar Sandhai)",Papaya,Papaya,Local,28/03/2026,2500,3000,2750
"Tamil Nadu",Salem,"Mecheri(Uzhavar Sandhai)",Tomato,Deshi,Local,28/03/2026,1000,1400,1200
"Tamil Nadu",Salem,"Mecheri(Uzhavar Sandhai)","Cluster beans","Cluster Beans",Local,28/03/2026,4000,4500,4250
"Tamil Nadu",Salem,"Mecheri(Uzhavar Sandhai)",Beetroot,Beetroot,Local,28/03/2026,5000,5500,5250
"Tamil Nadu",Vellore,"Pallikonda(Uzhavar Sandhai)",Cauliflower,Ranchi,Local,28/03/2026,2200,2200,2200
"Tamil Nadu",Vellore,"Pallikonda(Uzhavar Sandhai)","Bhindi(Ladies Finger)",Bhindi,Local,28/03/2026,3500,3500,3500
"Tamil Nadu",Vellore,"Pallikonda(Uzhavar Sandhai)",Amaranthus,Amaranthus,Local,28/03/2026,2500,2500,2500
"Tamil Nadu",Vellore,"Pallikonda(Uzhavar Sandhai)",Cabbage,Cabbage,Local,28/03/2026,1800,1800,1800
"Tamil Nadu",Vellore,"Pallikonda(Uzhavar Sandhai)","Green Avare(W)","Green Avare (W)",Local,28/03/2026,5000,5000,5000
"Tamil Nadu",Vellore,"Perampet(Uzhavar Sandhai)",Banana,Besrai,Local,28/03/2026,5000,6000,5500
"Tamil Nadu",Vellore,"Perampet(Uzhavar Sandhai)",Garlic,Garlic,Local,28/03/2026,14000,14000,14000
"Tamil Nadu",Vellore,"Perampet(Uzhavar Sandhai)","Cluster beans","Cluster Beans",Local,28/03/2026,4000,4000,4000
"Tamil Nadu",Vellore,"Perampet(Uzhavar Sandhai)",Pumpkin,Pumpkin,Local,28/03/2026,1800,1800,1800
"Tamil Nadu",Vellore,"Perampet(Uzhavar Sandhai)",Coconut,Coconut,Local,28/03/2026,4000,4000,4000
"Tamil Nadu",Vellore,"Perampet(Uzhavar Sandhai)",Ridgeguard(Tori),Ridgeguard(Tori),Local,28/03/2026,3000,3000,3000
"Tamil Nadu",Vellore,"Perampet(Uzhavar Sandhai)",Drumstick,Drumstick,Local,28/03/2026,4000,4000,4000
"Tamil Nadu",Vellore,"Perampet(Uzhavar Sandhai)",Mango(Raw-Ripe),"Mango - Raw-Ripe",Local,28/03/2026,4000,4000,4000
"Tamil Nadu",Vellore,"Perampet(Uzhavar Sandhai)",Guava,"Guava Allahabad",Local,28/03/2026,4000,4000,4000
"Tamil Nadu",Salem,"Vazhapadi(Uzhavar Sandhai)",Potato,Other,Local,28/03/2026,3800,4000,3900
"Tamil Nadu",Salem,"Vazhapadi(Uzhavar Sandhai)",Chikoos(Sapota),Sapota,Local,28/03/2026,3500,4000,3750
"Tamil Nadu",Salem,"Vazhapadi(Uzhavar Sandhai)","Cluster beans","Cluster Beans",Local,28/03/2026,4000,4000,4000
"Tamil Nadu",Salem,"Vazhapadi(Uzhavar Sandhai)","Banana - Green","Banana - Green",Local,28/03/2026,2500,2500,2500
"Tamil Nadu",Salem,"Vazhapadi(Uzhavar Sandhai)",Coconut,Coconut,Local,28/03/2026,4500,5000,4750
"Tamil Nadu",Salem,"Vazhapadi(Uzhavar Sandhai)",Snakeguard,Snakeguard,Local,28/03/2026,2800,3000,2900
"Tamil Nadu",Karur,"Gandhigramam(Uzhavar Sandhai)",Chikoos(Sapota),Sapota,Local,28/03/2026,3500,4000,3750
"Tamil Nadu",Karur,"Gandhigramam(Uzhavar Sandhai)",Tomato,Other,Local,28/03/2026,1600,1800,1700
"Tamil Nadu",Karur,"Gandhigramam(Uzhavar Sandhai)","Cluster beans","Cluster Beans",Local,28/03/2026,3500,4000,3750
"Tamil Nadu",Karur,"Gandhigramam(Uzhavar Sandhai)",Pumpkin,Pumpkin,Local,28/03/2026,1700,2000,1850
"Tamil Nadu",Karur,"Gandhigramam(Uzhavar Sandhai)",Tapioca,Tapioca,Local,28/03/2026,2500,3000,2750
"Tamil Nadu",Karur,"Gandhigramam(Uzhavar Sandhai)",Ginger(Green),"Green Ginger",Local,28/03/2026,7000,8000,7500
"Uttar Pradesh",Aligarh,"Charra APMC",Wheat,Dara,FAQ,28/03/2026,2480,2500,2490
"Uttar Pradesh",Saharanpur,"Chutmalpur APMC","Bottle gourd","Bottle Gourd",Local,28/03/2026,1000,1200,1100
"Uttar Pradesh",Saharanpur,"Chutmalpur APMC",Raddish,Raddish,Local,28/03/2026,700,900,800
"Uttar Pradesh",Saharanpur,"Chutmalpur APMC",Tomato,Hybrid,Local,28/03/2026,1600,1800,1700
"Uttar Pradesh",Saharanpur,"Chutmalpur APMC",Potato,Potato,Local,28/03/2026,450,600,500
"Uttar Pradesh",Saharanpur,"Chutmalpur APMC",Pumpkin,Pumpkin,Local,28/03/2026,1000,1200,1100
"Uttar Pradesh",Saharanpur,"Chutmalpur APMC",Kinnow,Kinnow,Medium,28/03/2026,2600,3000,2800
"Uttar Pradesh",Mau(Maunathbhanjan),"Doharighat APMC",Cauliflower,Other,FAQ,28/03/2026,3600,3600,3600
"Uttar Pradesh",Fatehpur,"Fatehpur APMC",Tomato,Deshi,FAQ,28/03/2026,1050,1100,1050
"Uttar Pradesh",Fatehpur,"Fatehpur APMC",Potato,Desi,FAQ,28/03/2026,500,510,505
"Uttar Pradesh","Kanpur Dehat","Jhijhank APMC",Wheat,Dara,FAQ,28/03/2026,2300,2600,2590
"Uttar Pradesh",Baghpat,"Khekda APMC",Potato,Potato,FAQ,28/03/2026,600,600,600
"Uttar Pradesh",Bahraich,"Naanpara APMC","Green Chilli","Green Chilly",Medium,28/03/2026,3000,3100,3075
"Uttar Pradesh",Balrampur,"Panchpedwa APMC","Banana - Green","Banana - Green",FAQ,28/03/2026,1200,1400,1300
"Uttar Pradesh",Balrampur,"Panchpedwa APMC",Paddy(Common),Paddy,FAQ,28/03/2026,2200,2300,2250
"Uttar Pradesh",Shravasti,"Payagpur APMC","Green Chilli",Other,FAQ,28/03/2026,4800,5000,4900
"Uttar Pradesh",Pratapgarh,"Pratapgarh APMC",Pumpkin,Pumpkin,FAQ,28/03/2026,1600,1600,1600
"Uttar Pradesh",Pratapgarh,"Pratapgarh APMC",Potato,Potato,FAQ,28/03/2026,660,660,660
"Uttar Pradesh",Hathras,"Shadabad APMC",Tomato,Tomato,Small,28/03/2026,1200,1300,1250
"Uttar Pradesh",Badaun,"Shahaswan APMC","Green Chilli","Green Chilly",Medium,28/03/2026,6000,6000,6000
"Uttar Pradesh",Badaun,"Shahaswan APMC",Lemon,Lemon,Medium,28/03/2026,10000,10000,10000
"Uttar Pradesh",Raebarelli,"Salon APMC",Onion,Other,FAQ,28/03/2026,1350,1360,1355
"Uttar Pradesh",Bulandshahar,"Sikarpur APMC",Cabbage,Cabbage,FAQ,28/03/2026,800,1000,900
"Uttar Pradesh",Bulandshahar,"Sikarpur APMC",Potato,Potato,FAQ,28/03/2026,500,650,600
"Uttar Pradesh",Bulandshahar,"Sikarpur APMC","Bottle gourd","Bottle Gourd",FAQ,28/03/2026,1800,2000,1900
"Uttar Pradesh",Bulandshahar,"Sikarpur APMC",Carrot,Carrot,FAQ,28/03/2026,800,1000,900
"Uttar Pradesh",Bulandshahar,"Sikarpur APMC",Cucumbar(Kheera),Cucumbar,FAQ,28/03/2026,1800,2000,1900
"Uttar Pradesh",Bulandshahar,"Sikarpur APMC",Cauliflower,Cauliflower,FAQ,28/03/2026,800,1000,900
"Uttar Pradesh",Bulandshahar,"Sikarpur APMC",Pumpkin,Pumpkin,FAQ,28/03/2026,800,1000,900
"Uttar Pradesh",Bulandshahar,"Sikarpur APMC",Tomato,Hybrid,FAQ,28/03/2026,1800,2000,1900
"Uttar Pradesh",Hathras,"Sikandraraau APMC","Bajra(Pearl Millet/Cumbu)",Hybrid,FAQ,28/03/2026,1820,1890,1835
"Uttar Pradesh",Prayagraj,"Sirsa APMC",Tomato,Deshi,FAQ,28/03/2026,1500,3750,3700
"Tamil Nadu",Coimbatore,"Sulur(Uzhavar Sandhai ) APMC",Garlic,Garlic,Local,28/03/2026,14000,16000,15000
"Tamil Nadu",Coimbatore,"Sulur(Uzhavar Sandhai ) APMC",Coriander(Leaves),"I Sort",Local,28/03/2026,4400,5000,4700
"Tamil Nadu",Coimbatore,"Sulur(Uzhavar Sandhai ) APMC","Cluster beans","Cluster Beans",Local,28/03/2026,3400,3800,3600
"Tamil Nadu",Coimbatore,"Sulur(Uzhavar Sandhai ) APMC","Bitter gourd","Bitter Gourd",Local,28/03/2026,4000,4600,4300
"Tamil Nadu",Coimbatore,"Sulur(Uzhavar Sandhai ) APMC",Amaranthus,Amaranthus,Local,28/03/2026,3000,3500,3250
"Tamil Nadu",Coimbatore,"Sulur(Uzhavar Sandhai ) APMC",Coconut,Coconut,Local,28/03/2026,5000,5300,5150
"Tamil Nadu",Coimbatore,"Sulur(Uzhavar Sandhai ) APMC",Beetroot,Beetroot,Local,28/03/2026,4000,4500,4250
"Tamil Nadu",Coimbatore,"Sulur(Uzhavar Sandhai ) APMC",Guava,"Guava Allahabad",Local,28/03/2026,5000,5500,5250
"Tamil Nadu",Coimbatore,"Sulur(Uzhavar Sandhai ) APMC","Amla(Nelli Kai)",Amla,Local,28/03/2026,7000,7500,7250
"Tamil Nadu",Pudukkottai,"Gandarvakottai(Uzhavar Sandhai ) APMC",Coriander(Leaves),"I Sort",Local,28/03/2026,5500,6000,5750
"Tamil Nadu",Pudukkottai,"Gandarvakottai(Uzhavar Sandhai ) APMC",Papaya,Papaya,Local,28/03/2026,2500,3000,2750
"Tamil Nadu",Pudukkottai,"Gandarvakottai(Uzhavar Sandhai ) APMC","Cluster beans","Cluster Beans",Local,28/03/2026,3500,4500,4000
"Tamil Nadu",Pudukkottai,"Gandarvakottai(Uzhavar Sandhai ) APMC","Bhindi(Ladies Finger)",Bhindi,Local,28/03/2026,3000,4000,3500
"Tamil Nadu",Pudukkottai,"Gandarvakottai(Uzhavar Sandhai ) APMC",Ridgeguard(Tori),Ridgeguard(Tori),Local,28/03/2026,3000,3500,3250
"Tamil Nadu",Pudukkottai,"Gandarvakottai(Uzhavar Sandhai ) APMC",Drumstick,Drumstick,Local,28/03/2026,2000,3000,2500
"Tamil Nadu",Pudukkottai,"Gandarvakottai(Uzhavar Sandhai ) APMC",Mango(Raw-Ripe),"Mango - Raw-Ripe",Local,28/03/2026,4000,5000,4500
"Tamil Nadu",Pudukkottai,"Gandarvakottai(Uzhavar Sandhai ) APMC","Jack Fruit(Ripe)","Jack Fruit",Local,28/03/2026,3500,4000,3750
"Tamil Nadu",Nagapattinam,"Mayiladuthurai(Uzhavar Sandhai ) APMC",Onion,Bellary,Local,28/03/2026,2500,3000,2750
"Tamil Nadu",Nagapattinam,"Mayiladuthurai(Uzhavar Sandhai ) APMC",Tomato,Deshi,Local,28/03/2026,1500,2000,1750
"Tamil Nadu",Nagapattinam,"Mayiladuthurai(Uzhavar Sandhai ) APMC","Bitter gourd","Bitter Gourd",Local,28/03/2026,4500,5000,4750
"Tamil Nadu",Nagapattinam,"Mayiladuthurai(Uzhavar Sandhai ) APMC",Cabbage,Cabbage,Local,28/03/2026,3000,3000,3000
"Tamil Nadu",Nagapattinam,"Mayiladuthurai(Uzhavar Sandhai ) APMC",Lime,Lime,Local,28/03/2026,3500,4000,3750
"Tamil Nadu",Namakkal,"Paramathivelur(Uzhavar Sandhai ) APMC",Onion,Bellary,Local,28/03/2026,2000,2800,2400
"Tamil Nadu",Namakkal,"Paramathivelur(Uzhavar Sandhai ) APMC",Tomato,Other,Local,28/03/2026,1200,1800,1500
"Tamil Nadu",Namakkal,"Paramathivelur(Uzhavar Sandhai ) APMC","Bitter gourd","Bitter Gourd",Local,28/03/2026,4000,4800,4400
"Tamil Nadu",Namakkal,"Paramathivelur(Uzhavar Sandhai ) APMC","Green Chilli","Green Chilly",Local,28/03/2026,5000,5500,5250
"Tamil Nadu",Namakkal,"Paramathivelur(Uzhavar Sandhai ) APMC",Beans,"Beans (Whole)",Local,28/03/2026,6500,8000,7250
"Tamil Nadu",Namakkal,"Paramathivelur(Uzhavar Sandhai ) APMC",Ginger(Green),"Green Ginger",Local,28/03/2026,7500,8000,7750
"Tamil Nadu",Namakkal,"Paramathivelur(Uzhavar Sandhai ) APMC",Coconut,Coconut,Local,28/03/2026,4500,5000,4750
"Tamil Nadu",Namakkal,"Paramathivelur(Uzhavar Sandhai ) APMC",Ridgeguard(Tori),Ridgeguard(Tori),Local,28/03/2026,4000,6000,5000
"Tamil Nadu",Namakkal,"Paramathivelur(Uzhavar Sandhai ) APMC",Drumstick,Drumstick,Local,28/03/2026,2500,3000,2750
"Tamil Nadu",Namakkal,"Paramathivelur(Uzhavar Sandhai ) APMC","Sweet Corn ","Sweet Corn ",Local,28/03/2026,3000,3500,3250
"Tamil Nadu",Salem,"Thammampatti (Uzhavar Sandhai ) APMC",Papaya,Papaya,Local,28/03/2026,2500,3000,2750
"Tamil Nadu",Salem,"Thammampatti (Uzhavar Sandhai ) APMC","Cluster beans","Cluster Beans",Local,28/03/2026,4500,5000,4750
"Tamil Nadu",Salem,"Thammampatti (Uzhavar Sandhai ) APMC",Amaranthus,Amaranthus,Local,28/03/2026,2000,2500,2250
"Tamil Nadu",Salem,"Thammampatti (Uzhavar Sandhai ) APMC",Beans,"Beans (Whole)",Local,28/03/2026,7000,7000,7000
"Tamil Nadu",Salem,"Thammampatti (Uzhavar Sandhai ) APMC",Cabbage,Cabbage,Local,28/03/2026,2500,3000,2750
"Tamil Nadu",Salem,"Thammampatti (Uzhavar Sandhai ) APMC",Thondekai,Thondekai,Local,28/03/2026,6000,6000,6000
"Tamil Nadu",Salem,"Thammampatti (Uzhavar Sandhai ) APMC","Green Avare(W)","Green Avare (W)",Local,28/03/2026,5000,5500,5250
"Tamil Nadu",Salem,"Thammampatti (Uzhavar Sandhai ) APMC","Chow Chow","Chow Chow",Local,28/03/2026,2500,3000,2750
"Tamil Nadu",Salem,"Thammampatti (Uzhavar Sandhai ) APMC",Drumstick,Drumstick,Local,28/03/2026,2000,2000,2000
"Tamil Nadu",Salem,"Thammampatti (Uzhavar Sandhai ) APMC",Mango(Raw-Ripe),"Mango - Raw-Ripe",Local,28/03/2026,6000,6000,6000
"Tamil Nadu",Thiruvarur,"Tiruvarur(Uzhavar Sandhai ) APMC","Bottle gourd","Bottle Gourd",Local,28/03/2026,2000,2000,2000
"Tamil Nadu",Thiruvarur,"Tiruvarur(Uzhavar Sandhai ) APMC","Bhindi(Ladies Finger)",Bhindi,Local,28/03/2026,4000,4000,4000
"Tamil Nadu",Thiruvarur,"Tiruvarur(Uzhavar Sandhai ) APMC",Ridgeguard(Tori),Ridgeguard(Tori),Local,28/03/2026,4000,4000,4000
"Tamil Nadu",Thiruvarur,"Tiruvarur(Uzhavar Sandhai ) APMC",Raddish,Raddish,Local,28/03/2026,3000,3000,3000
"Tamil Nadu",Thiruvarur,"Tiruvarur(Uzhavar Sandhai ) APMC","Onion Green","Onion Green",Local,28/03/2026,4000,4000,4000
"Tamil Nadu",Coimbatore,"Udumalpet APMC",Onion,Bellary,Local,28/03/2026,2500,3000,2750
"Tamil Nadu",Coimbatore,"Udumalpet APMC",Potato,"Red Nanital",Local,28/03/2026,3000,3200,3100
"Tamil Nadu",Coimbatore,"Udumalpet APMC",Cauliflower,Ranchi,Local,28/03/2026,1500,2000,1750
"Tamil Nadu",Coimbatore,"Udumalpet APMC",Papaya,Papaya,Local,28/03/2026,2500,3000,2750
"Tamil Nadu",Coimbatore,"Udumalpet APMC","Bottle gourd","Bottle Gourd",Local,28/03/2026,1000,1500,1250
"Tamil Nadu",Coimbatore,"Udumalpet APMC",Ashgourd,Gouard,Local,28/03/2026,1500,1800,1650
"Tamil Nadu",Coimbatore,"Udumalpet APMC","Bhindi(Ladies Finger)",Bhindi,Local,28/03/2026,7000,7500,7250
"Tamil Nadu",Coimbatore,"Udumalpet APMC","Green Chilli","Green Chilly",Local,28/03/2026,4000,5000,4500
"Tamil Nadu",Coimbatore,"Udumalpet APMC",Carrot,Pusakesar,Local,28/03/2026,5000,5500,5250
"Tamil Nadu",Coimbatore,"Udumalpet APMC",Raddish,Raddish,Local,28/03/2026,1500,2000,1750
"Tamil Nadu",Coimbatore,"Udumalpet APMC",Guava,"Guava Allahabad",Local,28/03/2026,5000,6000,5500
"Tamil Nadu",Coimbatore,"Udumalpet APMC",Lemon,Lemon,Local,28/03/2026,14000,15000,14500
"Tamil Nadu",Vellore,"Katpadi (Uzhavar Sandhai ) APMC",Groundnut,"Big (With Shell)",Local,28/03/2026,7000,7000,7000
"Tamil Nadu",Vellore,"Katpadi (Uzhavar Sandhai ) APMC",Apple,American,Local,28/03/2026,22000,25000,23500
"Tamil Nadu",Vellore,"Katpadi (Uzhavar Sandhai ) APMC",Banana,Besrai,Local,28/03/2026,4000,6000,5000
"Tamil Nadu",Vellore,"Katpadi (Uzhavar Sandhai ) APMC",Onion,Bellary,Local,28/03/2026,2500,2500,2500
"Tamil Nadu",Vellore,"Katpadi (Uzhavar Sandhai ) APMC",Potato,"Red Nanital",Local,28/03/2026,2200,2200,2200
"Tamil Nadu",Vellore,"Katpadi (Uzhavar Sandhai ) APMC",Coriander(Leaves),"I Sort",Local,28/03/2026,4000,4000,4000
"Tamil Nadu",Vellore,"Katpadi (Uzhavar Sandhai ) APMC","Green Chilli","Green Chilly",Local,28/03/2026,3500,4000,3750
"Tamil Nadu",Vellore,"Katpadi (Uzhavar Sandhai ) APMC",Tapioca,Tapioca,Local,28/03/2026,3500,3500,3500
"Tamil Nadu",Vellore,"Katpadi (Uzhavar Sandhai ) APMC",Ginger(Green),"Green Ginger",Local,28/03/2026,6800,6800,6800
"Tamil Nadu",Vellore,"Katpadi (Uzhavar Sandhai ) APMC",Cabbage,Cabbage,Local,28/03/2026,2000,2000,2000
"Tamil Nadu",Vellore,"Katpadi (Uzhavar Sandhai ) APMC",Raddish,Raddish,Local,28/03/2026,2000,2000,2000
"Tamil Nadu",Vellore,"Katpadi (Uzhavar Sandhai ) APMC",Capsicum,Capsicum,Local,28/03/2026,4500,4500,4500
"Tamil Nadu",Vellore,"Katpadi (Uzhavar Sandhai ) APMC","Chow Chow","Chow Chow",Local,28/03/2026,2000,2000,2000
"Tamil Nadu",Vellore,"Katpadi (Uzhavar Sandhai ) APMC",Lemon,Lemon,Local,28/03/2026,5000,7000,6000
"Tamil Nadu",Vellore,"Katpadi (Uzhavar Sandhai ) APMC",Rose(Local),"Rose (Local)",Local,28/03/2026,13000,13000,13000
"Tamil Nadu",Vellore,"Katpadi (Uzhavar Sandhai ) APMC","Sweet Corn ","Sweet Corn ",Local,28/03/2026,2000,2500,2250
"Tamil Nadu",Thanjavur,"Kumbakonam (Uzhavar Sandhai ) APMC",Onion,Bellary,Local,28/03/2026,2400,3000,2700
"Tamil Nadu",Thanjavur,"Kumbakonam (Uzhavar Sandhai ) APMC",Garlic,Garlic,Local,28/03/2026,15000,15000,15000
"Tamil Nadu",Thanjavur,"Kumbakonam (Uzhavar Sandhai ) APMC","Green Peas","Green Peas",Local,28/03/2026,9600,9600,9600
"Tamil Nadu",Thanjavur,"Kumbakonam (Uzhavar Sandhai ) APMC","Bitter gourd","Bitter Gourd",Local,28/03/2026,3600,6000,4800
"Tamil Nadu",Thanjavur,"Kumbakonam (Uzhavar Sandhai ) APMC","Bottle gourd","Bottle Gourd",Local,28/03/2026,2400,2400,2400
"Tamil Nadu",Thanjavur,"Kumbakonam (Uzhavar Sandhai ) APMC","Bhindi(Ladies Finger)",Bhindi,Local,28/03/2026,6000,6000,6000
"Tamil Nadu",Thanjavur,"Kumbakonam (Uzhavar Sandhai ) APMC","Banana - Green","Banana - Green",Local,28/03/2026,4000,4000,4000
"Tamil Nadu",Thanjavur,"Kumbakonam (Uzhavar Sandhai ) APMC",Carrot,Pusakesar,Local,28/03/2026,3600,4800,4200
"Tamil Nadu",Thanjavur,"Kumbakonam (Uzhavar Sandhai ) APMC",Cucumbar(Kheera),Cucumbar,Local,28/03/2026,5000,5000,5000
"Tamil Nadu",Thanjavur,"Kumbakonam (Uzhavar Sandhai ) APMC",Raddish,Raddish,Local,28/03/2026,2400,2400,2400
"Tamil Nadu",Thanjavur,"Kumbakonam (Uzhavar Sandhai ) APMC",Capsicum,Capsicum,Local,28/03/2026,8000,8000,8000
"Tamil Nadu",Thanjavur,"Kumbakonam (Uzhavar Sandhai ) APMC",Mango(Raw-Ripe),"Mango - Raw-Ripe",Local,28/03/2026,5400,5400,5400
"Tamil Nadu",Thanjavur,"Kumbakonam (Uzhavar Sandhai ) APMC","Indian Beans(Seam)","Indian Beans (Seam)",Local,28/03/2026,7200,7200,7200
"Tamil Nadu",Thanjavur,"Kumbakonam (Uzhavar Sandhai ) APMC",Colacasia,Colacasia,Local,28/03/2026,4800,4800,4800
"Tamil Nadu",Villupuram,"Tindivanam APMC",Carrot,Pusakesar,Local,28/03/2026,3000,3000,3000
"Tamil Nadu",Villupuram,"Tindivanam APMC",Capsicum,Capsicum,Local,28/03/2026,5800,5800,5800
"Tamil Nadu",Villupuram,"Ulundurpettai APMC",Banana,Besrai,Local,28/03/2026,3000,4000,3500
"Tamil Nadu",Villupuram,"Ulundurpettai APMC",Pumpkin,Pumpkin,Local,28/03/2026,2500,2500,2500
"Tamil Nadu",Villupuram,"Ulundurpettai APMC","Bhindi(Ladies Finger)",Bhindi,Local,28/03/2026,4000,4000,4000
"Tamil Nadu",Villupuram,"Ulundurpettai APMC","Banana - Green","Banana - Green",Local,28/03/2026,3000,3000,3000
"Tamil Nadu",Villupuram,"Ulundurpettai APMC",Thondekai,Thondekai,Local,28/03/2026,5000,5000,5000
"Tamil Nadu",Villupuram,"Ulundurpettai APMC",Colacasia,Colacasia,Local,28/03/2026,4000,4000,4000
"Madhya Pradesh",Dhar,"Manawar APMC",Maize,Local,Non-FAQ,28/03/2026,1200,1425,1425
"Madhya Pradesh",Jhabua,"Petlawad APMC",Wheat,Wheat,FAQ,28/03/2026,2175,2200,2200
"Madhya Pradesh",Chhindwara,"Chhindwara APMC",Maize,Local,FAQ,28/03/2026,1650,1710,1700
Gujarat,Sabarkantha,"Vadali APMC",Cotton,Other,FAQ,28/03/2026,6750,7655,7203
Gujarat,Dahod,"Dahod(Veg. Market) APMC",Drumstick,Drumstick,Local,28/03/2026,2000,3500,3000
Gujarat,Dahod,"Dahod(Veg. Market) APMC","Elephant Yam(Suran)/Amorphophallus","Elephant Yam (Suran)",Local,28/03/2026,4000,4000,4000
Gujarat,Dahod,"Dahod(Veg. Market) APMC",Spinach,Spinach,Local,28/03/2026,1000,2000,1500
Gujarat,Dahod,"Dahod(Veg. Market) APMC","Sponge gourd","Sponge gourd",Local,28/03/2026,2000,3000,2500
Gujarat,Anand,"Anand(Veg,Yard,Anand) APMC",Ginger(Green),"Green Ginger","Grade B",28/03/2026,4500,5000,4750
Gujarat,Valsad,"Chikli(Khorgam) APMC",Tinda,Other,FAQ,28/03/2026,5000,5500,5250
Gujarat,Sabarkantha,"Meghraj(Radlavada) APMC","Big Gram","Big Gram",Local,28/03/2026,4900,4900,4900
Gujarat,Surat,"Bardoli(Kadod) APMC","Green Chilli",Other,Local,28/03/2026,1900,4100,2800
"Himachal Pradesh",Bilaspur,"PMY Bilaspur",Banana,Other,"Grade B",28/03/2026,2500,2900,2600
"Himachal Pradesh",Bilaspur,"PMY Bilaspur",Guava,"Guava Allahabad","Grade B",28/03/2026,8000,10000,9000
Gujarat,Dahod,"Davgadbaria(Piplod) APMC",Paddy(Common),Common,Non-FAQ,28/03/2026,1250,1280,1260
Gujarat,Banaskanth,"Deesa(Deesa Veg Yard) APMC",Cabbage,Other,FAQ,28/03/2026,1000,1700,1350
Gujarat,Banaskanth,"Deesa(Deesa Veg Yard) APMC","Green Chilli",Other,FAQ,28/03/2026,2500,4250,3375
Gujarat,Banaskanth,"Deesa(Deesa Veg Yard) APMC",Banana,Other,Medium,28/03/2026,2300,2700,2500
Gujarat,"Chhota Udaipur","Modasar APMC",Cotton,"Shanker 6 (B) 30mm FIne",FAQ,28/03/2026,7250,7900,7550
Gujarat,Surendranagar,"Vadhvan APMC",Apple,Apple,Medium,28/03/2026,11000,12500,11750
Gujarat,Surendranagar,"Vadhvan APMC","Bhindi(Ladies Finger)",Bhindi,Local,28/03/2026,2500,3000,2750
Gujarat,Surendranagar,"Vadhvan APMC","Bottle gourd","Bottle Gourd",Medium,28/03/2026,250,500,375
Gujarat,Surendranagar,"Vadhvan APMC",Guar,Gwar,Local,28/03/2026,3500,4000,3750
Gujarat,Surendranagar,"Vadhvan APMC",Cauliflower,Cauliflower,Medium,28/03/2026,1500,2000,1750
Gujarat,Surendranagar,"Vadhvan APMC",Tinda,Tinda,Medium,28/03/2026,4500,5000,4750
Gujarat,Surendranagar,"Vadhvan APMC",Spinach,Spinach,Local,28/03/2026,1000,1500,1250
Gujarat,"Gir Somnath","Talalagir APMC",Cabbage,Cabbage,FAQ,28/03/2026,900,1150,1000
Gujarat,Porbandar,"Porbandar APMC",Banana,Amruthapani,"Grade A",28/03/2026,1250,1750,1500
Gujarat,Porbandar,"Porbandar APMC","Mousambi(Sweet Lime)",Mousambi,"Grade A",28/03/2026,3000,4000,3500
Gujarat,Porbandar,"Porbandar APMC",Guar,Gwar,Local,28/03/2026,3000,4000,3500
Gujarat,Porbandar,"Porbandar APMC",Lemon,Lemon,Local,28/03/2026,14000,15000,14500
Gujarat,Porbandar,"Porbandar APMC",Potato,"Red Nanital",Non-FAQ,28/03/2026,750,1250,1000
Gujarat,Amreli,"Damnagar APMC",Guar,Gwar,Local,28/03/2026,4000,4000,4000
Gujarat,Rajkot,"Gondal(Veg.market Gondal) APMC","Bhindi(Ladies Finger)",Bhindi,Local,28/03/2026,1000,4500,2750
Gujarat,Rajkot,"Gondal(Veg.market Gondal) APMC","Bitter gourd","Bitter Gourd",Local,28/03/2026,900,4000,2450
Gujarat,Rajkot,"Gondal(Veg.market Gondal) APMC",Carrot,Carrot,Local,28/03/2026,400,2000,1200
Gujarat,Rajkot,"Gondal(Veg.market Gondal) APMC","Green Chilli","Green Chilly",Local,28/03/2026,900,5000,2950
Gujarat,Surat,"Surat APMC",Cauliflower,Cauliflower,FAQ,28/03/2026,1000,4000,2500
Gujarat,Surat,"Surat APMC",Onion,Other,FAQ,28/03/2026,400,1600,1030
Gujarat,Surat,"Surat APMC",Papaya(Raw),Other,FAQ,28/03/2026,500,1000,750
Gujarat,Surat,"Surat APMC","Indian Beans(Seam)",Other,FAQ,28/03/2026,2000,4500,3250
Gujarat,Surat,"Surat APMC",Tomato,Other,FAQ,28/03/2026,400,1300,850
Gujarat,Surat,"Surat APMC","Cluster beans",Other,FAQ,28/03/2026,3000,6000,4500
Gujarat,Surat,"Surat APMC","Pea Pod/Pea Cod/हरी मटर",Other,FAQ,28/03/2026,4000,6500,5250
Gujarat,Surat,"Surat APMC",Potato,Other,FAQ,28/03/2026,300,1500,900
Telangana,Warangal,"Warangal APMC",Cabbage,Cabbage,FAQ,28/03/2026,800,1000,900
Telangana,Warangal,"Warangal APMC",Cucumbar(Kheera),Cucumbar,FAQ,28/03/2026,1200,1600,1400
Telangana,Warangal,"Warangal APMC",Grapes,White,Large,28/03/2026,6000,6000,6000
Telangana,Nalgonda,"Huzurnagar APMC",Paddy(Common),"B P T",Local,28/03/2026,2389,2389,2389
Haryana,Fatehabad,"Fatehabad APMC",Onion,Other,Local,28/03/2026,1000,1200,1100
Haryana,Fatehabad,"Fatehabad APMC",Tomato,Other,Local,28/03/2026,1500,1600,1500
Haryana,Fatehabad,"Fatehabad APMC",Grapes,Other,Local,28/03/2026,7000,8000,7000
Telangana,Karimnagar,"Huzzurabad APMC",Paddy(Common),MTU-1010,FAQ,28/03/2026,2369,2389,2369
"Jammu and Kashmir",Udhampur,"Udhampur APMC",Brinjal,Other,"Grade B",28/03/2026,2250,2250,2250
"Jammu and Kashmir",Udhampur,"Udhampur APMC","Indian Beans(Seam)",Other,"Grade B",28/03/2026,4750,4750,4750
"Jammu and Kashmir",Udhampur,"Udhampur APMC",Raddish,Other,"Grade B",28/03/2026,900,900,900
"Jammu and Kashmir",Udhampur,"Udhampur APMC","Bitter gourd","Bitter Gourd","Grade B",28/03/2026,5500,5500,5500
"Jammu and Kashmir",Udhampur,"Udhampur APMC",Cabbage,Other,"Grade B",28/03/2026,600,600,600
Kerala,Kannur,"Kannur APMC","Bhindi(Ladies Finger)",Bhindi,"Grade A",28/03/2026,6300,6800,6500
Kerala,Kannur,"Kannur APMC",Onion,Onion,"Grade A",28/03/2026,2100,2300,2200
Kerala,Kottayam,"Kottayam APMC",Pineapple,"Pine Apple",Medium,28/03/2026,6000,6400,6200
Kerala,Palakad,"Palakkad APMC",Banana,Palayamthodan,Medium,28/03/2026,2300,3300,2900
Kerala,Palakad,"Palakkad APMC","Black Gram(Urd Beans)(Whole)","Black Gram (Whole)",FAQ,28/03/2026,10000,12000,11100
Kerala,Palakad,"Palakkad APMC","Chili Red",Red,FAQ,28/03/2026,23500,24500,24100
Kerala,Palakad,"Palakkad APMC","Bitter gourd","Bitter Gourd",FAQ,28/03/2026,4500,5500,5100
Kerala,Palakad,"Palakkad APMC",Ashgourd,Ashgourd,Small,28/03/2026,1000,2000,1600
Kerala,Palakad,"Palakkad APMC","Bottle gourd","Bottle Gourd",FAQ,28/03/2026,2500,3000,2800
Punjab,Ludhiana,"Khanna APMC",Cabbage,Other,"Grade A",28/03/2026,600,600,600
Punjab,Ludhiana,"Khanna APMC",Grapes,Green,"Grade A",28/03/2026,3500,7000,6883.33
Punjab,Ludhiana,"Khanna APMC",Kinnow,Kinnow,"Grade A",28/03/2026,3000,3000,3000
Punjab,Ludhiana,"Khanna APMC",Pomegranate,Other,"Grade A",28/03/2026,8000,8000,8000
Punjab,Patiala,"Patiala APMC",Cauliflower,Local,"Grade B",28/03/2026,1400,1600,1500
Punjab,Patiala,"Patiala APMC",Onion,Onion,"Grade B",28/03/2026,1000,1400,1200
Punjab,Patiala,"Patiala APMC",Tomato,Tomato,"Grade B",28/03/2026,400,800,600
Punjab,Patiala,"Patiala APMC",Raddish,Raddish,"Grade B",28/03/2026,800,1200,1000
Punjab,Patiala,"Patiala APMC","Water Melon","Water Melon","Grade C",28/03/2026,1600,2000,1800
Punjab,Patiala,"Patiala APMC",Orange,Orange,"Grade C",28/03/2026,5000,6000,5500
"Uttar Pradesh",Sitapur,"Sitapur APMC",Mustard,Sarson(Black),Local,28/03/2026,6000,7000,6500
Uttarakhand,Udhamsinghnagar,"Kicchha APMC","Peas Wet",Other,Local,28/03/2026,400,600,500
Uttarakhand,Udhamsinghnagar,"Kicchha APMC",Onion,Nasik,Non-FAQ,28/03/2026,900,1100,1000
Uttarakhand,Udhamsinghnagar,"Kicchha APMC",Tomato,Deshi,Local,28/03/2026,400,600,500
Uttarakhand,Udhamsinghnagar,"Rudrapur APMC",Tomato,Other,Medium,28/03/2026,1000,1500,1200
Uttarakhand,Udhamsinghnagar,"Rudrapur APMC",Pumpkin,Other,Medium,28/03/2026,1000,1500,1200
Uttarakhand,Udhamsinghnagar,"Rudrapur APMC",Banana,Other,Medium,28/03/2026,2000,3000,2500
Uttarakhand,Udhamsinghnagar,"Rudrapur APMC","French Beans(Frasbean)",Other,Medium,28/03/2026,3000,5000,4000
Uttarakhand,Udhamsinghnagar,"Rudrapur APMC",Potato,Other,Medium,28/03/2026,500,700,600
Uttarakhand,Udhamsinghnagar,"Rudrapur APMC","Peas Wet",Other,Medium,28/03/2026,2000,3000,2500
Uttarakhand,Udhamsinghnagar,"Rudrapur APMC",Brinjal,Other,Medium,28/03/2026,1500,2000,1600
Haryana,Jhajar,"Jhajjar APMC",Brinjal,Other,Medium,28/03/2026,2000,2000,2000
Haryana,Jhajar,"Jhajjar APMC",Orange,Other,Medium,28/03/2026,3000,3000,3000
Haryana,Rewari,"Rewari APMC",Potato,Other,Medium,28/03/2026,600,850,700
"Himachal Pradesh",Solan,"PMY Kather Solan",Spinach,Other,Medium,28/03/2026,1500,2000,1800
"Himachal Pradesh",Solan,"PMY Kather Solan",Banana,Other,Medium,28/03/2026,3600,5600,5200
"Himachal Pradesh",Solan,"PMY Kather Solan","Mousambi(Sweet Lime)",Other,Medium,28/03/2026,5500,5800,5500
"Himachal Pradesh",Solan,"PMY Kather Solan",Orange,Other,Medium,28/03/2026,8000,9500,9000
"Himachal Pradesh",Solan,"PMY Kather Solan",Kinnow,Other,Medium,28/03/2026,5500,6300,6000
"Himachal Pradesh",Solan,"PMY Kather Solan",Pomegranate,Other,Medium,28/03/2026,8000,15000,13000
"Himachal Pradesh",Solan,"PMY Kather Solan",Ginger(Green),Other,Medium,28/03/2026,7000,8000,7500
"Himachal Pradesh",Solan,"PMY Kather Solan",Coriander(Leaves),Other,Medium,28/03/2026,1500,3000,2500
"Himachal Pradesh",Solan,"PMY Kather Solan","French Beans(Frasbean)",Other,Medium,28/03/2026,4500,6000,5000
"Himachal Pradesh",Solan,"PMY Kather Solan",Tomato,Other,Medium,28/03/2026,1600,2100,2100
"Himachal Pradesh",Solan,"PMY Kather Solan",Mashrooms,Other,Medium,28/03/2026,9000,12000,11000
Rajasthan,Udaipur,"Udaipur (Grain) APMC",Wheat,Farmi,FAQ,28/03/2026,2800,2800,2800
Tripura,Unokoti,"Pabiacherra APMC",Cauliflower,Other,FAQ,28/03/2026,2000,2200,2100
Tripura,Sepahijala,"Melaghar APMC",Banana,"Banana - Ripe",Local,28/03/2026,2300,2800,2500
Tripura,Sepahijala,"Melaghar APMC",Cucumbar(Kheera),Cucumbar,Local,28/03/2026,5400,5600,5500
Tripura,Sepahijala,"Melaghar APMC",Onion,Small,Local,28/03/2026,1700,1900,1800
Goa,"North Goa","Mapusa APMC",Brinjal,Brinjal,FAQ,28/03/2026,2500,2500,2500
Goa,"North Goa","Mapusa APMC","Green Chilli","Green Chilly",FAQ,28/03/2026,7500,7500,7500
Goa,"North Goa","Mapusa APMC",Banana,Other,Medium,28/03/2026,3000,3500,3250
"Tamil Nadu",Thiruvannamalai,"Cheyyar(Uzhavar Sandhai ) APMC",Banana,Poovan,Local,28/03/2026,4000,5000,4500
"Tamil Nadu",Thiruvannamalai,"Cheyyar(Uzhavar Sandhai ) APMC",Tomato,Local,Local,28/03/2026,1200,1500,1350
"Tamil Nadu",Thiruvannamalai,"Cheyyar(Uzhavar Sandhai ) APMC",Pumpkin,Pumpkin,Local,28/03/2026,2500,3000,2750
"Tamil Nadu",Thiruvannamalai,"Cheyyar(Uzhavar Sandhai ) APMC",Coconut,Coconut,Local,28/03/2026,4000,5000,4500
"Tamil Nadu",Thiruvannamalai,"Cheyyar(Uzhavar Sandhai ) APMC",Carrot,Pusakesar,Local,28/03/2026,3200,4000,3600
"Tamil Nadu",Thiruvannamalai,"Cheyyar(Uzhavar Sandhai ) APMC",Ridgeguard(Tori),Ridgeguard(Tori),Local,28/03/2026,2500,3000,2750
"Tamil Nadu",Thiruvannamalai,"Cheyyar(Uzhavar Sandhai ) APMC",Raddish,Raddish,Local,28/03/2026,1500,2000,1750
"Tamil Nadu",Thiruvannamalai,"Cheyyar(Uzhavar Sandhai ) APMC",Mango(Raw-Ripe),"Mango - Raw-Ripe",Local,28/03/2026,4000,5000,4500
"Tamil Nadu",Thiruvannamalai,"Cheyyar(Uzhavar Sandhai ) APMC","Onion Green","Onion Green",Local,28/03/2026,4000,5000,4500
"Tamil Nadu",Thiruvannamalai,"Cheyyar(Uzhavar Sandhai ) APMC",Mint(Pudina),Mint(Pudina),Local,28/03/2026,3200,4000,3600
"Andhra Pradesh",Chittor,"Madanapalli APMC",Tomato,Local,FAQ,28/03/2026,1100,1300,1200
"Tamil Nadu",Thanjavur,"Papanasam(Uzhavar Sandhai ) APMC",Potato,"Red Nanital",Local,28/03/2026,3000,3600,3300
"Tamil Nadu",Thanjavur,"Papanasam(Uzhavar Sandhai ) APMC",Brinjal,Round,Local,28/03/2026,2400,3600,3000
"Tamil Nadu",Thanjavur,"Papanasam(Uzhavar Sandhai ) APMC",Ashgourd,Gouard,Local,28/03/2026,2400,2400,2400
"Tamil Nadu",Thanjavur,"Papanasam(Uzhavar Sandhai ) APMC","Green Chilli","Green Chilly",Local,28/03/2026,3600,3900,3750
"Tamil Nadu",Thanjavur,"Papanasam(Uzhavar Sandhai ) APMC",Carrot,Pusakesar,Local,28/03/2026,3600,4800,4200
"Tamil Nadu",Thanjavur,"Papanasam(Uzhavar Sandhai ) APMC",Mango(Raw-Ripe),"Mango - Raw-Ripe",Local,28/03/2026,5400,5400,5400
Uttarakhand,"Garhwal (Pauri)","Kotadwara APMC",Tomato,Tomato,FAQ,28/03/2026,1500,1500,1500
Uttarakhand,"Garhwal (Pauri)","Kotadwara APMC","Water Melon","Water Melon",Small,28/03/2026,1100,1100,1100
Uttarakhand,"Garhwal (Pauri)","Kotadwara APMC",Cauliflower,Cauliflower,FAQ,28/03/2026,700,700,700
Uttarakhand,"Garhwal (Pauri)","Kotadwara APMC","Bottle gourd","Bottle Gourd",FAQ,28/03/2026,1600,1600,1600
Uttarakhand,"Garhwal (Pauri)","Kotadwara APMC",Cabbage,Cabbage,FAQ,28/03/2026,800,800,800
Uttarakhand,Nanital,"Ramnagar APMC",Tomato,Other,Local,28/03/2026,800,1000,900
"Andhra Pradesh",Annamayya,"Valmikipuram APMC",Tomato,Local,FAQ,28/03/2026,760,1060,860
Haryana,Sonipat,"Sonepat APMC",Orange,Orange,Medium,28/03/2026,5000,7500,7000
Uttarakhand,Haridwar,"Haridwar Union APMC",Pomegranate,Other,"Grade C",28/03/2026,6500,7500,6800
Uttarakhand,Haridwar,"Haridwar Union APMC",Banana,Other,"Grade B",28/03/2026,1000,1400,1100
Uttarakhand,Haridwar,"Haridwar Union APMC",Cauliflower,Cauliflower,FAQ,28/03/2026,300,500,400
Uttarakhand,Haridwar,"Haridwar Union APMC",Tomato,Tomato,FAQ,28/03/2026,1000,1400,1200
Rajasthan,Hanumangarh,"Rawatsar APMC",Tomato,Deshi,FAQ,28/03/2026,1700,1700,1700
Punjab,Hoshiarpur,"Tanda Urmur APMC",Potato,Local,"Grade A",28/03/2026,1000,1200,1100
Punjab,Hoshiarpur,"Tanda Urmur APMC",Apple,Apple,"Grade A",28/03/2026,10000,12000,11000
Punjab,Hoshiarpur,"Tanda Urmur APMC",Brinjal,Brinjal,"Grade A",28/03/2026,2500,3000,2800
Punjab,Hoshiarpur,"Tanda Urmur APMC","Field Pea","Field Pea","Grade B",28/03/2026,2500,3000,2800
Punjab,Ludhiana,"Sahnewal APMC","Bitter gourd","Bitter Gourd",FAQ,28/03/2026,6000,6000,6000
Punjab,Ludhiana,"Sahnewal APMC",Tomato,Tomato,FAQ,28/03/2026,2500,2500,2500
Punjab,Jalandhar,"Bhogpur APMC",Raddish,Raddish,Medium,28/03/2026,1100,1100,1100
Odisha,Boudh,"Boudh APMC","Water Melon",Other,Local,28/03/2026,800,1000,900
Odisha,Boudh,"Boudh APMC","Bitter gourd",Other,Local,28/03/2026,3500,4500,4000
Odisha,Boudh,"Boudh APMC",Brinjal,Other,Local,28/03/2026,4000,5000,4500
Odisha,Mayurbhanja,"Betnoti APMC",Cabbage,Cabbage,FAQ,28/03/2026,1200,1600,1400
Odisha,Mayurbhanja,"Betnoti APMC","Bottle gourd","Bottle Gourd",FAQ,28/03/2026,1200,1600,1400
"Tamil Nadu",Coimbatore,"Vadavalli(Uzhavar Sandhai ) APMC",Groundnut,"Big (With Shell)",Local,28/03/2026,6000,7000,6500
"Tamil Nadu",Coimbatore,"Vadavalli(Uzhavar Sandhai ) APMC",Onion,Bellary,Local,28/03/2026,1800,2100,1950
"Tamil Nadu",Coimbatore,"Vadavalli(Uzhavar Sandhai ) APMC","Green Peas","Green Peas",Local,28/03/2026,6000,6800,6400
"Tamil Nadu",Coimbatore,"Vadavalli(Uzhavar Sandhai ) APMC","Water Melon","Water Melon",Local,28/03/2026,2000,2400,2200
"Tamil Nadu",Coimbatore,"Vadavalli(Uzhavar Sandhai ) APMC","Mousambi(Sweet Lime)",Mousambi,Local,28/03/2026,4500,5500,5000
"Tamil Nadu",Coimbatore,"Vadavalli(Uzhavar Sandhai ) APMC",Tomato,Local,Local,28/03/2026,1500,1800,1650
"Tamil Nadu",Coimbatore,"Vadavalli(Uzhavar Sandhai ) APMC","Bottle gourd","Bottle Gourd",Local,28/03/2026,2000,2400,2200
"Tamil Nadu",Coimbatore,"Vadavalli(Uzhavar Sandhai ) APMC",Ashgourd,Gouard,Local,28/03/2026,1500,2000,1750
"Tamil Nadu",Coimbatore,"Vadavalli(Uzhavar Sandhai ) APMC",Cucumbar(Kheera),Cucumbar,Local,28/03/2026,2000,2800,2400
"Tamil Nadu",Coimbatore,"Vadavalli(Uzhavar Sandhai ) APMC",Capsicum,Capsicum,Local,28/03/2026,4400,5000,4700
"Tamil Nadu",Coimbatore,"Vadavalli(Uzhavar Sandhai ) APMC","Green Avare(W)","Green Avare (W)",Local,28/03/2026,5500,6200,5850
"Tamil Nadu",Coimbatore,"Vadavalli(Uzhavar Sandhai ) APMC",Guava,"Guava Allahabad",Local,28/03/2026,4500,5000,4750
"Tamil Nadu",Coimbatore,"Vadavalli(Uzhavar Sandhai ) APMC","Elephant Yam(Suran)/Amorphophallus","Elephant Yam (Suran)",Local,28/03/2026,2200,2700,2450
Nagaland,Kohima,"Kohima APMC",Tomato,Tomato,Local,28/03/2026,3000,3000,3000
Tripura,"North Tripura","Dasda APMC",Potato,Local,FAQ,28/03/2026,1500,1600,1550
"Himachal Pradesh",Mandi,"PMY Kangni Mandi",Papaya,Papaya,"Grade B",28/03/2026,4000,5200,4500
"Himachal Pradesh",Mandi,"PMY Kangni Mandi",Pomegranate,Pomogranate,"Grade B",28/03/2026,12000,16000,15000
"Himachal Pradesh",Mandi,"PMY Kangni Mandi","Water Melon","Water Melon","Grade B",28/03/2026,1400,2200,1800
"Himachal Pradesh",Mandi,"PMY Kangni Mandi","French Beans(Frasbean)","French Beans (Frasbean)","Grade B",28/03/2026,3000,4500,4000
"Himachal Pradesh",Mandi,"PMY Kangni Mandi",Onion,Onion,"Grade B",28/03/2026,1300,1600,1400
"Himachal Pradesh",Mandi,"PMY Kangni Mandi",Potato,Potato,"Grade B",28/03/2026,500,700,600
"Himachal Pradesh",Mandi,"PMY Kangni Mandi",Raddish,Raddish,"Grade B",28/03/2026,1200,2000,1500
"Himachal Pradesh",Mandi,"PMY Kangni Mandi","Snow Mountain Garlic","Snow Mountain Garlic","Grade B",28/03/2026,8000,10000,9000
"Himachal Pradesh",Mandi,"PMY Kangni Mandi","Squash(Chappal Kadoo)","Squash(Chappal Kadoo)","Grade B",28/03/2026,1000,2000,1500
"Uttar Pradesh",Sambhal,"Bhehjoi APMC",Wood,Eucalyptus,Local,28/03/2026,500,510,505
"Tamil Nadu",Dindigul,"Vedasanthur(Uzhavar Sandhai ) APMC",Coconut,Coconut,Local,28/03/2026,4000,4500,4250
Gujarat,Vadodara(Baroda),"Padra APMC",Brinjal,Other,FAQ,28/03/2026,500,750,625
Gujarat,Vadodara(Baroda),"Padra APMC",Cabbage,Other,FAQ,28/03/2026,300,400,350
Gujarat,Vadodara(Baroda),"Padra APMC","Leafy Vegetable","Leafy Vegetables",FAQ,28/03/2026,1000,1500,1250
Gujarat,Vadodara(Baroda),"Padra APMC","Pegeon Pea(Arhar Fali)",Other,FAQ,28/03/2026,5000,6000,5500
Gujarat,Vadodara(Baroda),"Padra APMC",Potato,Other,FAQ,28/03/2026,1200,1800,1500
Kerala,Thiruvananthapuram,"Pappanchani VFPCK APMC",Snakeguard,Other,"Grade A",28/03/2026,3000,3000,3000
Kerala,Thiruvananthapuram,"Pappanchani VFPCK APMC",Cucumbar(Kheera),Cucumbar,"Grade A",28/03/2026,5000,5000,5000
Haryana,"Yamuna Nagar","Sadhaura APMC",Cauliflower,Cauliflower,Local,28/03/2026,1100,2000,1500
Haryana,Hissar,"Barwala(Hisar) APMC",Cucumbar(Kheera),Cucumbar,Local,28/03/2026,1000,1200,1100
Haryana,Hissar,"Barwala(Hisar) APMC",Brinjal,Brinjal,Local,28/03/2026,1500,2000,1800
Haryana,Sonipat,"Ganaur APMC","Peas Wet","Peas Wet",Medium,28/03/2026,2500,3000,2800
Kerala,Kollam,"Channapetta VFPCK APMC","Banana - Green","Banana - Green","Grade A",28/03/2026,5400,5900,5700
Kerala,Alappuzha,"Aroor APMC",Beetroot,Other,FAQ,28/03/2026,5000,5200,5100
Kerala,Alappuzha,"Aroor APMC","Banana - Green","Banana - Green",FAQ,28/03/2026,4000,4200,4100
Kerala,Wayanad,"Pulpally APMC",Amaranthus,Other,Local,28/03/2026,2200,2400,2300
Kerala,Thiruvananthapuram,"Neyyatinkara APMC",Amaranthus,Amaranthus,FAQ,28/03/2026,3400,4000,3600
Kerala,Thiruvananthapuram,"Neyyatinkara APMC","Banana - Green","Banana - Green",FAQ,28/03/2026,5400,6000,5600
Kerala,Thiruvananthapuram,"Neyyatinkara APMC",Ginger(Green),"Green Ginger",FAQ,28/03/2026,6000,12000,8000
Kerala,Thiruvananthapuram,"Neyyatinkara APMC",Snakeguard,Other,FAQ,28/03/2026,3500,4000,3700
Kerala,Thiruvananthapuram,"Neyyatinkara APMC",Carrot,Other,FAQ,28/03/2026,5400,6000,5600
Kerala,Alappuzha,"Chengannur APMC","Bitter gourd",Other,FAQ,28/03/2026,4800,5100,5000
Kerala,Alappuzha,"Chengannur APMC",Ashgourd,Other,FAQ,28/03/2026,1900,2200,2000
Kerala,Alappuzha,"Chengannur APMC","Cluster beans","Cluster Beans",FAQ,28/03/2026,4500,5300,5000
Kerala,Alappuzha,"Chengannur APMC",Garlic,Other,FAQ,28/03/2026,15500,16200,16000
Kerala,Alappuzha,"Chengannur APMC",Onion,Big,FAQ,28/03/2026,1900,2200,2000
Kerala,Alappuzha,"Chengannur APMC",Onion,Small,FAQ,28/03/2026,3800,4200,4000
Kerala,Alappuzha,"Harippad APMC",Beetroot,Beetroot,FAQ,28/03/2026,5000,5500,5000
Kerala,Alappuzha,"Harippad APMC","Bhindi(Ladies Finger)",Other,FAQ,28/03/2026,4000,4500,4000
Kerala,Alappuzha,"Harippad APMC",Cabbage,Cabbage,FAQ,28/03/2026,4000,4500,4000
Kerala,Alappuzha,"Harippad APMC",Onion,Big,FAQ,28/03/2026,2100,2600,2100
Kerala,Alappuzha,"Harippad APMC",Capsicum,Capsicum,FAQ,28/03/2026,7000,7500,7000
Kerala,Alappuzha,"Cherthala APMC","Banana - Green","Banana - Green",FAQ,28/03/2026,3400,3600,3500
Kerala,Alappuzha,"Cherthala APMC",Brinjal,Brinjal,FAQ,28/03/2026,3000,3200,3100
Kerala,Alappuzha,"Cherthala APMC",Snakeguard,Snakeguard,FAQ,28/03/2026,4500,4700,4600
Kerala,Kottayam,"Ettumanoor APMC","Banana - Green","Banana - Green",FAQ,28/03/2026,2400,2600,2500
Kerala,Kottayam,"Ettumanoor APMC",Cabbage,Cabbage,FAQ,28/03/2026,2200,2600,2400
Kerala,Kottayam,"Ettumanoor APMC",Colacasia,Other,FAQ,28/03/2026,4500,4800,4700
"Jammu and Kashmir",Kathua,"Kathua APMC",Papaya,Papaya,"Grade B",28/03/2026,4000,4500,4250
"Jammu and Kashmir",Kathua,"Kathua APMC",Coriander(Leaves),Coriander,FAQ,28/03/2026,2500,3000,2750
"Jammu and Kashmir",Kathua,"Kathua APMC",Lemon,Other,FAQ,28/03/2026,10000,12000,11000
"Jammu and Kashmir",Kathua,"Kathua APMC",Ginger(Green),"Green Ginger",FAQ,28/03/2026,5000,6000,5500
"Jammu and Kashmir",Kathua,"Kathua APMC",Onion,Other,FAQ,28/03/2026,1500,1600,1550
"Jammu and Kashmir",Kathua,"Kathua APMC",Potato,Other,FAQ,28/03/2026,400,500,450
Kerala,Ernakulam,"Thrippunithura APMC",Colacasia,Other,Medium,28/03/2026,6000,6500,6200
Kerala,Ernakulam,"Thrippunithura APMC",Cauliflower,Cauliflower,Medium,28/03/2026,5000,5500,5200
Kerala,Ernakulam,"Thrippunithura APMC",Drumstick,Drumstick,Medium,28/03/2026,5000,6500,5200
Kerala,Ernakulam,"Thrippunithura APMC",Lemon,Other,Medium,28/03/2026,15000,16000,15200
Kerala,Ernakulam,"Thrippunithura APMC",Ginger(Green),"Green Ginger",Medium,28/03/2026,9000,14000,10000
Kerala,Ernakulam,"Thrippunithura APMC","Green Chilli","Green Chilly",Medium,28/03/2026,5000,10000,6000
Kerala,Ernakulam,"Thrippunithura APMC",Onion,Big,Medium,28/03/2026,2100,2500,2100
Kerala,Palakad,"Pattambi APMC",Cucumbar(Kheera),Cucumbar,FAQ,28/03/2026,1500,1800,1600
Kerala,Palakad,"Pattambi APMC",Drumstick,Drumstick,FAQ,28/03/2026,3500,4000,3800
Kerala,Palakad,"Pattambi APMC","Sweet Potato","Sweet Potato",FAQ,28/03/2026,2500,3000,2800
Kerala,Palakad,"Pattambi APMC",Banana,"Nendra Bale","Grade B",28/03/2026,3000,3500,3200
Kerala,Palakad,"Pattambi APMC",Snakeguard,Snakeguard,FAQ,28/03/2026,3000,4000,3500
Kerala,Palakad,"Pattambi APMC","Bhindi(Ladies Finger)",Bhindi,FAQ,28/03/2026,4000,5000,4500
Kerala,Palakad,"Pattambi APMC",Beetroot,Beetroot,FAQ,28/03/2026,2600,3000,2800
Kerala,Palakad,"Pattambi APMC",Cabbage,Cabbage,FAQ,28/03/2026,1500,2000,1800
Kerala,Palakad,"Pattambi APMC",Cauliflower,Cauliflower,FAQ,28/03/2026,2200,3000,2500
Kerala,Palakad,"Pattambi APMC",Ginger(Green),"Green Ginger",FAQ,28/03/2026,7000,8000,7500
Kerala,Idukki,"Kanthaloor VFPCK APMC",Cabbage,Cabbage,FAQ,28/03/2026,3400,3800,3600
Kerala,Thirssur,"Kadukutty VFPCK APMC",Banana,Robusta,"Grade A",28/03/2026,2000,2400,2200
Kerala,Malappuram,"Mankada VFPCK APMC",Banana,"Nendra Bale",Local,28/03/2026,2200,2400,2300
Kerala,Ernakulam,"North Paravur APMC",Amaranthus,Amaranthus,Local,28/03/2026,2500,3000,2800
Kerala,Ernakulam,"North Paravur APMC",Coconut,Big,Local,28/03/2026,5500,6500,5800
"Himachal Pradesh",Solan,"SMY Nalagarh",Tomato,Other,Medium,28/03/2026,1500,2000,1800
"Himachal Pradesh",Solan,"SMY Nalagarh",Kinnow,Other,Medium,28/03/2026,3500,4500,4000
"Himachal Pradesh",Solan,"SMY Nalagarh",Capsicum,Other,Medium,28/03/2026,3500,4500,4000
"Himachal Pradesh",Solan,"SMY Nalagarh",Pumpkin,Other,Medium,28/03/2026,1500,2000,1800
"Himachal Pradesh",Solan,"SMY Nalagarh",Cucumbar(Kheera),Other,Medium,28/03/2026,1500,2000,1800
"Himachal Pradesh",Solan,"SMY Nalagarh",Onion,Other,Medium,28/03/2026,1000,1600,1300
Rajasthan,Dausa,"Lalsot APMC",Barley(Jau),Other,Local,28/03/2026,1921,2081,2060
Rajasthan,Dausa,"Lalsot APMC",Guar,Other,Local,28/03/2026,3500,3500,3500
"Himachal Pradesh",Hamirpur,"SMY Nadaun",Raddish,Raddish,"Grade B",28/03/2026,2000,2200,2100
"Himachal Pradesh",Hamirpur,"SMY Nadaun",Lemon,Other,"Grade B",28/03/2026,15000,16000,15500
"Himachal Pradesh",Hamirpur,"SMY Nadaun",Tomato,Tomato,"Grade B",28/03/2026,2500,3000,2750
"Himachal Pradesh",Kangra,"SMY Baijnath","Mousambi(Sweet Lime)",Mousambi,"Grade B",28/03/2026,5000,5200,5100
"Himachal Pradesh",Kangra,"SMY Baijnath",Cabbage,Cabbage,"Grade A",28/03/2026,1000,1200,1100
"Himachal Pradesh",Kangra,"SMY Baijnath","Green Chilli","Green Chilly","Grade A",28/03/2026,7500,7900,7800
"Himachal Pradesh",Kangra,"SMY Baijnath","Bhindi(Ladies Finger)",Bhindi,"Grade A",28/03/2026,6000,6500,6300
"Himachal Pradesh",Kangra,"SMY Baijnath","Bottle gourd","Bottle Gourd","Grade A",28/03/2026,3200,3600,3400
"Himachal Pradesh",Kangra,"SMY Jaisinghpur",Apple,Apple,Medium,28/03/2026,14500,16000,15500
"Himachal Pradesh",Kangra,"SMY Jaisinghpur",Pomegranate,Other,Medium,28/03/2026,11000,16000,13000
"Himachal Pradesh",Kangra,"SMY Jaisinghpur",Cauliflower,Cauliflower,FAQ,28/03/2026,3600,4000,3800
"Himachal Pradesh",Kangra,"SMY Jaisinghpur",Pumpkin,Pumpkin,FAQ,28/03/2026,2800,4500,3500
"Himachal Pradesh",Kangra,"SMY Jaisinghpur",Carrot,Carrot,FAQ,28/03/2026,2800,3200,3000
"Himachal Pradesh",Kangra,"SMY Jaisinghpur",Banana,"Banana - Ripe",Medium,28/03/2026,4800,5200,5000
"Himachal Pradesh",Kangra,"SMY Nagrota Bagwan","Bhindi(Ladies Finger)",Bhindi,FAQ,28/03/2026,6500,7500,7000
"Himachal Pradesh",Kangra,"SMY Nagrota Bagwan",Cucumbar(Kheera),Cucumbar,FAQ,28/03/2026,1500,1600,1500
"Himachal Pradesh",Kangra,"SMY Nagrota Bagwan","French Beans(Frasbean)","French Beans (Frasbean)",FAQ,28/03/2026,5200,5400,5300
"Uttar Pradesh",Maharajganj,"Anandnagar APMC",Papaya,Papaya,Medium,28/03/2026,2420,2620,2520
"West Bengal",Darjeeling,"Siliguri APMC","Black Gram Dal(Urd Dal)","Black Gram Dal",FAQ,28/03/2026,9900,10100,10000
"West Bengal",Darjeeling,"Siliguri APMC",Onion,Onion,FAQ,28/03/2026,1900,2100,2000
"Tamil Nadu",Erode,"Gobichettipalayam(Uzhavar Sandhai ) APMC",Potato,Other,Local,28/03/2026,3600,4000,3800
"Tamil Nadu",Erode,"Gobichettipalayam(Uzhavar Sandhai ) APMC","Bitter gourd","Bitter Gourd",Local,28/03/2026,4500,5000,4750
"Tamil Nadu",Erode,"Gobichettipalayam(Uzhavar Sandhai ) APMC","Green Chilli","Green Chilly",Local,28/03/2026,4000,4500,4250
"Tamil Nadu",Erode,"Gobichettipalayam(Uzhavar Sandhai ) APMC",Tapioca,Tapioca,Local,28/03/2026,2200,2500,2350
"Tamil Nadu",Erode,"Gobichettipalayam(Uzhavar Sandhai ) APMC",Guava,"Guava Allahabad",Local,28/03/2026,4500,5000,4750
"Tamil Nadu",Erode,"Gobichettipalayam(Uzhavar Sandhai ) APMC",Lemon,Lemon,Local,28/03/2026,12000,13000,12500
"Tamil Nadu",Erode,"Gobichettipalayam(Uzhavar Sandhai ) APMC","Onion Green","Onion Green",Local,28/03/2026,2000,2500,2250
"Tamil Nadu",Erode,"Sathiyamagalam(Uzhavar Sandhai ) APMC",Snakeguard,Snakeguard,Local,28/03/2026,3000,3600,3300
"Tamil Nadu",Erode,"Sathiyamagalam(Uzhavar Sandhai ) APMC",Ridgeguard(Tori),Ridgeguard(Tori),Local,28/03/2026,4000,4300,4150
"Tamil Nadu",Erode,"Sathiyamagalam(Uzhavar Sandhai ) APMC",Raddish,Raddish,Local,28/03/2026,2500,3000,2750
"Tamil Nadu",Erode,"Sathiyamagalam(Uzhavar Sandhai ) APMC","Green Avare(W)",Other,Local,28/03/2026,5000,5500,5250
"Tamil Nadu",Erode,"Sathiyamagalam(Uzhavar Sandhai ) APMC",Drumstick,Drumstick,Local,28/03/2026,1500,2000,1750
"Tamil Nadu",Erode,"Sathiyamagalam(Uzhavar Sandhai ) APMC","Knool Khol","Knool Khol",Local,28/03/2026,5000,5500,5250
"Himachal Pradesh",Una,"SMY Santoshgarh","Peas Wet","Peas Wet",FAQ,28/03/2026,2100,2400,2250
"Himachal Pradesh",Una,"SMY Santoshgarh",Cauliflower,Cauliflower,FAQ,28/03/2026,2400,3000,2700
"Himachal Pradesh",Una,"SMY Santoshgarh",Pomegranate,Other,"Grade A",28/03/2026,12400,12400,12400
"Himachal Pradesh",Una,"SMY Santoshgarh",Guava,Guava,"Grade A",28/03/2026,6400,6400,6400
"Uttar Pradesh",Etawah,"Jasvantnagar APMC",Potato,Desi,Medium,28/03/2026,500,700,600
"Andaman and Nicobar","North and Middle Andaman ","Diglipur APMC",Amaranthus,Other,FAQ,28/03/2026,1500,3000,2000
"Andaman and Nicobar","North and Middle Andaman ","Diglipur APMC",Ashgourd,Other,FAQ,28/03/2026,2000,4000,3000
"Andaman and Nicobar","North and Middle Andaman ","Diglipur APMC","French Beans(Frasbean)",Other,FAQ,28/03/2026,5000,10000,7000
"Andaman and Nicobar","North and Middle Andaman ","Diglipur APMC","Bottle gourd",Other,FAQ,28/03/2026,2000,4000,3000
"Andaman and Nicobar","North and Middle Andaman ","Diglipur APMC",Brinjal,Other,FAQ,28/03/2026,2000,4000,3000
"Andaman and Nicobar","North and Middle Andaman ","Diglipur APMC",Snakeguard,Other,FAQ,28/03/2026,2000,4000,3000
"Andaman and Nicobar","North and Middle Andaman ","Diglipur APMC","Black Gram(Urd Beans)(Whole)",Other,FAQ,28/03/2026,8000,12000,9500
"Andaman and Nicobar","North and Middle Andaman ","Diglipur APMC","Green Gram(Moong)(Whole)",Other,FAQ,28/03/2026,8000,12000,9500
"Andaman and Nicobar","North and Middle Andaman ","Diglipur APMC",Turmeric,Other,FAQ,28/03/2026,20000,30000,25000
"Tamil Nadu",Namakkal,"Tiruchengode APMC",Brinjal,Other,Local,28/03/2026,3500,4000,3750
"Tamil Nadu",Namakkal,"Tiruchengode APMC","Bhindi(Ladies Finger)",Bhindi,Local,28/03/2026,5000,5600,5300
"Tamil Nadu",Namakkal,"Tiruchengode APMC",Ginger(Green),"Green Ginger",Local,28/03/2026,6200,7000,6600
"Tamil Nadu",Namakkal,"Tiruchengode APMC",Beetroot,Beetroot,Local,28/03/2026,4500,5000,4750
"Tamil Nadu",Namakkal,"Tiruchengode APMC",Cucumbar(Kheera),Cucumbar,Local,28/03/2026,6600,7500,7050
"Tamil Nadu",Namakkal,"Tiruchengode APMC","Chow Chow","Chow Chow",Local,28/03/2026,2600,3000,2800
"Tamil Nadu",Thiruchirappalli,"Thuraiyur APMC","Banana - Green","Banana - Green",Local,28/03/2026,2000,2500,2250
"Tamil Nadu",Thiruchirappalli,"Thuraiyur APMC",Beans,"Beans (Whole)",Local,28/03/2026,6000,7000,6500
"Tamil Nadu",Thiruchirappalli,"Thuraiyur APMC",Coconut,Coconut,Local,28/03/2026,5000,5600,5300
"Tamil Nadu",Thiruchirappalli,"Thuraiyur APMC",Cabbage,Cabbage,Local,28/03/2026,1800,2200,2000
"Tamil Nadu",Thiruchirappalli,"Thuraiyur APMC","Green Avare(W)",Other,Local,28/03/2026,5000,6000,5500
"Tamil Nadu",Ariyalur,"Ariyalur(Uzhavar Sandhai) APMC",Coriander(Leaves),"I Sort",Local,28/03/2026,4500,5000,4750
"Tamil Nadu",Ariyalur,"Ariyalur(Uzhavar Sandhai) APMC",Tomato,Deshi,Local,28/03/2026,1400,1800,1600
"Tamil Nadu",Ariyalur,"Ariyalur(Uzhavar Sandhai) APMC",Amaranthus,Amaranthus,Local,28/03/2026,3000,3400,3200
"Tamil Nadu",Ariyalur,"Ariyalur(Uzhavar Sandhai) APMC","Green Chilli","Green Chilly",Local,28/03/2026,3500,4000,3750
"Tamil Nadu",Ariyalur,"Ariyalur(Uzhavar Sandhai) APMC",Beans,"Beans (Whole)",Local,28/03/2026,5500,6000,5750
"Tamil Nadu",Ariyalur,"Ariyalur(Uzhavar Sandhai) APMC",Ginger(Green),"Green Ginger",Local,28/03/2026,7000,8000,7500
"Tamil Nadu",Ariyalur,"Ariyalur(Uzhavar Sandhai) APMC",Carrot,Pusakesar,Local,28/03/2026,4500,5000,4750
"Tamil Nadu",Ariyalur,"Ariyalur(Uzhavar Sandhai) APMC",Snakeguard,Snakeguard,Local,28/03/2026,3000,3400,3200
"Madhya Pradesh",Khandwa,"Khandwa(F&V) APMC",Cabbage,Cabbage,FAQ,28/03/2026,300,600,400
"Madhya Pradesh",Khandwa,"Khandwa(F&V) APMC","Bhindi(Ladies Finger)",Bhindi,FAQ,28/03/2026,1000,3000,1500
"Tamil Nadu",Coimbatore,"RSPuram(Uzhavar Sandhai ) APMC",Apple,American,Local,28/03/2026,20000,26000,23000
"Tamil Nadu",Coimbatore,"RSPuram(Uzhavar Sandhai ) APMC",Mango,Other,Local,28/03/2026,10000,12000,11000
"Tamil Nadu",Coimbatore,"RSPuram(Uzhavar Sandhai ) APMC",Pineapple,"Pine Apple",Local,28/03/2026,5400,5800,5600
"Tamil Nadu",Coimbatore,"RSPuram(Uzhavar Sandhai ) APMC",Chikoos(Sapota),Sapota,Local,28/03/2026,3500,4000,3750
"Tamil Nadu",Coimbatore,"RSPuram(Uzhavar Sandhai ) APMC",Tomato,Local,Local,28/03/2026,1600,1800,1700
"Tamil Nadu",Coimbatore,"RSPuram(Uzhavar Sandhai ) APMC","Cluster beans","Cluster Beans",Local,28/03/2026,3200,3800,3500
"Tamil Nadu",Coimbatore,"RSPuram(Uzhavar Sandhai ) APMC","Sweet Potato","Hosur Red",Local,28/03/2026,2000,2600,2300
"Tamil Nadu",Coimbatore,"RSPuram(Uzhavar Sandhai ) APMC","Chow Chow","Chow Chow",Local,28/03/2026,2200,2400,2300
"Tamil Nadu",Coimbatore,"RSPuram(Uzhavar Sandhai ) APMC",Drumstick,Drumstick,Local,28/03/2026,2800,3200,3000
"Tamil Nadu",Coimbatore,"RSPuram(Uzhavar Sandhai ) APMC","Knool Khol","Knool Khol",Local,28/03/2026,2800,3200,3000
"Tamil Nadu",Coimbatore,"RSPuram(Uzhavar Sandhai ) APMC","Tender Coconut","Tender Coconut",Local,28/03/2026,3400,3800,3600
"Tamil Nadu",Coimbatore,"Singanallur(Uzhavar Sandhai ) APMC",Garlic,Garlic,Local,28/03/2026,12000,16000,14000
"Tamil Nadu",Coimbatore,"Singanallur(Uzhavar Sandhai ) APMC",Cauliflower,Ranchi,Local,28/03/2026,3000,3400,3200
"Tamil Nadu",Coimbatore,"Singanallur(Uzhavar Sandhai ) APMC","Green Peas","Green Peas",Local,28/03/2026,8000,8500,8250
"Tamil Nadu",Coimbatore,"Singanallur(Uzhavar Sandhai ) APMC","Bitter gourd","Bitter Gourd",Local,28/03/2026,4200,5200,4700
"Tamil Nadu",Coimbatore,"Singanallur(Uzhavar Sandhai ) APMC",Cowpea(Veg),"Cowpea (Veg)",Local,28/03/2026,2500,3000,2750
"Tamil Nadu",Coimbatore,"Singanallur(Uzhavar Sandhai ) APMC",Ginger(Green),"Green Ginger",Local,28/03/2026,6800,7200,7000
"Tamil Nadu",Coimbatore,"Singanallur(Uzhavar Sandhai ) APMC",Coconut,Coconut,Local,28/03/2026,5000,5300,5150
"Tamil Nadu",Coimbatore,"Singanallur(Uzhavar Sandhai ) APMC",Thondekai,Thondekai,Local,28/03/2026,2800,3400,3100
"Tamil Nadu",Coimbatore,"Singanallur(Uzhavar Sandhai ) APMC",Pomegranate,Pomogranate,Local,28/03/2026,22000,23000,22500
"Tamil Nadu",Coimbatore,"Singanallur(Uzhavar Sandhai ) APMC","Amla(Nelli Kai)",Amla,Local,28/03/2026,6500,7500,7000
"Tamil Nadu",Coimbatore,"Singanallur(Uzhavar Sandhai ) APMC",Mint(Pudina),Mint(Pudina),Local,28/03/2026,3000,3500,3250
"Himachal Pradesh",Kangra,"PMY Kangra",Guava,Other,Medium,28/03/2026,8000,9000,8500
"Himachal Pradesh",Kangra,"PMY Kangra",Papaya,Other,Medium,28/03/2026,4000,4500,4200
"Himachal Pradesh",Kangra,"PMY Kangra",Orange,Orange,Medium,28/03/2026,8000,10000,9000
"Himachal Pradesh",Kangra,"PMY Kangra","Karbuja(Musk Melon)",Karbhuja,Medium,28/03/2026,4000,4500,4200
"Himachal Pradesh",Kangra,"PMY Kangra","Water Melon","Water Melon",Medium,28/03/2026,2000,3000,2500
"Himachal Pradesh",Kangra,"PMY Kangra",Potato,Potato,FAQ,28/03/2026,800,1000,900
"Himachal Pradesh",Kangra,"PMY Kangra","Bottle gourd","Bottle Gourd",FAQ,28/03/2026,2500,3000,2700
"Himachal Pradesh",Kangra,"PMY Kangra",Spinach,Spinach,FAQ,28/03/2026,2000,2500,2200
Haryana,Mahendragarh-Narnaul,"Narnaul APMC",Raddish,Raddish,Medium,28/03/2026,1000,1500,1500
Haryana,Mahendragarh-Narnaul,"Narnaul APMC",Coriander(Leaves),Coriander,Medium,28/03/2026,2000,3000,2500
Haryana,Mahendragarh-Narnaul,"Narnaul APMC",Brinjal,Brinjal,Medium,28/03/2026,1500,2500,2000
Haryana,Mahendragarh-Narnaul,"Narnaul APMC",Cucumbar(Kheera),Cucumbar,Medium,28/03/2026,1000,1500,1200
Haryana,Mahendragarh-Narnaul,"Narnaul APMC",Mango(Raw-Ripe),"Mango - Raw-Ripe",Medium,28/03/2026,6000,7000,7000
Haryana,Mahendragarh-Narnaul,"Narnaul APMC","Green Chilli","Green Chilly",Medium,28/03/2026,4000,7000,5000
Haryana,Mahendragarh-Narnaul,"Narnaul APMC","Bitter gourd","Bitter Gourd",Medium,28/03/2026,4000,6000,5000
Gujarat,Rajkot,"Rajkot(Veg.Sub Yard) APMC","Bottle gourd","Bottle Gourd",FAQ,28/03/2026,945,1505,1225
"Uttar Pradesh",Raebarelli,"Lalganj APMC",Paddy(Common),Common,FAQ,28/03/2026,2200,2250,2225
"Uttar Pradesh",Amroha,"Hasanpur APMC","Green Chilli","Green Chilly",FAQ,28/03/2026,2100,2222,2150
"Uttar Pradesh",Amroha,"Hasanpur APMC",Colacasia,Colacasia,FAQ,28/03/2026,1450,1520,1500
"Tamil Nadu",Coimbatore,"Pollachi(Uzhavar Sandhai ) APMC",Banana,"Red Banana",Local,28/03/2026,7000,8000,7500
"Tamil Nadu",Coimbatore,"Pollachi(Uzhavar Sandhai ) APMC",Garlic,Garlic,Local,28/03/2026,13000,16000,14500
"Tamil Nadu",Coimbatore,"Pollachi(Uzhavar Sandhai ) APMC",Brinjal,Other,Local,28/03/2026,2000,2500,2250
"Tamil Nadu",Coimbatore,"Pollachi(Uzhavar Sandhai ) APMC",Coriander(Leaves),"I Sort",Local,28/03/2026,5000,5500,5250
"Tamil Nadu",Coimbatore,"Pollachi(Uzhavar Sandhai ) APMC","Bottle gourd","Bottle Gourd",Local,28/03/2026,2000,2500,2250
"Tamil Nadu",Coimbatore,"Pollachi(Uzhavar Sandhai ) APMC","Green Chilli","Green Chilly",Local,28/03/2026,3500,4000,3750
"Tamil Nadu",Coimbatore,"Pollachi(Uzhavar Sandhai ) APMC",Cowpea(Veg),"Cowpea (Veg)",Local,28/03/2026,3000,3500,3250
"Tamil Nadu",Coimbatore,"Pollachi(Uzhavar Sandhai ) APMC",Beetroot,Beetroot,Local,28/03/2026,2500,4500,3500
"Tamil Nadu",Coimbatore,"Pollachi(Uzhavar Sandhai ) APMC",Thondekai,Thondekai,Local,28/03/2026,3000,3500,3250
"Uttar Pradesh",Shahjahanpur,"Jalalabad APMC",Mustard,Mustard,FAQ,28/03/2026,5000,6000,5500
"Uttar Pradesh",Shahjahanpur,"Jalalabad APMC",Groundnut,Hybrid,FAQ,28/03/2026,5500,5980,5740
"Uttar Pradesh",Shamli,"Kairana APMC","Bottle gourd","Bottle Gourd",FAQ,28/03/2026,1100,1200,1150
"Uttar Pradesh",Shamli,"Kairana APMC","Pea Pod/Pea Cod/हरी मटर","Peas cod",FAQ,28/03/2026,1500,1600,1550
"Uttar Pradesh",Shamli,"Kairana APMC",Onion,Red,FAQ,28/03/2026,1200,1300,1250
Gujarat,Sabarkantha,"Meghraj APMC",Wheat,Other,Local,28/03/2026,2450,2650,2650
"Tamil Nadu",Coimbatore,"Mettupalayam(Uzhavar Sandhai ) APMC","Cluster beans","Cluster Beans",Local,28/03/2026,3500,4000,3750
"Tamil Nadu",Coimbatore,"Mettupalayam(Uzhavar Sandhai ) APMC",Amaranthus,Amaranthus,Local,28/03/2026,3000,4000,3500
"Tamil Nadu",Coimbatore,"Mettupalayam(Uzhavar Sandhai ) APMC",Ginger(Green),"Green Ginger",Local,28/03/2026,6500,7000,6750
"Tamil Nadu",Coimbatore,"Mettupalayam(Uzhavar Sandhai ) APMC",Snakeguard,Snakeguard,Local,28/03/2026,2500,3000,2750
"Tamil Nadu",Coimbatore,"Mettupalayam(Uzhavar Sandhai ) APMC",Guava,"Guava Allahabad",Local,28/03/2026,5000,6000,5500
"Tamil Nadu",Coimbatore,"Mettupalayam(Uzhavar Sandhai ) APMC",Lemon,Lemon,Local,28/03/2026,12000,13500,12750
"Tamil Nadu",Coimbatore,"Mettupalayam(Uzhavar Sandhai ) APMC",Turnip,Turnip,Local,28/03/2026,2500,3000,2750
"Tamil Nadu",Coimbatore,"Mettupalayam(Uzhavar Sandhai ) APMC","Onion Green","Onion Green",Local,28/03/2026,2500,3000,2750
"Uttar Pradesh","Khiri (Lakhimpur)","Maigalganj APMC","Bhindi(Ladies Finger)",Bhindi,FAQ,28/03/2026,1150,1200,1175
"Uttar Pradesh","Khiri (Lakhimpur)","Maigalganj APMC",Cucumbar(Kheera),Cucumbar,FAQ,28/03/2026,1420,1460,1440
"Uttar Pradesh","Khiri (Lakhimpur)","Maigalganj APMC",Cauliflower,Local,FAQ,28/03/2026,1220,1260,1240
"Uttar Pradesh","Sant Kabir Nagar","Khalilabad APMC","Pointed gourd(Parval)","Pointed gourd (Parval)",Medium,28/03/2026,8000,8000,8000
"Uttar Pradesh","Sant Kabir Nagar","Khalilabad APMC",Onion,Red,Medium,28/03/2026,1600,1600,1600
"Uttar Pradesh",Saharanpur,"Rampurmaniharan APMC","Bhindi(Ladies Finger)",Bhindi,"Grade B",28/03/2026,2100,2100,2100
"Uttar Pradesh",Saharanpur,"Rampurmaniharan APMC",Brinjal,Brinjal,"Grade C",28/03/2026,1100,1100,1100
Telangana,Mahbubnagar,"Mahabubnagar(Rythu Bazar) APMC","Green Chilli","Green Chilly",Local,28/03/2026,5000,5000,5000
"Andhra Pradesh","East Godavari","Ravulapelem APMC",Banana,Desi(Bontha),Local,28/03/2026,1400,2100,1700
"Uttar Pradesh",Bareilly,"Anwala APMC",Onion,Onion,FAQ,28/03/2026,1200,1200,1200
"Uttar Pradesh","Siddharth Nagar","Naugarh APMC",Banana,Other,"Grade A",28/03/2026,1580,1580,1580
"Uttar Pradesh","Siddharth Nagar","Naugarh APMC",Brinjal,Brinjal,"Grade A",28/03/2026,1850,1850,1850
"Uttar Pradesh","Siddharth Nagar","Naugarh APMC",Raddish,Raddish,"Grade A",28/03/2026,1320,1320,1320
Odisha,Bargarh,"Bargarh(Barapalli) APMC",Potato,Potato,Local,28/03/2026,1200,1700,1500
"Uttar Pradesh",Agra,"Khairagarh APMC","Green Chilli","Green Chilly",FAQ,28/03/2026,5000,5100,5050
"Tamil Nadu",Karur,"Karur(Uzhavar Sandhai ) APMC","Bitter gourd",Other,Local,28/03/2026,3500,4000,3750
"Tamil Nadu",Karur,"Karur(Uzhavar Sandhai ) APMC",Ginger(Green),"Green Ginger",Local,28/03/2026,7500,8000,7750
"Tamil Nadu",Karur,"Karur(Uzhavar Sandhai ) APMC",Coconut,Coconut,Local,28/03/2026,5000,5500,5250
"Tamil Nadu",Karur,"Karur(Uzhavar Sandhai ) APMC",Cucumbar(Kheera),Cucumbar,Local,28/03/2026,7500,8000,7750
"Tamil Nadu",Karur,"Karur(Uzhavar Sandhai ) APMC",Mango(Raw-Ripe),"Mango - Raw-Ripe",Local,28/03/2026,5500,6000,5750
"Tamil Nadu",Karur,"Karur(Uzhavar Sandhai ) APMC","Amla(Nelli Kai)",Amla,Local,28/03/2026,7500,8000,7750
"Tamil Nadu",Karur,"Karur(Uzhavar Sandhai ) APMC",Mint(Pudina),Mint(Pudina),Local,28/03/2026,3500,4000,3750
Tripura,Unokoti,Machmara,Carrot,Carrot,FAQ,28/03/2026,2300,2500,2400
Tripura,Unokoti,Machmara,"Green Chilli","Green Chilly",FAQ,28/03/2026,12400,12600,12500
"Tamil Nadu",Coimbatore,"Kurichi(Uzhavar Sandhai ) APMC",Coriander(Leaves),"I Sort",Local,28/03/2026,3500,4000,3750
"Tamil Nadu",Coimbatore,"Kurichi(Uzhavar Sandhai ) APMC",Papaya,Papaya,Local,28/03/2026,3500,4000,3750
"Tamil Nadu",Coimbatore,"Kurichi(Uzhavar Sandhai ) APMC",Amaranthus,Amaranthus,Local,28/03/2026,3000,3500,3250
"Tamil Nadu",Coimbatore,"Kurichi(Uzhavar Sandhai ) APMC",Mango(Raw-Ripe),"Mango - Raw-Ripe",Local,28/03/2026,4000,4500,4250
"Tamil Nadu",Cuddalore,"Cuddalore(Uzhavar Sandhai ) APMC",Brinjal,Round,Local,28/03/2026,3000,4000,3500
"Tamil Nadu",Cuddalore,"Cuddalore(Uzhavar Sandhai ) APMC",Chikoos(Sapota),Sapota,Local,28/03/2026,4000,5000,4500
"Tamil Nadu",Cuddalore,"Cuddalore(Uzhavar Sandhai ) APMC","Bottle gourd","Bottle Gourd",Local,28/03/2026,2000,2000,2000
"Tamil Nadu",Cuddalore,"Cuddalore(Uzhavar Sandhai ) APMC",Ashgourd,Gouard,Local,28/03/2026,2500,2500,2500
"Tamil Nadu",Cuddalore,"Cuddalore(Uzhavar Sandhai ) APMC",Amaranthus,Amaranthus,Local,28/03/2026,2000,3000,2500
"Tamil Nadu",Cuddalore,"Cuddalore(Uzhavar Sandhai ) APMC",Beans,"Beans (Whole)",Local,28/03/2026,7000,7000,7000
"Tamil Nadu",Cuddalore,"Cuddalore(Uzhavar Sandhai ) APMC",Carrot,Pusakesar,Local,28/03/2026,3000,3000,3000
"Tamil Nadu",Cuddalore,"Cuddalore(Uzhavar Sandhai ) APMC",Cabbage,Cabbage,Local,28/03/2026,2500,2500,2500
"Tamil Nadu",Cuddalore,"Cuddalore(Uzhavar Sandhai ) APMC",Capsicum,Capsicum,Local,28/03/2026,5000,5000,5000
"Tamil Nadu",Cuddalore,"Viruthachalam(Uzhavar Sandhai ) APMC",Papaya,Papaya,Local,28/03/2026,4000,4500,4250
"Tamil Nadu",Cuddalore,"Viruthachalam(Uzhavar Sandhai ) APMC","Bottle gourd","Bottle Gourd",Local,28/03/2026,2000,2500,2250
"Tamil Nadu",Cuddalore,"Viruthachalam(Uzhavar Sandhai ) APMC","Bhindi(Ladies Finger)",Bhindi,Local,28/03/2026,4000,4000,4000
"Tamil Nadu",Cuddalore,"Viruthachalam(Uzhavar Sandhai ) APMC",Ginger(Green),"Green Ginger",Local,28/03/2026,7000,7000,7000
"Tamil Nadu",Cuddalore,"Viruthachalam(Uzhavar Sandhai ) APMC",Coconut,Coconut,Local,28/03/2026,5500,6000,5750
"Tamil Nadu",Cuddalore,"Viruthachalam(Uzhavar Sandhai ) APMC","Green Avare(W)","Green Avare (W)",Local,28/03/2026,7000,10000,8500
"Tamil Nadu",Cuddalore,"Viruthachalam(Uzhavar Sandhai ) APMC","Chow Chow","Chow Chow",Local,28/03/2026,2500,2500,2500
"Tamil Nadu",Cuddalore,"Vadalur(Uzhavar Sandhai ) APMC","Bitter gourd",Other,Local,28/03/2026,5000,5000,5000
"Tamil Nadu",Cuddalore,"Vadalur(Uzhavar Sandhai ) APMC",Carrot,Pusakesar,Local,28/03/2026,3000,3000,3000
"Tamil Nadu",Cuddalore,"Vadalur(Uzhavar Sandhai ) APMC",Ridgeguard(Tori),Ridgeguard(Tori),Local,28/03/2026,5000,5000,5000
"Tamil Nadu",Cuddalore,"Vadalur(Uzhavar Sandhai ) APMC","Green Avare(W)",Other,Local,28/03/2026,6000,6000,6000
"Tamil Nadu",Cuddalore,"Vadalur(Uzhavar Sandhai ) APMC","Chow Chow","Chow Chow",Local,28/03/2026,3000,3000,3000
"Tamil Nadu",Cuddalore,"Vadalur(Uzhavar Sandhai ) APMC",Mango(Raw-Ripe),"Mango - Raw-Ripe",Local,28/03/2026,4000,4000,4000
"Tamil Nadu",Dharmapuri,"Dharmapuri(Uzhavar Sandhai ) APMC","Chow Chow","Chow Chow",Local,28/03/2026,3000,3200,3100
"Tamil Nadu",Dharmapuri,"Dharmapuri(Uzhavar Sandhai ) APMC","Elephant Yam(Suran)/Amorphophallus","Elephant Yam (Suran)",Local,28/03/2026,3800,4000,3900
"Tamil Nadu",Dharmapuri,"Dharmapuri(Uzhavar Sandhai ) APMC",Yam(Ratalu),"Yam (Ratalu)",Local,28/03/2026,8200,8400,8300
"Tamil Nadu",Dharmapuri,"Dharmapuri(Uzhavar Sandhai ) APMC",Mashrooms,Mashrooms,Local,28/03/2026,12600,13000,12800
"Tamil Nadu",Dharmapuri,"Dharmapuri(Uzhavar Sandhai ) APMC","Sweet Corn ","Sweet Corn ",Local,28/03/2026,2400,2600,2500
"Tamil Nadu",Dharmapuri,"Pennagaram(Uzhavar Sandhai ) APMC",Groundnut,"Big (With Shell)",Local,28/03/2026,6300,6500,6400
"Tamil Nadu",Dharmapuri,"Pennagaram(Uzhavar Sandhai ) APMC",Papaya,Papaya,Local,28/03/2026,2800,3000,2900
"Tamil Nadu",Dharmapuri,"Pennagaram(Uzhavar Sandhai ) APMC",Cowpea(Veg),"Cowpea (Veg)",Local,28/03/2026,5800,6000,5900
"Tamil Nadu",Dharmapuri,"Pennagaram(Uzhavar Sandhai ) APMC",Beans,"Beans (Whole)",Local,28/03/2026,7800,8000,7900
"Tamil Nadu",Dharmapuri,"Pennagaram(Uzhavar Sandhai ) APMC",Snakeguard,Snakeguard,Local,28/03/2026,2800,3000,2900
"Tamil Nadu",Dharmapuri,"Pennagaram(Uzhavar Sandhai ) APMC","Chow Chow","Chow Chow",Local,28/03/2026,3800,4000,3900
"Tamil Nadu",Dharmapuri,"Pennagaram(Uzhavar Sandhai ) APMC",Lemon,Lemon,Local,28/03/2026,14800,15000,14900
"Tamil Nadu",Dharmapuri,"Palacode(Uzhavar Sandhai ) APMC",Banana,Poovan,Local,28/03/2026,4000,4500,4250
"Tamil Nadu",Dharmapuri,"Palacode(Uzhavar Sandhai ) APMC",Tomato,Local,Local,28/03/2026,1200,1500,1350
"Tamil Nadu",Dharmapuri,"Palacode(Uzhavar Sandhai ) APMC","Cluster beans","Cluster Beans",Local,28/03/2026,4000,4400,4200
"Tamil Nadu",Dharmapuri,"Palacode(Uzhavar Sandhai ) APMC","Banana - Green","Banana - Green",Local,28/03/2026,2000,2500,2250
"Tamil Nadu",Dharmapuri,"Palacode(Uzhavar Sandhai ) APMC",Beetroot,Beetroot,Local,28/03/2026,3000,3500,3250
"Tamil Nadu",Dharmapuri,"Palacode(Uzhavar Sandhai ) APMC","Green Avare(W)","Green Avare (W)",Local,28/03/2026,3200,3500,3350
"Tamil Nadu",Dharmapuri,"Palacode(Uzhavar Sandhai ) APMC","Chow Chow","Chow Chow",Local,28/03/2026,2600,3000,2800
"Tamil Nadu",Dharmapuri,"Palacode(Uzhavar Sandhai ) APMC","Tamarind Fruit","Tamarind Fruit",Local,28/03/2026,13500,14000,13750
"Tamil Nadu",Dharmapuri,"Palacode(Uzhavar Sandhai ) APMC","Indian Beans(Seam)","Indian Beans (Seam)",Local,28/03/2026,5600,6000,5800
"Tamil Nadu",Dharmapuri,"Palacode(Uzhavar Sandhai ) APMC",Lemon,Lemon,Local,28/03/2026,14500,15000,14750
"Tamil Nadu",Dharmapuri,"AJattihalli(Uzhavar Sandhai ) APMC",Groundnut,"Big (With Shell)",Local,28/03/2026,7500,7500,7500
"Tamil Nadu",Dharmapuri,"AJattihalli(Uzhavar Sandhai ) APMC",Banana,"Elakki Bale",Local,28/03/2026,6000,6000,6000
"Tamil Nadu",Dharmapuri,"AJattihalli(Uzhavar Sandhai ) APMC",Garlic,Garlic,Local,28/03/2026,13000,16600,14800
"Tamil Nadu",Dharmapuri,"AJattihalli(Uzhavar Sandhai ) APMC","Green Peas","Green Peas",Local,28/03/2026,11000,11000,11000
"Tamil Nadu",Dharmapuri,"AJattihalli(Uzhavar Sandhai ) APMC","Banana - Green","Banana - Green",Local,28/03/2026,2500,3000,2750
"Tamil Nadu",Dharmapuri,"AJattihalli(Uzhavar Sandhai ) APMC",Carrot,Pusakesar,Local,28/03/2026,3000,3400,3200
"Tamil Nadu",Dharmapuri,"AJattihalli(Uzhavar Sandhai ) APMC",Capsicum,Capsicum,Local,28/03/2026,6000,6000,6000
"Tamil Nadu",Dharmapuri,"AJattihalli(Uzhavar Sandhai ) APMC","Knool Khol","Knool Khol",Local,28/03/2026,3800,3800,3800
"Tamil Nadu",Dharmapuri,"AJattihalli(Uzhavar Sandhai ) APMC","Onion Green","Onion Green",Local,28/03/2026,3000,3000,3000
"Tamil Nadu",Erode,"Periyar Nagar(Uzhavar Sandhai ) APMC",Pumpkin,Pumpkin,Local,28/03/2026,1400,1600,1500
"Tamil Nadu",Erode,"Periyar Nagar(Uzhavar Sandhai ) APMC",Amaranthus,Amaranthus,Local,28/03/2026,3000,3500,3250
"Tamil Nadu",Erode,"Periyar Nagar(Uzhavar Sandhai ) APMC","Green Chilli","Green Chilly",Local,28/03/2026,3000,3400,3200
"Tamil Nadu",Erode,"Periyar Nagar(Uzhavar Sandhai ) APMC",Tapioca,Tapioca,Local,28/03/2026,1800,2000,1900
"Tamil Nadu",Erode,"Periyar Nagar(Uzhavar Sandhai ) APMC",Cucumbar(Kheera),Cucumbar,Local,28/03/2026,4500,5000,4750
"Tamil Nadu",Erode,"Perundurai(Uzhavar Sandhai ) APMC",Papaya,Papaya,Local,28/03/2026,2500,3000,2750
"Tamil Nadu",Erode,"Perundurai(Uzhavar Sandhai ) APMC","Bhindi(Ladies Finger)",Bhindi,Local,28/03/2026,5500,5800,5650
"Tamil Nadu",Erode,"Perundurai(Uzhavar Sandhai ) APMC",Amaranthus,Amaranthus,Local,28/03/2026,3000,3500,3250
"Tamil Nadu",Erode,"Perundurai(Uzhavar Sandhai ) APMC",Coconut,Coconut,Local,28/03/2026,4000,4500,4250
"Tamil Nadu",Erode,"Perundurai(Uzhavar Sandhai ) APMC",Snakeguard,Snakeguard,Local,28/03/2026,4200,4500,4350
"Tamil Nadu",Erode,"Perundurai(Uzhavar Sandhai ) APMC",Beetroot,Beetroot,Local,28/03/2026,4000,4200,4100
"Tamil Nadu",Erode,"Perundurai(Uzhavar Sandhai ) APMC",Ridgeguard(Tori),Ridgeguard(Tori),Local,28/03/2026,3200,3400,3300
"Tamil Nadu",Erode,"Perundurai(Uzhavar Sandhai ) APMC","Chow Chow","Chow Chow",Local,28/03/2026,2200,2500,2350
"Tamil Nadu",Erode,"Thalavadi(Uzhavar Sandhai ) APMC",Banana,Other,Local,28/03/2026,2400,3000,2700
"Tamil Nadu",Erode,"Thalavadi(Uzhavar Sandhai ) APMC",Brinjal,Round,Local,28/03/2026,2000,2400,2200
"Tamil Nadu",Erode,"Thalavadi(Uzhavar Sandhai ) APMC",Amaranthus,Amaranthus,Local,28/03/2026,4000,4600,4300
"Tamil Nadu",Erode,"Thalavadi(Uzhavar Sandhai ) APMC",Raddish,Raddish,Local,28/03/2026,2400,2800,2600
"Tamil Nadu",Erode,"Thalavadi(Uzhavar Sandhai ) APMC","Chow Chow","Chow Chow",Local,28/03/2026,1400,2000,1700
"Tamil Nadu",Karur,"Kulithalai(Uzhavar Sandhai ) APMC",Papaya,Papaya,Local,28/03/2026,2500,3000,2750
"Tamil Nadu",Karur,"Kulithalai(Uzhavar Sandhai ) APMC",Pumpkin,Pumpkin,Local,28/03/2026,1600,2000,1800
"Tamil Nadu",Karur,"Kulithalai(Uzhavar Sandhai ) APMC",Tapioca,Tapioca,Local,28/03/2026,2500,3000,2750
"Tamil Nadu",Karur,"Kulithalai(Uzhavar Sandhai ) APMC",Ginger(Green),"Green Ginger",Local,28/03/2026,7500,8000,7750
"Tamil Nadu",Karur,"Kulithalai(Uzhavar Sandhai ) APMC","Sweet Potato","Hosur Red",Local,28/03/2026,2500,3000,2750
"Tamil Nadu",Karur,"Kulithalai(Uzhavar Sandhai ) APMC",Thondekai,Thondekai,Local,28/03/2026,4500,5000,4750
"Tamil Nadu",Karur,"Kulithalai(Uzhavar Sandhai ) APMC",Mango(Raw-Ripe),"Mango - Raw-Ripe",Local,28/03/2026,5000,6000,5500
"Tamil Nadu",Karur,"Kulithalai(Uzhavar Sandhai ) APMC","Sweet Corn ","Sweet Corn ",Local,28/03/2026,3500,4000,3750
"Tamil Nadu",Karur,"Velayuthampalayam(Uzhavar Sandhai ) APMC","Cluster beans","Cluster Beans",Local,28/03/2026,3200,4000,3600
"Tamil Nadu",Karur,"Velayuthampalayam(Uzhavar Sandhai ) APMC","Bhindi(Ladies Finger)",Bhindi,Local,28/03/2026,5200,6000,5600
"Tamil Nadu",Karur,"Velayuthampalayam(Uzhavar Sandhai ) APMC",Amaranthus,Amaranthus,Local,28/03/2026,2000,2500,2250
"Tamil Nadu",Karur,"Velayuthampalayam(Uzhavar Sandhai ) APMC",Ginger(Green),"Green Ginger",Local,28/03/2026,7000,8000,7500
"Tamil Nadu",Karur,"Velayuthampalayam(Uzhavar Sandhai ) APMC",Coconut,Coconut,Local,28/03/2026,4500,5500,5000
"Tamil Nadu",Karur,"Velayuthampalayam(Uzhavar Sandhai ) APMC",Lemon,Lemon,Local,28/03/2026,15000,17000,16000
"Tamil Nadu",Karur,"Velayuthampalayam(Uzhavar Sandhai ) APMC","Onion Green","Onion Green",Local,28/03/2026,2800,3500,3150
"Tamil Nadu",Karur,"Pallapatti (Uzhavar Sandhai ) APMC",Banana,Karpura,Local,28/03/2026,4500,5000,4750
"Tamil Nadu",Karur,"Pallapatti (Uzhavar Sandhai ) APMC",Brinjal,Other,Local,28/03/2026,4000,5000,4500
"Tamil Nadu",Karur,"Pallapatti (Uzhavar Sandhai ) APMC",Chikoos(Sapota),Sapota,Local,28/03/2026,3500,4000,3750
"Tamil Nadu",Karur,"Pallapatti (Uzhavar Sandhai ) APMC",Tomato,Other,Local,28/03/2026,1600,1800,1700
"Tamil Nadu",Karur,"Pallapatti (Uzhavar Sandhai ) APMC",Ashgourd,Gouard,Local,28/03/2026,1500,2000,1750
"Tamil Nadu",Karur,"Pallapatti (Uzhavar Sandhai ) APMC",Guava,"Guava Allahabad",Local,28/03/2026,4500,5000,4750
"Tamil Nadu",Karur,"Pallapatti (Uzhavar Sandhai ) APMC","Onion Green","Onion Green",Local,28/03/2026,3000,3500,3250
"Tamil Nadu",Karur,"Pallapatti (Uzhavar Sandhai ) APMC",Mint(Pudina),Mint(Pudina),Local,28/03/2026,3500,4000,3750
"Tamil Nadu",Karur,"Vengamedu(Uzhavar Sandhai ) APMC",Banana,"Red Banana",Local,28/03/2026,5000,6000,5500
"Tamil Nadu",Karur,"Vengamedu(Uzhavar Sandhai ) APMC","Bhindi(Ladies Finger)",Bhindi,Local,28/03/2026,5500,6000,5750
"Tamil Nadu",Karur,"Vengamedu(Uzhavar Sandhai ) APMC",Lemon,Lemon,Local,28/03/2026,16500,17000,16750
"Tamil Nadu",Karur,"Vengamedu(Uzhavar Sandhai ) APMC","Onion Green","Onion Green",Local,28/03/2026,3000,3500,3250
"Tamil Nadu",Karur,"Vengamedu(Uzhavar Sandhai ) APMC",Mint(Pudina),Mint(Pudina),Local,28/03/2026,3500,4000,3750
"Tamil Nadu",Krishnagiri,"Hosur(Uzhavar Sandhai ) APMC",Banana,Karpura,Local,28/03/2026,7000,8000,7500
"Tamil Nadu",Krishnagiri,"Hosur(Uzhavar Sandhai ) APMC",Grapes,Annabesahai,Local,28/03/2026,8000,10000,9000
"Tamil Nadu",Krishnagiri,"Hosur(Uzhavar Sandhai ) APMC",Onion,Bellary,Local,28/03/2026,2000,2500,2250
"Tamil Nadu",Krishnagiri,"Hosur(Uzhavar Sandhai ) APMC",Garlic,Garlic,Local,28/03/2026,14000,16000,15000
"Tamil Nadu",Krishnagiri,"Hosur(Uzhavar Sandhai ) APMC",Coriander(Leaves),"I Sort",Local,28/03/2026,2500,3000,2750
"Tamil Nadu",Krishnagiri,"Hosur(Uzhavar Sandhai ) APMC",Tomato,Deshi,Local,28/03/2026,1000,1500,1250
"Tamil Nadu",Krishnagiri,"Hosur(Uzhavar Sandhai ) APMC","Bitter gourd","Bitter Gourd",Local,28/03/2026,3500,4000,3750
"Tamil Nadu",Krishnagiri,"Hosur(Uzhavar Sandhai ) APMC",Ashgourd,Gouard,Local,28/03/2026,2000,2500,2250
"Tamil Nadu",Krishnagiri,"Hosur(Uzhavar Sandhai ) APMC",Beans,"Beans (Whole)",Local,28/03/2026,6000,7000,6500
"Tamil Nadu",Krishnagiri,"Hosur(Uzhavar Sandhai ) APMC",Capsicum,Capsicum,Local,28/03/2026,2500,3000,2750
"Tamil Nadu",Krishnagiri,"Hosur(Uzhavar Sandhai ) APMC","Onion Green","Onion Green",Local,28/03/2026,3500,4000,3750
"Tamil Nadu",Krishnagiri,"Krishnagiri(Uzhavar Sandhai ) APMC",Beans,"Beans (Whole)",Local,28/03/2026,5000,5500,5250
"Tamil Nadu",Krishnagiri,"Krishnagiri(Uzhavar Sandhai ) APMC",Beetroot,Beetroot,Local,28/03/2026,2500,3000,2750
"Tamil Nadu",Krishnagiri,"Krishnagiri(Uzhavar Sandhai ) APMC","Green Avare(W)","Green Avare (W)",Local,28/03/2026,3000,3800,3400
"Tamil Nadu",Krishnagiri,"Denkanikottai(Uzhavar Sandhai ) APMC",Onion,Bellary,Local,28/03/2026,2000,2500,2250
"Tamil Nadu",Krishnagiri,"Denkanikottai(Uzhavar Sandhai ) APMC","Bottle gourd","Bottle Gourd",Local,28/03/2026,1500,2000,1750
"Tamil Nadu",Krishnagiri,"Denkanikottai(Uzhavar Sandhai ) APMC","Bhindi(Ladies Finger)",Bhindi,Local,28/03/2026,5000,5500,5250
"Tamil Nadu",Krishnagiri,"Denkanikottai(Uzhavar Sandhai ) APMC",Amaranthus,Amaranthus,Local,28/03/2026,3500,4000,3750
"Tamil Nadu",Krishnagiri,"Denkanikottai(Uzhavar Sandhai ) APMC",Ginger(Green),"Green Ginger",Local,28/03/2026,6000,7000,6500
"Tamil Nadu",Krishnagiri,"Denkanikottai(Uzhavar Sandhai ) APMC",Thondekai,Thondekai,Local,28/03/2026,4000,4500,4250
"Tamil Nadu",Krishnagiri,"Denkanikottai(Uzhavar Sandhai ) APMC","Green Avare(W)","Green Avare (W)",Local,28/03/2026,5000,5500,5250
"Tamil Nadu",Krishnagiri,"Denkanikottai(Uzhavar Sandhai ) APMC","Knool Khol","Knool Khol",Local,28/03/2026,2000,2500,2250
"Tamil Nadu",Krishnagiri,"Denkanikottai(Uzhavar Sandhai ) APMC","Onion Green","Onion Green",Local,28/03/2026,3500,4000,3750
"Tamil Nadu",Madurai,"Anna nagar(Uzhavar Sandhai ) APMC",Pineapple,"Pine Apple",Local,28/03/2026,7000,7000,7000
"Tamil Nadu",Madurai,"Anna nagar(Uzhavar Sandhai ) APMC",Potato,Other,Local,28/03/2026,4800,5000,4900
"Tamil Nadu",Madurai,"Anna nagar(Uzhavar Sandhai ) APMC","Sweet Potato","Hosur Red",Local,28/03/2026,3000,3600,3300
"Tamil Nadu",Madurai,"Anna nagar(Uzhavar Sandhai ) APMC",Snakeguard,Snakeguard,Local,28/03/2026,3600,4000,3800
"Tamil Nadu",Madurai,"Anna nagar(Uzhavar Sandhai ) APMC","Sweet Corn ","Sweet Corn ",Local,28/03/2026,3000,3000,3000
"Tamil Nadu",Madurai,"Chokkikulam(Uzhavar Sandhai ) APMC",Apple,American,Local,28/03/2026,20000,23000,21500
"Tamil Nadu",Madurai,"Chokkikulam(Uzhavar Sandhai ) APMC",Pineapple,"Pine Apple",Local,28/03/2026,6000,7000,6500
"Tamil Nadu",Madurai,"Chokkikulam(Uzhavar Sandhai ) APMC",Chikoos(Sapota),Sapota,Local,28/03/2026,4000,5000,4500
"Tamil Nadu",Madurai,"Chokkikulam(Uzhavar Sandhai ) APMC","Cluster beans","Cluster Beans",Local,28/03/2026,3000,3600,3300
"Tamil Nadu",Madurai,"Chokkikulam(Uzhavar Sandhai ) APMC","Bhindi(Ladies Finger)",Bhindi,Local,28/03/2026,6000,6500,6250
"Tamil Nadu",Madurai,"Chokkikulam(Uzhavar Sandhai ) APMC",Amaranthus,Amaranthus,Local,28/03/2026,3000,3600,3300
"Tamil Nadu",Madurai,"Chokkikulam(Uzhavar Sandhai ) APMC","Banana - Green","Banana - Green",Local,28/03/2026,2000,2400,2200
"Tamil Nadu",Madurai,"Chokkikulam(Uzhavar Sandhai ) APMC",Carrot,Pusakesar,Local,28/03/2026,3600,4000,3800
"Tamil Nadu",Madurai,"Chokkikulam(Uzhavar Sandhai ) APMC",Raddish,Raddish,Local,28/03/2026,2000,2500,2250
"Tamil Nadu",Madurai,"Chokkikulam(Uzhavar Sandhai ) APMC",Thondekai,Thondekai,Local,28/03/2026,3000,4000,3500
"Tamil Nadu",Madurai,"Chokkikulam(Uzhavar Sandhai ) APMC",Lime,Lime,Local,28/03/2026,10000,12000,11000
"Tamil Nadu",Madurai,"Chokkikulam(Uzhavar Sandhai ) APMC",Guava,"Guava Allahabad",Local,28/03/2026,7000,8000,7500
"Tamil Nadu",Madurai,"Chokkikulam(Uzhavar Sandhai ) APMC",Pomegranate,Pomogranate,Local,28/03/2026,23000,26000,24500
"Tamil Nadu",Madurai,"Chokkikulam(Uzhavar Sandhai ) APMC",Lemon,Lemon,Local,28/03/2026,14000,16000,15000
"Tamil Nadu",Madurai,"Chokkikulam(Uzhavar Sandhai ) APMC","Amla(Nelli Kai)",Amla,Local,28/03/2026,6000,6500,6250
"Tamil Nadu",Madurai,"Palanganatham(Uzhavar Sandhai ) APMC",Soyabean,Local,Local,28/03/2026,9000,11000,10000
"Tamil Nadu",Madurai,"Palanganatham(Uzhavar Sandhai ) APMC",Garlic,Garlic,Local,28/03/2026,16000,20000,18000
"Tamil Nadu",Madurai,"Palanganatham(Uzhavar Sandhai ) APMC","Green Chilli","Green Chilly",Local,28/03/2026,3000,3600,3300
"Tamil Nadu",Madurai,"Palanganatham(Uzhavar Sandhai ) APMC","Banana - Green","Banana - Green",Local,28/03/2026,1500,2000,1750
"Tamil Nadu",Madurai,"Palanganatham(Uzhavar Sandhai ) APMC","Betal Leaves",Mysore,Local,28/03/2026,16000,24000,20000
"Tamil Nadu",Madurai,"Palanganatham(Uzhavar Sandhai ) APMC",Snakeguard,Snakeguard,Local,28/03/2026,3000,3600,3300
"Tamil Nadu",Madurai,"Palanganatham(Uzhavar Sandhai ) APMC",Raddish,Raddish,Local,28/03/2026,2000,2500,2250
"Tamil Nadu",Madurai,"Palanganatham(Uzhavar Sandhai ) APMC",Drumstick,Drumstick,Local,28/03/2026,4000,5000,4500
"Tamil Nadu",Madurai,"Palanganatham(Uzhavar Sandhai ) APMC",Mango(Raw-Ripe),"Mango - Raw-Ripe",Local,28/03/2026,3600,4000,3800
"Tamil Nadu",Madurai,"Palanganatham(Uzhavar Sandhai ) APMC",Mashrooms,Mashrooms,Local,28/03/2026,20000,22500,21250
"Tamil Nadu",Madurai,"Usilampatti(Uzhavar Sandhai ) APMC",Ashgourd,Gouard,Local,28/03/2026,1500,1800,1650
"Tamil Nadu",Madurai,"Usilampatti(Uzhavar Sandhai ) APMC","Banana - Green","Banana - Green",Local,28/03/2026,2500,3000,2750
"Tamil Nadu",Madurai,"Usilampatti(Uzhavar Sandhai ) APMC",Drumstick,Drumstick,Local,28/03/2026,3000,5000,4000
"Tamil Nadu",Madurai,"Usilampatti(Uzhavar Sandhai ) APMC",Lemon,Lemon,Local,28/03/2026,14000,16000,15000
"Tamil Nadu",Madurai,"Thirumangalam(Uzhavar Sandhai ) APMC",Banana,Besrai,Local,28/03/2026,3000,4000,3500
"Tamil Nadu",Madurai,"Thirumangalam(Uzhavar Sandhai ) APMC",Chikoos(Sapota),Sapota,Local,28/03/2026,4000,5000,4500
"Tamil Nadu",Madurai,"Thirumangalam(Uzhavar Sandhai ) APMC","Bitter gourd","Bitter Gourd",Local,28/03/2026,3400,3600,3500
"Tamil Nadu",Madurai,"Thirumangalam(Uzhavar Sandhai ) APMC",Ashgourd,Gouard,Local,28/03/2026,1500,1800,1650
"Tamil Nadu",Madurai,"Thirumangalam(Uzhavar Sandhai ) APMC",Pumpkin,Pumpkin,Local,28/03/2026,1500,1800,1650
"Tamil Nadu",Madurai,"Thirumangalam(Uzhavar Sandhai ) APMC","Onion Green","Onion Green",Local,28/03/2026,3500,3800,3650
"Tamil Nadu",Madurai,"Melur(Uzhavar Sandhai ) APMC",Chikoos(Sapota),Sapota,Local,28/03/2026,4000,5000,4500
"Tamil Nadu",Madurai,"Melur(Uzhavar Sandhai ) APMC","Bitter gourd","Bitter Gourd",Local,28/03/2026,3400,3600,3500
"Tamil Nadu",Madurai,"Melur(Uzhavar Sandhai ) APMC",Snakeguard,Snakeguard,Local,28/03/2026,3000,3600,3300
"Tamil Nadu",Madurai,"Melur(Uzhavar Sandhai ) APMC",Thondekai,Thondekai,Local,28/03/2026,3000,4000,3500
"Tamil Nadu",Madurai,"Melur(Uzhavar Sandhai ) APMC","Onion Green","Onion Green",Local,28/03/2026,3500,3800,3650
"Tamil Nadu",Madurai,"Anaiyur(Uzhavar Sandhai ) APMC",Groundnut,"Big (With Shell)",Local,28/03/2026,6000,7000,6500
"Tamil Nadu",Madurai,"Anaiyur(Uzhavar Sandhai ) APMC",Coriander(Leaves),"I Sort",Local,28/03/2026,3600,4000,3800
"Tamil Nadu",Madurai,"Anaiyur(Uzhavar Sandhai ) APMC",Papaya,Papaya,Local,28/03/2026,3600,4000,3800
"Tamil Nadu",Madurai,"Anaiyur(Uzhavar Sandhai ) APMC","Water Melon","Water Melon",Local,28/03/2026,1800,2000,1900
"Tamil Nadu",Madurai,"Anaiyur(Uzhavar Sandhai ) APMC",Tomato,Deshi,Local,28/03/2026,1500,1800,1650
"Tamil Nadu",Madurai,"Anaiyur(Uzhavar Sandhai ) APMC",Pumpkin,Pumpkin,Local,28/03/2026,1500,1800,1650
"Tamil Nadu",Madurai,"Anaiyur(Uzhavar Sandhai ) APMC",Ginger(Green),"Green Ginger",Local,28/03/2026,8000,9000,8500
"Tamil Nadu",Madurai,"Anaiyur(Uzhavar Sandhai ) APMC",Raddish,Raddish,Local,28/03/2026,2000,2500,2250
"Tamil Nadu",Madurai,"Anaiyur(Uzhavar Sandhai ) APMC",Thondekai,Thondekai,Local,28/03/2026,3000,4000,3500
"Tamil Nadu",Madurai,"Anaiyur(Uzhavar Sandhai ) APMC",Capsicum,Capsicum,Local,28/03/2026,5500,6000,5750
"Tamil Nadu",Madurai,"Anaiyur(Uzhavar Sandhai ) APMC",Mango(Raw-Ripe),"Mango - Raw-Ripe",Local,28/03/2026,3000,4000,3500
"Tamil Nadu",Madurai,"Anaiyur(Uzhavar Sandhai ) APMC",Lime,Lime,Local,28/03/2026,10000,12000,11000
"Tamil Nadu",Nagapattinam,"Sirkali(Uzhavar Sandhai ) APMC",Papaya,Papaya,Local,28/03/2026,2500,3000,2750
"Tamil Nadu",Nagapattinam,"Sirkali(Uzhavar Sandhai ) APMC","Bottle gourd","Bottle Gourd",Local,28/03/2026,2500,3000,2750
"Tamil Nadu",Nagapattinam,"Sirkali(Uzhavar Sandhai ) APMC",Ashgourd,Gouard,Local,28/03/2026,2000,2200,2100
"Tamil Nadu",Nagapattinam,"Sirkali(Uzhavar Sandhai ) APMC","Green Chilli","Green Chilly",Local,28/03/2026,5500,6000,5750
"Tamil Nadu",Nagapattinam,"Sirkali(Uzhavar Sandhai ) APMC",Tapioca,Tapioca,Local,28/03/2026,4500,5000,4750
"Tamil Nadu",Nagapattinam,"Sirkali(Uzhavar Sandhai ) APMC",Mint(Pudina),Mint(Pudina),Local,28/03/2026,4000,4500,4250
"Tamil Nadu",Namakkal,"Rasipuram(Uzhavar Sandhai ) APMC",Cauliflower,Ranchi,Local,28/03/2026,2500,3500,3000
"Tamil Nadu",Namakkal,"Rasipuram(Uzhavar Sandhai ) APMC","Water Melon","Water Melon",Local,28/03/2026,1500,2000,1750
"Tamil Nadu",Namakkal,"Rasipuram(Uzhavar Sandhai ) APMC","Banana - Green","Banana - Green",Local,28/03/2026,2800,3000,2900
"Tamil Nadu",Namakkal,"Rasipuram(Uzhavar Sandhai ) APMC",Tapioca,Tapioca,Local,28/03/2026,2400,2600,2500
"Tamil Nadu",Namakkal,"Rasipuram(Uzhavar Sandhai ) APMC",Ginger(Green),"Green Ginger",Local,28/03/2026,6000,7000,6500
"Tamil Nadu",Namakkal,"Rasipuram(Uzhavar Sandhai ) APMC",Raddish,Raddish,Local,28/03/2026,2200,2600,2400
"Tamil Nadu",Namakkal,"Rasipuram(Uzhavar Sandhai ) APMC",Mango(Raw-Ripe),"Mango - Raw-Ripe",Local,28/03/2026,5000,6000,5500
"Tamil Nadu",Namakkal,"Rasipuram(Uzhavar Sandhai ) APMC","Elephant Yam(Suran)/Amorphophallus","Elephant Yam (Suran)",Local,28/03/2026,4000,4500,4250
"Tamil Nadu",Namakkal,"Rasipuram(Uzhavar Sandhai ) APMC","Custard Apple(Sharifa)","Custard Apple(Sharifa)",Local,28/03/2026,3500,4000,3750
"Tamil Nadu",Namakkal,"Rasipuram(Uzhavar Sandhai ) APMC","Onion Green","Onion Green",Local,28/03/2026,2000,3500,2750
"Tamil Nadu",Namakkal,"Rasipuram(Uzhavar Sandhai ) APMC",Mint(Pudina),Mint(Pudina),Local,28/03/2026,3800,4000,3900
"Tamil Nadu",Namakkal,"Kumarapalayam(Uzhavar Sandhai ) APMC",Chikoos(Sapota),Sapota,Local,28/03/2026,3500,4000,3750
"Tamil Nadu",Namakkal,"Kumarapalayam(Uzhavar Sandhai ) APMC","Bottle gourd","Bottle Gourd",Local,28/03/2026,1100,1400,1250
"Tamil Nadu",Namakkal,"Kumarapalayam(Uzhavar Sandhai ) APMC","Bhindi(Ladies Finger)",Bhindi,Local,28/03/2026,4800,5200,5000
"Tamil Nadu",Namakkal,"Kumarapalayam(Uzhavar Sandhai ) APMC",Amaranthus,Amaranthus,Local,28/03/2026,3000,3500,3250
"Tamil Nadu",Namakkal,"Kumarapalayam(Uzhavar Sandhai ) APMC","Green Chilli","Green Chilly",Local,28/03/2026,5000,5500,5250
"Tamil Nadu",Namakkal,"Kumarapalayam(Uzhavar Sandhai ) APMC",Beans,"Beans (Whole)",Local,28/03/2026,6000,7000,6500
"Tamil Nadu",Namakkal,"Kumarapalayam(Uzhavar Sandhai ) APMC",Coconut,Coconut,Local,28/03/2026,4500,5000,4750
"Tamil Nadu",Namakkal,"Kumarapalayam(Uzhavar Sandhai ) APMC",Drumstick,Drumstick,Local,28/03/2026,3000,3500,3250
"Tamil Nadu",Namakkal,"Kumarapalayam(Uzhavar Sandhai ) APMC",Mango(Raw-Ripe),"Mango - Raw-Ripe",Local,28/03/2026,5500,6500,6000
"Tamil Nadu",Namakkal,"Kumarapalayam(Uzhavar Sandhai ) APMC","Elephant Yam(Suran)/Amorphophallus","Elephant Yam (Suran)",Local,28/03/2026,4500,5000,4750
"Tamil Nadu",Namakkal,"Kumarapalayam(Uzhavar Sandhai ) APMC",Lemon,Lemon,Local,28/03/2026,6500,7500,7000
"Tamil Nadu",Namakkal,"Kumarapalayam(Uzhavar Sandhai ) APMC","Onion Green","Onion Green",Local,28/03/2026,3000,3400,3200
"Tamil Nadu",Namakkal,"Mohanur(Uzhavar Sandhai ) APMC",Onion,Bellary,Local,28/03/2026,2400,3000,2700
"Tamil Nadu",Namakkal,"Mohanur(Uzhavar Sandhai ) APMC","Bhindi(Ladies Finger)",Bhindi,Local,28/03/2026,5000,5600,5300
"Tamil Nadu",Namakkal,"Mohanur(Uzhavar Sandhai ) APMC",Ginger(Green),"Green Ginger",Local,28/03/2026,8000,10000,9000
"Tamil Nadu",Namakkal,"Mohanur(Uzhavar Sandhai ) APMC",Raddish,Raddish,Local,28/03/2026,2400,3000,2700
"Tamil Nadu","The Nilgiris","Udhagamandalam(Uzhavar Sandhai ) APMC",Orange,Darjeeling,Local,28/03/2026,10000,12000,11000
"Tamil Nadu","The Nilgiris","Udhagamandalam(Uzhavar Sandhai ) APMC",Banana,Besrai,Local,28/03/2026,4500,5000,4750
"Tamil Nadu","The Nilgiris","Udhagamandalam(Uzhavar Sandhai ) APMC",Potato,Other,Local,28/03/2026,3000,3500,3250
"Tamil Nadu","The Nilgiris","Udhagamandalam(Uzhavar Sandhai ) APMC",Coriander(Leaves),"I Sort",Local,28/03/2026,7000,8000,7500
"Tamil Nadu","The Nilgiris","Udhagamandalam(Uzhavar Sandhai ) APMC","Bitter gourd","Bitter Gourd",Local,28/03/2026,3500,4000,3750
"Tamil Nadu","The Nilgiris","Udhagamandalam(Uzhavar Sandhai ) APMC",Ridgeguard(Tori),Ridgeguard(Tori),Local,28/03/2026,4500,5000,4750
"Tamil Nadu","The Nilgiris","Udhagamandalam(Uzhavar Sandhai ) APMC",Capsicum,Capsicum,Local,28/03/2026,5500,6000,5750
"Tamil Nadu","The Nilgiris","Udhagamandalam(Uzhavar Sandhai ) APMC",Drumstick,Drumstick,Local,28/03/2026,2500,3000,2750
"Tamil Nadu","The Nilgiris","Udhagamandalam(Uzhavar Sandhai ) APMC",Lemon,Lemon,Local,28/03/2026,12000,14000,13000
"Tamil Nadu","The Nilgiris","Udhagamandalam(Uzhavar Sandhai ) APMC","Onion Green","Onion Green",Local,28/03/2026,3000,3400,3200
"Tamil Nadu",Perambalur,"Perambalur(Uzhavar Sandhai ) APMC",Groundnut,"Big (With Shell)",Local,28/03/2026,7000,8000,7500
"Tamil Nadu",Perambalur,"Perambalur(Uzhavar Sandhai ) APMC",Banana,Karpura,Local,28/03/2026,4000,5000,4500
"Tamil Nadu",Perambalur,"Perambalur(Uzhavar Sandhai ) APMC",Grapes,Annabesahai,Local,28/03/2026,8000,12000,10000
"Tamil Nadu",Perambalur,"Perambalur(Uzhavar Sandhai ) APMC","Mousambi(Sweet Lime)",Mousambi,Local,28/03/2026,7000,8000,7500
"Tamil Nadu",Perambalur,"Perambalur(Uzhavar Sandhai ) APMC",Beans,"Beans (Whole)",Local,28/03/2026,7600,8000,7800
"Tamil Nadu",Perambalur,"Perambalur(Uzhavar Sandhai ) APMC","Sweet Potato","Hosur Red",Local,28/03/2026,2500,3000,2750
"Tamil Nadu",Perambalur,"Perambalur(Uzhavar Sandhai ) APMC",Carrot,Pusakesar,Local,28/03/2026,4800,4800,4800
"Tamil Nadu",Perambalur,"Perambalur(Uzhavar Sandhai ) APMC",Capsicum,Capsicum,Local,28/03/2026,6000,6600,6300
"Tamil Nadu",Perambalur,"Perambalur(Uzhavar Sandhai ) APMC","Tender Coconut","Tender Coconut",Local,28/03/2026,3000,4000,3500
"Tamil Nadu",Perambalur,"Perambalur(Uzhavar Sandhai ) APMC","Indian Beans(Seam)","Indian Beans (Seam)",Local,28/03/2026,7500,8000,7750
"Tamil Nadu",Perambalur,"Perambalur(Uzhavar Sandhai ) APMC",Colacasia,Colacasia,Local,28/03/2026,4400,4800,4600
"Tamil Nadu",Perambalur,"Perambalur(Uzhavar Sandhai ) APMC",Mashrooms,Mashrooms,Local,28/03/2026,18000,20000,19000
"Tamil Nadu",Pudukkottai,"Pudukottai(Uzhavar Sandhai ) APMC",Tomato,Other,Local,28/03/2026,1500,2000,1750
"Tamil Nadu",Pudukkottai,"Pudukottai(Uzhavar Sandhai ) APMC","Cluster beans","Cluster Beans",Local,28/03/2026,4000,5000,4500
"Tamil Nadu",Pudukkottai,"Pudukottai(Uzhavar Sandhai ) APMC",Ashgourd,Gouard,Local,28/03/2026,1000,1500,1250
"Tamil Nadu",Pudukkottai,"Pudukottai(Uzhavar Sandhai ) APMC",Pumpkin,Pumpkin,Local,28/03/2026,1000,1500,1250
"Tamil Nadu",Pudukkottai,"Pudukottai(Uzhavar Sandhai ) APMC","Bhindi(Ladies Finger)",Bhindi,Local,28/03/2026,4000,4500,4250
"Tamil Nadu",Pudukkottai,"Pudukottai(Uzhavar Sandhai ) APMC","Green Chilli","Green Chilly",Local,28/03/2026,2500,3000,2750
"Tamil Nadu",Pudukkottai,"Pudukottai(Uzhavar Sandhai ) APMC",Beans,"Beans (Whole)",Local,28/03/2026,6500,7000,6750
"Tamil Nadu",Pudukkottai,"Pudukottai(Uzhavar Sandhai ) APMC",Coconut,Coconut,Local,28/03/2026,3000,4000,3500
"Tamil Nadu",Pudukkottai,"Pudukottai(Uzhavar Sandhai ) APMC",Cucumbar(Kheera),Cucumbar,Local,28/03/2026,4000,5000,4500
"Tamil Nadu",Pudukkottai,"Pudukottai(Uzhavar Sandhai ) APMC",Guava,"Guava Allahabad",Local,28/03/2026,7000,8000,7500
"Tamil Nadu",Pudukkottai,"Aranthangi(Uzhavar Sandhai ) APMC",Banana,Poovan,Local,28/03/2026,4500,5000,4750
"Tamil Nadu",Pudukkottai,"Aranthangi(Uzhavar Sandhai ) APMC","Cluster beans","Cluster Beans",Local,28/03/2026,3500,4000,3750
"Tamil Nadu",Pudukkottai,"Aranthangi(Uzhavar Sandhai ) APMC","Bitter gourd","Bitter Gourd",Local,28/03/2026,3000,3500,3250
"Tamil Nadu",Pudukkottai,"Alangudi(Uzhavar Sandhai ) APMC",Ashgourd,Gouard,Local,28/03/2026,1000,1500,1250
"Tamil Nadu",Ramanathapuram,"Paramakudi(Uzhavar Sandhai ) APMC",Potato,"Red Nanital",Local,28/03/2026,3000,3500,3250
"Tamil Nadu",Ramanathapuram,"Paramakudi(Uzhavar Sandhai ) APMC",Pumpkin,Pumpkin,Local,28/03/2026,1800,2000,1900
"Tamil Nadu",Ramanathapuram,"Paramakudi(Uzhavar Sandhai ) APMC","Banana - Green","Banana - Green",Local,28/03/2026,3000,3200,3100
"Tamil Nadu",Ramanathapuram,"Paramakudi(Uzhavar Sandhai ) APMC",Coconut,Coconut,Local,28/03/2026,5500,6000,5750
"Tamil Nadu",Ramanathapuram,"Paramakudi(Uzhavar Sandhai ) APMC",Snakeguard,Snakeguard,Local,28/03/2026,4500,4800,4650
"Tamil Nadu",Ramanathapuram,"Paramakudi(Uzhavar Sandhai ) APMC","Knool Khol","Knool Khol",Local,28/03/2026,4500,5000,4750
"Tamil Nadu",Ramanathapuram,"Paramakudi(Uzhavar Sandhai ) APMC","Tube Flower","Tube Flower",Local,28/03/2026,45000,50000,47500
"Tamil Nadu",Ramanathapuram,"Paramakudi(Uzhavar Sandhai ) APMC",Mint(Pudina),Mint(Pudina),Local,28/03/2026,5500,6000,5750
"Tamil Nadu",Ramanathapuram,"Kamuthi(Uzhavar Sandhai ) APMC",Tomato,Deshi,Local,28/03/2026,2000,2500,2250
"Tamil Nadu",Salem,"Sooramangalam(Uzhavar Sandhai ) APMC",Banana,Karpura,Local,28/03/2026,4500,5000,4750
"Tamil Nadu",Salem,"Sooramangalam(Uzhavar Sandhai ) APMC",Mango,Other,Local,28/03/2026,14000,15000,14500
"Tamil Nadu",Salem,"Sooramangalam(Uzhavar Sandhai ) APMC","Green Peas","Green Peas",Local,28/03/2026,11500,12000,11750
"Tamil Nadu",Salem,"Sooramangalam(Uzhavar Sandhai ) APMC",Papaya,Papaya,Local,28/03/2026,3000,3500,3250
"Tamil Nadu",Salem,"Sooramangalam(Uzhavar Sandhai ) APMC","Bitter gourd",Other,Local,28/03/2026,3600,4000,3800
"Tamil Nadu",Salem,"Sooramangalam(Uzhavar Sandhai ) APMC",Amaranthus,Amaranthus,Local,28/03/2026,1800,2000,1900
"Tamil Nadu",Salem,"Sooramangalam(Uzhavar Sandhai ) APMC","Banana - Green","Banana - Green",Local,28/03/2026,2000,2400,2200
"Tamil Nadu",Salem,"Sooramangalam(Uzhavar Sandhai ) APMC",Carrot,Pusakesar,Local,28/03/2026,5000,5600,5300
"Tamil Nadu",Salem,"Sooramangalam(Uzhavar Sandhai ) APMC",Lime,Lime,Local,28/03/2026,3000,3500,3250
"Tamil Nadu",Salem,"Sooramangalam(Uzhavar Sandhai ) APMC","Elephant Yam(Suran)/Amorphophallus","Elephant Yam (Suran)",Local,28/03/2026,3000,3500,3250
"Tamil Nadu",Salem,"Sooramangalam(Uzhavar Sandhai ) APMC",Yam(Ratalu),"Yam (Ratalu)",Local,28/03/2026,5500,6000,5750
"Tamil Nadu",Salem,"Sooramangalam(Uzhavar Sandhai ) APMC",Lemon,Lemon,Local,28/03/2026,5000,6000,5500
"Tamil Nadu",Salem,"Thathakapatti(Uzhavar Sandhai ) APMC",Onion,Bellary,Local,28/03/2026,2600,3000,2800
"Tamil Nadu",Salem,"Thathakapatti(Uzhavar Sandhai ) APMC",Coriander(Leaves),"I Sort",Local,28/03/2026,3000,4000,3500
"Tamil Nadu",Salem,"Thathakapatti(Uzhavar Sandhai ) APMC",Papaya,Papaya,Local,28/03/2026,3000,3500,3250
"Tamil Nadu",Salem,"Thathakapatti(Uzhavar Sandhai ) APMC","Mousambi(Sweet Lime)",Mousambi,Local,28/03/2026,3000,3500,3250
"Tamil Nadu",Salem,"Thathakapatti(Uzhavar Sandhai ) APMC","Cluster beans","Cluster Beans",Local,28/03/2026,4000,4500,4250
"Tamil Nadu",Salem,"Thathakapatti(Uzhavar Sandhai ) APMC",Pumpkin,Pumpkin,Local,28/03/2026,1600,2000,1800
"Tamil Nadu",Salem,"Thathakapatti(Uzhavar Sandhai ) APMC","Bhindi(Ladies Finger)",Bhindi,Local,28/03/2026,5000,5400,5200
"Tamil Nadu",Salem,"Thathakapatti(Uzhavar Sandhai ) APMC",Cabbage,Cabbage,Local,28/03/2026,3000,3400,3200
"Tamil Nadu",Salem,"Thathakapatti(Uzhavar Sandhai ) APMC",Snakeguard,Snakeguard,Local,28/03/2026,2800,3000,2900
"Tamil Nadu",Salem,"Thathakapatti(Uzhavar Sandhai ) APMC",Beetroot,Beetroot,Local,28/03/2026,5000,5500,5250
"Tamil Nadu",Salem,"Thathakapatti(Uzhavar Sandhai ) APMC",Cucumbar(Kheera),Cucumbar,Local,28/03/2026,3000,4000,3500
"Tamil Nadu",Salem,"Thathakapatti(Uzhavar Sandhai ) APMC",Raddish,Raddish,Local,28/03/2026,2000,2400,2200
"Tamil Nadu",Salem,"Thathakapatti(Uzhavar Sandhai ) APMC","Knool Khol","Knool Khol",Local,28/03/2026,4000,4500,4250
"Tamil Nadu",Salem,"Thathakapatti(Uzhavar Sandhai ) APMC",Guava,"Guava Allahabad",Local,28/03/2026,5000,6000,5500
"Tamil Nadu",Salem,"Thathakapatti(Uzhavar Sandhai ) APMC","Tender Coconut","Tender Coconut",Local,28/03/2026,3000,4000,3500
"Tamil Nadu",Salem,"Thathakapatti(Uzhavar Sandhai ) APMC","Amla(Nelli Kai)",Amla,Local,28/03/2026,6000,6500,6250
"Tamil Nadu",Salem,"Thathakapatti(Uzhavar Sandhai ) APMC","Onion Green","Onion Green",Local,28/03/2026,4000,5000,4500
"Tamil Nadu",Salem,"Mettur(Uzhavar Sandhai ) APMC",Onion,Bellary,Local,28/03/2026,2500,3000,2750
"Tamil Nadu",Salem,"Mettur(Uzhavar Sandhai ) APMC",Coriander(Leaves),"I Sort",Local,28/03/2026,3000,3500,3250
"Tamil Nadu",Salem,"Mettur(Uzhavar Sandhai ) APMC","Bitter gourd",Other,Local,28/03/2026,3500,4000,3750
"Tamil Nadu",Salem,"Mettur(Uzhavar Sandhai ) APMC",Ashgourd,Gouard,Local,28/03/2026,1200,1600,1400
"Tamil Nadu",Salem,"Mettur(Uzhavar Sandhai ) APMC","Green Chilli","Green Chilly",Local,28/03/2026,4000,4500,4250
"Tamil Nadu",Salem,"Mettur(Uzhavar Sandhai ) APMC","Sweet Potato","Hosur Red",Local,28/03/2026,3000,3500,3250
"Tamil Nadu",Salem,"Mettur(Uzhavar Sandhai ) APMC",Cucumbar(Kheera),Cucumbar,Local,28/03/2026,3500,4000,3750
"Tamil Nadu",Salem,"Mettur(Uzhavar Sandhai ) APMC",Mango(Raw-Ripe),"Mango - Raw-Ripe",Local,28/03/2026,4000,5000,4500
"Tamil Nadu",Salem,"Mettur(Uzhavar Sandhai ) APMC",Marigold(Calcutta),Marigold(Calcutta),Local,28/03/2026,15000,16000,15500
"Tamil Nadu",Salem,"Mettur(Uzhavar Sandhai ) APMC",Mint(Pudina),Mint(Pudina),Local,28/03/2026,2500,3000,2750
"Tamil Nadu",Salem,"Mettur(Uzhavar Sandhai ) APMC",Rose(Local),"Rose (Local)",Local,28/03/2026,13000,15000,14000
"Tamil Nadu",Salem,"Mettur(Uzhavar Sandhai ) APMC","Sweet Corn ","Sweet Corn ",Local,28/03/2026,3000,3500,3250
"Tamil Nadu",Salem,"Attayampatti(Uzhavar Sandhai ) APMC",Banana,Besrai,Local,28/03/2026,6500,7500,7000
"Tamil Nadu",Salem,"Attayampatti(Uzhavar Sandhai ) APMC",Onion,Bellary,Local,28/03/2026,3000,3000,3000
"Tamil Nadu",Salem,"Attayampatti(Uzhavar Sandhai ) APMC",Chikoos(Sapota),Sapota,Local,28/03/2026,4000,4000,4000
"Tamil Nadu",Salem,"Attayampatti(Uzhavar Sandhai ) APMC","Bhindi(Ladies Finger)",Bhindi,Local,28/03/2026,4800,5000,4900
"Tamil Nadu",Salem,"Attayampatti(Uzhavar Sandhai ) APMC","Green Chilli","Green Chilly",Local,28/03/2026,4000,4200,4100
"Tamil Nadu",Salem,"Attayampatti(Uzhavar Sandhai ) APMC",Tapioca,Tapioca,Local,28/03/2026,2500,3000,2750
"Tamil Nadu",Salem,"Attayampatti(Uzhavar Sandhai ) APMC","Green Avare(W)","Green Avare (W)",Local,28/03/2026,4000,4500,4250
"Tamil Nadu",Salem,"Attayampatti(Uzhavar Sandhai ) APMC",Mint(Pudina),Mint(Pudina),Local,28/03/2026,3000,3000,3000
"Tamil Nadu",Salem,"Hasthampatti(Uzhavar Sandhai ) APMC",Papaya,Papaya,Local,28/03/2026,2800,3000,2900
"Tamil Nadu",Salem,"Hasthampatti(Uzhavar Sandhai ) APMC",Tomato,Deshi,Local,28/03/2026,1000,1400,1200
"Tamil Nadu",Salem,"Hasthampatti(Uzhavar Sandhai ) APMC","Bottle gourd","Bottle Gourd",Local,28/03/2026,1800,2000,1900
"Tamil Nadu",Salem,"Hasthampatti(Uzhavar Sandhai ) APMC","Green Chilli","Green Chilly",Local,28/03/2026,3400,3600,3500
"Tamil Nadu",Salem,"Hasthampatti(Uzhavar Sandhai ) APMC",Coconut,Coconut,Local,28/03/2026,5000,5500,5250
"Tamil Nadu",Salem,"Hasthampatti(Uzhavar Sandhai ) APMC",Cabbage,Cabbage,Local,28/03/2026,2800,3000,2900
"Tamil Nadu",Salem,"Hasthampatti(Uzhavar Sandhai ) APMC",Ridgeguard(Tori),Ridgeguard(Tori),Local,28/03/2026,4000,4500,4250
"Tamil Nadu",Salem,"Hasthampatti(Uzhavar Sandhai ) APMC","Sweet Corn ","Sweet Corn ",Local,28/03/2026,2500,3500,3000
"Tamil Nadu",Salem,"Elampillai(Uzhavar Sandhai ) APMC",Chikoos(Sapota),Sapota,Local,28/03/2026,3500,4000,3750
"Tamil Nadu",Salem,"Elampillai(Uzhavar Sandhai ) APMC","Bhindi(Ladies Finger)",Bhindi,Local,28/03/2026,5000,5400,5200
"Tamil Nadu",Salem,"Jalagandapuram(Uzhavar Sandhai ) APMC",Coriander(Leaves),"I Sort",Local,28/03/2026,1500,1800,1650
"Tamil Nadu",Salem,"Jalagandapuram(Uzhavar Sandhai ) APMC","Bitter gourd",Other,Local,28/03/2026,3500,4000,3750
"Tamil Nadu",Salem,"Jalagandapuram(Uzhavar Sandhai ) APMC","Green Chilli","Green Chilly",Local,28/03/2026,3500,3800,3650
"Tamil Nadu",Salem,"Jalagandapuram(Uzhavar Sandhai ) APMC",Snakeguard,Snakeguard,Local,28/03/2026,2500,2800,2650
"Tamil Nadu",Salem,"Jalagandapuram(Uzhavar Sandhai ) APMC",Beetroot,Beetroot,Local,28/03/2026,2600,3000,2800
"Tamil Nadu",Salem,"Jalagandapuram(Uzhavar Sandhai ) APMC","Chow Chow","Chow Chow",Local,28/03/2026,2800,3000,2900
"Tamil Nadu",Salem,"Jalagandapuram(Uzhavar Sandhai ) APMC",Guava,"Guava Allahabad",Local,28/03/2026,5500,6000,5750
"Tamil Nadu",Salem,"Jalagandapuram(Uzhavar Sandhai ) APMC",Lemon,Lemon,Local,28/03/2026,5000,6000,5500
"Tamil Nadu",Salem,"Edapadi (Uzhavar Sandhai ) APMC",Garlic,Garlic,Local,28/03/2026,16000,18000,17000
"Tamil Nadu",Salem,"Edapadi (Uzhavar Sandhai ) APMC","Bhindi(Ladies Finger)",Bhindi,Local,28/03/2026,4500,4800,4650
"Tamil Nadu",Salem,"Edapadi (Uzhavar Sandhai ) APMC",Amaranthus,Amaranthus,Local,28/03/2026,2000,2500,2250
"Tamil Nadu",Salem,"Edapadi (Uzhavar Sandhai ) APMC",Beans,"Beans (Whole)",Local,28/03/2026,6500,7000,6750
"Tamil Nadu",Salem,"Edapadi (Uzhavar Sandhai ) APMC",Coconut,Coconut,Local,28/03/2026,4500,5000,4750
"Tamil Nadu",Salem,"Edapadi (Uzhavar Sandhai ) APMC",Ridgeguard(Tori),Ridgeguard(Tori),Local,28/03/2026,4000,4500,4250
"Tamil Nadu",Sivaganga,"Sivagangai (Uzhavar Sandhai ) APMC",Banana,Other,Local,28/03/2026,4000,4000,4000
"Tamil Nadu",Sivaganga,"Sivagangai (Uzhavar Sandhai ) APMC",Coriander(Leaves),"I Sort",Local,28/03/2026,3800,4200,4000
"Tamil Nadu",Sivaganga,"Sivagangai (Uzhavar Sandhai ) APMC","Bitter gourd",Other,Local,28/03/2026,3600,3800,3700
"Tamil Nadu",Sivaganga,"Sivagangai (Uzhavar Sandhai ) APMC",Ridgeguard(Tori),Ridgeguard(Tori),Local,28/03/2026,3200,4600,3900
"Tamil Nadu",Sivaganga,"Sivagangai (Uzhavar Sandhai ) APMC",Lime,Lime,Local,28/03/2026,10000,12000,11000
"Tamil Nadu",Sivaganga,"Sivagangai (Uzhavar Sandhai ) APMC",Yam(Ratalu),"Yam (Ratalu)",Local,28/03/2026,5600,6200,5900
"Tamil Nadu",Sivaganga,"Sivagangai (Uzhavar Sandhai ) APMC","Onion Green","Onion Green",Local,28/03/2026,3600,4000,3800
"Tamil Nadu",Sivaganga,"Devakottai (Uzhavar Sandhai ) APMC",Papaya,Papaya,Local,28/03/2026,4000,4500,4250
"Tamil Nadu",Sivaganga,"Devakottai (Uzhavar Sandhai ) APMC","Bitter gourd","Bitter Gourd",Local,28/03/2026,3500,4000,3750
"Tamil Nadu",Sivaganga,"Devakottai (Uzhavar Sandhai ) APMC",Pumpkin,Pumpkin,Local,28/03/2026,2000,2200,2100
"Tamil Nadu",Sivaganga,"Devakottai (Uzhavar Sandhai ) APMC","Elephant Yam(Suran)/Amorphophallus","Elephant Yam (Suran)",Local,28/03/2026,4000,4500,4250
"Tamil Nadu",Sivaganga,"Devakottai (Uzhavar Sandhai ) APMC",Yam(Ratalu),"Yam (Ratalu)",Local,28/03/2026,6000,6500,6250
"Tamil Nadu",Sivaganga,"Karaikudi(Uzhavar Sandhai ) APMC",Banana,Poovan,Local,28/03/2026,3500,4000,3750
"Tamil Nadu",Sivaganga,"Karaikudi(Uzhavar Sandhai ) APMC",Brinjal,Other,Local,28/03/2026,3500,4000,3750
"Tamil Nadu",Sivaganga,"Karaikudi(Uzhavar Sandhai ) APMC",Papaya,Papaya,Local,28/03/2026,4000,4500,4250
"Tamil Nadu",Sivaganga,"Karaikudi(Uzhavar Sandhai ) APMC",Ginger(Green),"Green Ginger",Local,28/03/2026,9000,10000,9500
"Tamil Nadu",Sivaganga,"Karaikudi(Uzhavar Sandhai ) APMC",Capsicum,Capsicum,Local,28/03/2026,6000,6500,6250
"Tamil Nadu",Sivaganga,"Karaikudi(Uzhavar Sandhai ) APMC","Elephant Yam(Suran)/Amorphophallus","Elephant Yam (Suran)",Local,28/03/2026,4000,4500,4250
"Tamil Nadu",Sivaganga,"Karaikudi(Uzhavar Sandhai ) APMC",Yam(Ratalu),"Yam (Ratalu)",Local,28/03/2026,6000,6500,6250
"Tamil Nadu",Sivaganga,"Tirupatthur(Uzhavar Sandhai ) APMC",Brinjal,Other,Local,28/03/2026,3500,4000,3750
"Tamil Nadu",Sivaganga,"Tirupatthur(Uzhavar Sandhai ) APMC","Cluster beans","Cluster Beans",Local,28/03/2026,3500,4000,3750
"Tamil Nadu",Sivaganga,"Tirupatthur(Uzhavar Sandhai ) APMC","Bottle gourd","Bottle Gourd",Local,28/03/2026,2500,3000,2750
"Tamil Nadu",Sivaganga,"Tirupatthur(Uzhavar Sandhai ) APMC","Bhindi(Ladies Finger)",Bhindi,Local,28/03/2026,6500,7000,6750
"Tamil Nadu",Sivaganga,"Tirupatthur(Uzhavar Sandhai ) APMC","Green Chilli","Green Chilly",Local,28/03/2026,3500,4000,3750
"Tamil Nadu",Sivaganga,"Tirupatthur(Uzhavar Sandhai ) APMC",Beans,"Beans (Whole)",Local,28/03/2026,6400,7500,6950
"Tamil Nadu",Sivaganga,"Tirupatthur(Uzhavar Sandhai ) APMC",Ginger(Green),"Green Ginger",Local,28/03/2026,8400,9500,8950
"Tamil Nadu",Sivaganga,"Tirupatthur(Uzhavar Sandhai ) APMC",Snakeguard,Snakeguard,Local,28/03/2026,2500,3000,2750
"Tamil Nadu",Sivaganga,"Tirupatthur(Uzhavar Sandhai ) APMC","Chow Chow","Chow Chow",Local,28/03/2026,2800,3000,2900
"Tamil Nadu",Sivaganga,"Singampunari(Uzhavar Sandhai ) APMC",Onion,Bellary,Local,28/03/2026,2500,3000,2750
"Tamil Nadu",Sivaganga,"Singampunari(Uzhavar Sandhai ) APMC",Tomato,Local,Local,28/03/2026,1800,2000,1900
"Tamil Nadu",Sivaganga,"Singampunari(Uzhavar Sandhai ) APMC","Bottle gourd","Bottle Gourd",Local,28/03/2026,2000,2500,2250
"Tamil Nadu",Sivaganga,"Singampunari(Uzhavar Sandhai ) APMC","Bhindi(Ladies Finger)",Bhindi,Local,28/03/2026,6000,6500,6250
"Tamil Nadu",Sivaganga,"Singampunari(Uzhavar Sandhai ) APMC",Coconut,Coconut,Local,28/03/2026,5000,5500,5250
"Tamil Nadu",Sivaganga,"Singampunari(Uzhavar Sandhai ) APMC","Knool Khol","Knool Khol",Local,28/03/2026,3500,4000,3750
"Tamil Nadu",Sivaganga,"Singampunari(Uzhavar Sandhai ) APMC",Mint(Pudina),Mint(Pudina),Local,28/03/2026,3000,3000,3000
"Tamil Nadu",Thanjavur,"Pattukottai(Uzhavar Sandhai ) APMC","Bitter gourd","Bitter Gourd",Local,28/03/2026,4000,4000,4000
"Tamil Nadu",Thanjavur,"Pattukottai(Uzhavar Sandhai ) APMC","Chow Chow","Chow Chow",Local,28/03/2026,3000,3000,3000
"Tamil Nadu",Theni,"Theni(Uzhavar Sandhai ) APMC","Water Melon","Water Melon",Local,28/03/2026,2000,2500,2250
"Tamil Nadu",Theni,"Theni(Uzhavar Sandhai ) APMC","Bottle gourd","Bottle Gourd",Local,28/03/2026,1000,1600,1300
"Tamil Nadu",Theni,"Theni(Uzhavar Sandhai ) APMC",Beans,"Beans (Whole)",Local,28/03/2026,5800,5800,5800
"Tamil Nadu",Theni,"Theni(Uzhavar Sandhai ) APMC",Tapioca,Tapioca,Local,28/03/2026,2000,2000,2000
"Tamil Nadu",Theni,"Theni(Uzhavar Sandhai ) APMC",Coconut,Coconut,Local,28/03/2026,4600,4600,4600
"Tamil Nadu",Theni,"Theni(Uzhavar Sandhai ) APMC","Betal Leaves",Mysore,Local,28/03/2026,22000,22000,22000
"Tamil Nadu",Theni,"Theni(Uzhavar Sandhai ) APMC",Raddish,Raddish,Local,28/03/2026,1800,1800,1800
"Tamil Nadu",Theni,"Theni(Uzhavar Sandhai ) APMC",Capsicum,Capsicum,Local,28/03/2026,4500,4500,4500
"Tamil Nadu",Theni,"Theni(Uzhavar Sandhai ) APMC",Drumstick,Drumstick,Local,28/03/2026,2000,3500,2750
"Tamil Nadu",Theni,"Theni(Uzhavar Sandhai ) APMC","Knool Khol","Knool Khol",Local,28/03/2026,3200,3200,3200
"Tamil Nadu",Theni,"Theni(Uzhavar Sandhai ) APMC",Lime,Lime,Local,28/03/2026,10000,11500,10750
"Tamil Nadu",Theni,"Theni(Uzhavar Sandhai ) APMC","Karbuja(Musk Melon)",Karbhuja,Local,28/03/2026,4000,5000,4500
"Tamil Nadu",Theni,"Theni(Uzhavar Sandhai ) APMC",Pomegranate,Pomogranate,Local,28/03/2026,14000,26000,20000
"Tamil Nadu",Theni,"Kambam(Uzhavar Sandhai ) APMC",Onion,Bellary,Local,28/03/2026,2500,2500,2500
"Tamil Nadu",Theni,"Kambam(Uzhavar Sandhai ) APMC","Green Peas","Green Peas",Local,28/03/2026,7000,7000,7000
"Tamil Nadu",Theni,"Kambam(Uzhavar Sandhai ) APMC",Ashgourd,Gouard,Local,28/03/2026,1200,1500,1350
"Tamil Nadu",Theni,"Kambam(Uzhavar Sandhai ) APMC",Cowpea(Veg),"Cowpea (Veg)",Local,28/03/2026,3000,3000,3000
"Tamil Nadu",Theni,"Kambam(Uzhavar Sandhai ) APMC",Coconut,Coconut,Local,28/03/2026,4700,4700,4700
"Tamil Nadu",Theni,"Kambam(Uzhavar Sandhai ) APMC",Beetroot,Beetroot,Local,28/03/2026,3000,3000,3000
"Tamil Nadu",Theni,"Kambam(Uzhavar Sandhai ) APMC",Drumstick,Drumstick,Local,28/03/2026,2000,3500,2750
"Tamil Nadu",Theni,"Kambam(Uzhavar Sandhai ) APMC",Lime,Lime,Local,28/03/2026,12000,12000,12000
"Tamil Nadu",Theni,"Bodinayakanur(Uzhavar Sandhai ) APMC",Cauliflower,Ranchi,Local,28/03/2026,2000,2000,2000
"Tamil Nadu",Theni,"Bodinayakanur(Uzhavar Sandhai ) APMC","Bitter gourd","Bitter Gourd",Local,28/03/2026,2400,2400,2400
"Tamil Nadu",Theni,"Bodinayakanur(Uzhavar Sandhai ) APMC",Pumpkin,Pumpkin,Local,28/03/2026,1500,1500,1500
"Tamil Nadu",Theni,"Bodinayakanur(Uzhavar Sandhai ) APMC","Banana - Green","Banana - Green",Local,28/03/2026,3000,3000,3000
"Tamil Nadu",Theni,"Bodinayakanur(Uzhavar Sandhai ) APMC",Beans,"Beans (Whole)",Local,28/03/2026,5800,5800,5800
"Tamil Nadu",Theni,"Bodinayakanur(Uzhavar Sandhai ) APMC","Sweet Potato","Hosur Red",Local,28/03/2026,3000,3000,3000
"Tamil Nadu",Theni,"Bodinayakanur(Uzhavar Sandhai ) APMC",Carrot,Pusakesar,Local,28/03/2026,3300,3300,3300
"Tamil Nadu",Theni,"Bodinayakanur(Uzhavar Sandhai ) APMC",Beetroot,Beetroot,Local,28/03/2026,3000,3000,3000
"Tamil Nadu",Theni,"Bodinayakanur(Uzhavar Sandhai ) APMC",Thondekai,Thondekai,Local,28/03/2026,1600,1600,1600
"Tamil Nadu",Theni,"Bodinayakanur(Uzhavar Sandhai ) APMC",Mint(Pudina),Mint(Pudina),Local,28/03/2026,2500,2500,2500
"Tamil Nadu",Theni,"Devaram(Uzhavar Sandhai ) APMC",Potato,"Red Nanital",Local,28/03/2026,2500,2500,2500
"Tamil Nadu",Theni,"Devaram(Uzhavar Sandhai ) APMC",Tomato,Deshi,Local,28/03/2026,1600,1600,1600
"Tamil Nadu",Theni,"Devaram(Uzhavar Sandhai ) APMC","Green Avare(W)","Green Avare (W)",Local,28/03/2026,6000,6000,6000
"Tamil Nadu",Theni,"Devaram(Uzhavar Sandhai ) APMC","Amla(Nelli Kai)",Amla,Local,28/03/2026,5000,5000,5000
"Tamil Nadu",Theni,"Chinnamanur(Uzhavar Sandhai ) APMC",Coriander(Leaves),"I Sort",Local,28/03/2026,3000,3000,3000
"Tamil Nadu",Theni,"Chinnamanur(Uzhavar Sandhai ) APMC",Carrot,Pusakesar,Local,28/03/2026,3300,3300,3300
"Tamil Nadu",Theni,"Chinnamanur(Uzhavar Sandhai ) APMC",Cabbage,Cabbage,Local,28/03/2026,2000,2000,2000
"Tamil Nadu",Theni,"Chinnamanur(Uzhavar Sandhai ) APMC",Beetroot,Beetroot,Local,28/03/2026,3000,3000,3000
"Tamil Nadu",Theni,"Chinnamanur(Uzhavar Sandhai ) APMC",Mango(Raw-Ripe),"Mango - Raw-Ripe",Local,28/03/2026,3200,3200,3200
"Tamil Nadu",Theni,"Chinnamanur(Uzhavar Sandhai ) APMC","Knool Khol","Knool Khol",Local,28/03/2026,3200,3200,3200
"Tamil Nadu",Theni,"Chinnamanur(Uzhavar Sandhai ) APMC",Yam(Ratalu),"Yam (Ratalu)",Local,28/03/2026,5000,5000,5000
"Tamil Nadu",Thirunelveli,"Palayamkottai(Uzhavar Sandhai ) APMC",Onion,Bellary,Local,28/03/2026,2000,2400,2200
"Tamil Nadu",Thirunelveli,"Palayamkottai(Uzhavar Sandhai ) APMC",Chikoos(Sapota),Sapota,Local,28/03/2026,5000,6000,5500
"Tamil Nadu",Thirunelveli,"Palayamkottai(Uzhavar Sandhai ) APMC",Papaya,Papaya,Local,28/03/2026,4000,4500,4250
"Tamil Nadu",Thirunelveli,"Palayamkottai(Uzhavar Sandhai ) APMC","Cluster beans","Cluster Beans",Local,28/03/2026,2400,2600,2500
"Tamil Nadu",Thirunelveli,"Palayamkottai(Uzhavar Sandhai ) APMC",Pumpkin,Pumpkin,Local,28/03/2026,1200,1400,1300
"Tamil Nadu",Thirunelveli,"Palayamkottai(Uzhavar Sandhai ) APMC","Bhindi(Ladies Finger)",Bhindi,Local,28/03/2026,4000,4500,4250
"Tamil Nadu",Thirunelveli,"Palayamkottai(Uzhavar Sandhai ) APMC","Sweet Potato","Hosur Red",Local,28/03/2026,2000,2500,2250
"Tamil Nadu",Thirunelveli,"Palayamkottai(Uzhavar Sandhai ) APMC",Cucumbar(Kheera),Cucumbar,Local,28/03/2026,3000,4500,3750
"Tamil Nadu",Thirunelveli,"Palayamkottai(Uzhavar Sandhai ) APMC","Onion Green","Onion Green",Local,28/03/2026,3600,3800,3700
"Tamil Nadu",Thirunelveli,"Melapalayam(Uzhavar Sandhai ) APMC",Banana,"Red Banana",Local,28/03/2026,8000,9000,8500
"Tamil Nadu",Thirunelveli,"Melapalayam(Uzhavar Sandhai ) APMC",Coriander(Leaves),"I Sort",Local,28/03/2026,3500,4000,3750
"Tamil Nadu",Thirunelveli,"Melapalayam(Uzhavar Sandhai ) APMC","Bitter gourd",Other,Local,28/03/2026,3500,4000,3750
"Tamil Nadu",Thirunelveli,"Melapalayam(Uzhavar Sandhai ) APMC","Bottle gourd","Bottle Gourd",Local,28/03/2026,800,1000,900
"Tamil Nadu",Thirunelveli,"Melapalayam(Uzhavar Sandhai ) APMC",Ashgourd,Gouard,Local,28/03/2026,800,1000,900
"Tamil Nadu",Thirunelveli,"Melapalayam(Uzhavar Sandhai ) APMC",Tapioca,Tapioca,Local,28/03/2026,3500,4000,3750
"Tamil Nadu",Thirunelveli,"Melapalayam(Uzhavar Sandhai ) APMC",Cabbage,Cabbage,Local,28/03/2026,1800,2000,1900
"Tamil Nadu",Thirunelveli,"Melapalayam(Uzhavar Sandhai ) APMC",Snakeguard,Snakeguard,Local,28/03/2026,1800,2000,1900
"Tamil Nadu",Thirunelveli,"Melapalayam(Uzhavar Sandhai ) APMC",Cucumbar(Kheera),Cucumbar,Local,28/03/2026,2500,4500,3500
"Tamil Nadu",Thirunelveli,"Melapalayam(Uzhavar Sandhai ) APMC",Raddish,Raddish,Local,28/03/2026,2500,3000,2750
"Tamil Nadu",Thirunelveli,"Melapalayam(Uzhavar Sandhai ) APMC",Guava,"Guava Allahabad",Local,28/03/2026,6000,8000,7000
"Tamil Nadu",Thirunelveli,"NGO Colony(Uzhavar Sandhai ) APMC",Banana,Besrai,Local,28/03/2026,5500,6000,5750
"Tamil Nadu",Thirunelveli,"NGO Colony(Uzhavar Sandhai ) APMC","Bitter gourd","Bitter Gourd",Local,28/03/2026,3500,4000,3750
"Tamil Nadu",Thirunelveli,"NGO Colony(Uzhavar Sandhai ) APMC",Amaranthus,Amaranthus,Local,28/03/2026,1000,1500,1250
"Tamil Nadu",Thirunelveli,"NGO Colony(Uzhavar Sandhai ) APMC",Ginger(Green),"Green Ginger",Local,28/03/2026,6000,6800,6400
"Tamil Nadu",Thirunelveli,"NGO Colony(Uzhavar Sandhai ) APMC",Coconut,Coconut,Local,28/03/2026,5000,5500,5250
"Tamil Nadu",Thirunelveli,"NGO Colony(Uzhavar Sandhai ) APMC",Snakeguard,Snakeguard,Local,28/03/2026,1500,2000,1750
"Tamil Nadu",Thirunelveli,"NGO Colony(Uzhavar Sandhai ) APMC",Capsicum,Capsicum,Local,28/03/2026,4000,4500,4250
"Tamil Nadu",Thirunelveli,"NGO Colony(Uzhavar Sandhai ) APMC",Mint(Pudina),Mint(Pudina),Local,28/03/2026,4000,4600,4300
"Tamil Nadu",Thiruvellore,"Ambattur(Uzhavar Sandhai ) APMC",Tomato,Deshi,Local,28/03/2026,2000,2000,2000
"Tamil Nadu",Thiruvellore,"Ambattur(Uzhavar Sandhai ) APMC","Chow Chow","Chow Chow",Local,28/03/2026,2500,2500,2500
"Tamil Nadu",Thiruvarur,"Tiruthuraipoondi(Uzhavar Sandhai ) APMC","Bitter gourd","Bitter Gourd",Local,28/03/2026,4000,4000,4000
"Tamil Nadu",Thiruvarur,"Tiruthuraipoondi(Uzhavar Sandhai ) APMC","Bottle gourd","Bottle Gourd",Local,28/03/2026,2000,2000,2000
"Tamil Nadu",Thiruvarur,"Tiruthuraipoondi(Uzhavar Sandhai ) APMC","Sweet Potato","Hosur Red",Local,28/03/2026,4000,4000,4000
"Tamil Nadu",Thiruvarur,"Tiruthuraipoondi(Uzhavar Sandhai ) APMC","Amla(Nelli Kai)",Amla,Local,28/03/2026,8000,8000,8000
"Tamil Nadu",Thiruvarur,"Mannargudi I(Uzhavar Sandhai ) APMC",Potato,"Red Nanital",Local,28/03/2026,3000,3400,3200
"Tamil Nadu",Thiruvarur,"Mannargudi I(Uzhavar Sandhai ) APMC",Garlic,Garlic,Local,28/03/2026,16000,16000,16000
"Tamil Nadu",Thiruvarur,"Mannargudi I(Uzhavar Sandhai ) APMC",Ashgourd,Gouard,Local,28/03/2026,2400,2400,2400
"Tamil Nadu",Thiruvarur,"Mannargudi I(Uzhavar Sandhai ) APMC",Snakeguard,Snakeguard,Local,28/03/2026,2000,2400,2200
"Tamil Nadu",Thiruvarur,"Mannargudi I(Uzhavar Sandhai ) APMC",Ridgeguard(Tori),Ridgeguard(Tori),Local,28/03/2026,4000,4000,4000
"Tamil Nadu",Thiruvarur,"Mannargudi I(Uzhavar Sandhai ) APMC","Chow Chow","Chow Chow",Local,28/03/2026,3000,3000,3000
"Tamil Nadu",Thiruvarur,"Mannargudi I(Uzhavar Sandhai ) APMC",Mango(Raw-Ripe),"Mango - Raw-Ripe",Local,28/03/2026,4000,4800,4400
"Tamil Nadu",Thiruvarur,"Mannargudi I(Uzhavar Sandhai ) APMC",Lime,Lime,Local,28/03/2026,2800,2800,2800
"Tamil Nadu",Thiruvarur,"Mannargudi I(Uzhavar Sandhai ) APMC",Guava,"Guava Allahabad",Local,28/03/2026,5000,8000,6500
"Tamil Nadu",Thiruvarur,"Mannargudi I(Uzhavar Sandhai ) APMC",Pomegranate,Pomogranate,Local,28/03/2026,22000,26000,24000
"Tamil Nadu",Thiruvarur,"Needamangalam(Uzhavar Sandhai ) APMC",Tomato,Deshi,Local,28/03/2026,1600,1600,1600
"Tamil Nadu",Thiruvarur,"Needamangalam(Uzhavar Sandhai ) APMC","Cluster beans","Cluster Beans",Local,28/03/2026,3600,3600,3600
"Tamil Nadu",Thiruvarur,"Needamangalam(Uzhavar Sandhai ) APMC",Raddish,Raddish,Local,28/03/2026,2200,2200,2200
"Tamil Nadu",Thiruvarur,"Needamangalam(Uzhavar Sandhai ) APMC",Mint(Pudina),Mint(Pudina),Local,28/03/2026,3500,3500,3500
"Tamil Nadu",Thiruvarur,"Muthupettai(Uzhavar Sandhai ) APMC","Cluster beans","Cluster Beans",Local,28/03/2026,4000,4000,4000
"Tamil Nadu",Thiruvarur,"Muthupettai(Uzhavar Sandhai ) APMC",Coconut,Coconut,Local,28/03/2026,5000,5000,5000
"Tamil Nadu",Thiruvarur,"Mannargudi II(Uzhavar Sandhai ) APMC",Garlic,Garlic,Local,28/03/2026,16000,16000,16000
"Tamil Nadu",Thiruvarur,"Mannargudi II(Uzhavar Sandhai ) APMC","Cluster beans","Cluster Beans",Local,28/03/2026,3800,3800,3800
"Tamil Nadu",Thiruvarur,"Mannargudi II(Uzhavar Sandhai ) APMC","Bitter gourd","Bitter Gourd",Local,28/03/2026,2800,2800,2800
"Tamil Nadu",Thiruvarur,"Mannargudi II(Uzhavar Sandhai ) APMC",Amaranthus,Amaranthus,Local,28/03/2026,2000,2000,2000
"Tamil Nadu",Thiruvarur,"Mannargudi II(Uzhavar Sandhai ) APMC",Coconut,Coconut,Local,28/03/2026,4000,4000,4000
"Tamil Nadu",Thiruvarur,"Mannargudi II(Uzhavar Sandhai ) APMC","Green Avare(W)",Other,Local,28/03/2026,6600,6600,6600
"Tamil Nadu",Thiruvarur,"Mannargudi II(Uzhavar Sandhai ) APMC",Lime,Lime,Local,28/03/2026,2800,2800,2800
"Tamil Nadu",Thiruvarur,"Mannargudi II(Uzhavar Sandhai ) APMC",Lemon,Lemon,Local,28/03/2026,16000,16000,16000
"Tamil Nadu",Tuticorin,"Kovilpatti(Uzhavar Sandhai ) APMC",Banana,Other,Local,28/03/2026,3000,3500,3250
"Tamil Nadu",Tuticorin,"Kovilpatti(Uzhavar Sandhai ) APMC",Onion,Bellary,Local,28/03/2026,3000,3500,3250
"Tamil Nadu",Tuticorin,"Kovilpatti(Uzhavar Sandhai ) APMC",Brinjal,Other,Local,28/03/2026,5500,6000,5750
"Tamil Nadu",Tuticorin,"Kovilpatti(Uzhavar Sandhai ) APMC",Coriander(Leaves),"I Sort",Local,28/03/2026,4000,4500,4250
"Tamil Nadu",Tuticorin,"Kovilpatti(Uzhavar Sandhai ) APMC","Bitter gourd",Other,Local,28/03/2026,8000,8500,8250
"Tamil Nadu",Tuticorin,"Kovilpatti(Uzhavar Sandhai ) APMC","Bhindi(Ladies Finger)",Bhindi,Local,28/03/2026,5500,6000,5750
"Tamil Nadu",Tuticorin,"Kovilpatti(Uzhavar Sandhai ) APMC",Carrot,Pusakesar,Local,28/03/2026,4000,4500,4250
"Tamil Nadu",Tuticorin,"Kovilpatti(Uzhavar Sandhai ) APMC",Guava,"Guava Allahabad",Local,28/03/2026,5000,5500,5250
"Tamil Nadu",Tuticorin,"Kovilpatti(Uzhavar Sandhai ) APMC","Indian Beans(Seam)","Indian Beans (Seam)",Local,28/03/2026,6500,7000,6750
"Tamil Nadu",Thiruvannamalai,"Tiruvannamalai(Uzhavar Sandhai ) APMC",Banana,Besrai,Local,28/03/2026,4000,5000,4500
"Tamil Nadu",Thiruvannamalai,"Tiruvannamalai(Uzhavar Sandhai ) APMC",Coriander(Leaves),"I Sort",Local,28/03/2026,4000,5000,4500
"Tamil Nadu",Thiruvannamalai,"Tiruvannamalai(Uzhavar Sandhai ) APMC","Cluster beans","Cluster Beans",Local,28/03/2026,3500,4000,3750
"Tamil Nadu",Thiruvannamalai,"Tiruvannamalai(Uzhavar Sandhai ) APMC","Bhindi(Ladies Finger)",Bhindi,Local,28/03/2026,3600,4000,3800
"Tamil Nadu",Thiruvannamalai,"Tiruvannamalai(Uzhavar Sandhai ) APMC",Cowpea(Veg),"Cowpea (Veg)",Local,28/03/2026,5000,6000,5500
"Tamil Nadu",Thiruvannamalai,"Tiruvannamalai(Uzhavar Sandhai ) APMC",Carrot,Pusakesar,Local,28/03/2026,2400,3000,2700
"Tamil Nadu",Thiruvannamalai,"Tiruvannamalai(Uzhavar Sandhai ) APMC",Snakeguard,Snakeguard,Local,28/03/2026,2500,3000,2750
"Tamil Nadu",Thiruvannamalai,"Tiruvannamalai(Uzhavar Sandhai ) APMC","Green Avare(W)","Green Avare (W)",Local,28/03/2026,5000,6000,5500
"Tamil Nadu",Thiruvannamalai,"Tiruvannamalai(Uzhavar Sandhai ) APMC",Pomegranate,Pomogranate,Local,28/03/2026,16000,18000,17000
"Tamil Nadu",Thiruvannamalai,"Tiruvannamalai(Uzhavar Sandhai ) APMC",Marigold(Calcutta),Marigold(Calcutta),Local,28/03/2026,14000,16000,15000
"Tamil Nadu",Thiruvannamalai,"Tiruvannamalai(Uzhavar Sandhai ) APMC","Indian Beans(Seam)","Indian Beans (Seam)",Local,28/03/2026,5000,6000,5500
"Tamil Nadu",Thiruvannamalai,"Tiruvannamalai(Uzhavar Sandhai ) APMC",Mashrooms,Mashrooms,Local,28/03/2026,20000,25000,22500
"Tamil Nadu",Thiruvannamalai,"Polur(Uzhavar Sandhai ) APMC",Groundnut,"Big (With Shell)",Local,28/03/2026,4200,5000,4600
"Tamil Nadu",Thiruvannamalai,"Polur(Uzhavar Sandhai ) APMC",Potato,"Red Nanital",Local,28/03/2026,2500,3000,2750
"Tamil Nadu",Thiruvannamalai,"Polur(Uzhavar Sandhai ) APMC",Amaranthus,Amaranthus,Local,28/03/2026,1600,2000,1800
"Tamil Nadu",Thiruvannamalai,"Polur(Uzhavar Sandhai ) APMC",Cucumbar(Kheera),Cucumbar,Local,28/03/2026,1600,2000,1800
"Tamil Nadu",Thiruvannamalai,"Polur(Uzhavar Sandhai ) APMC","Chow Chow","Chow Chow",Local,28/03/2026,2500,3000,2750
"Tamil Nadu",Thiruvannamalai,"Polur(Uzhavar Sandhai ) APMC",Drumstick,Drumstick,Local,28/03/2026,4000,4800,4400
"Tamil Nadu",Thiruvannamalai,"Polur(Uzhavar Sandhai ) APMC","Knool Khol","Knool Khol",Local,28/03/2026,2500,3000,2750
"Tamil Nadu",Thiruvannamalai,"Polur(Uzhavar Sandhai ) APMC",Lemon,Lemon,Local,28/03/2026,6000,8000,7000
"Tamil Nadu",Thiruvannamalai,"Polur(Uzhavar Sandhai ) APMC","Sweet Corn ","Sweet Corn ",Local,28/03/2026,1600,2000,1800
"Tamil Nadu",Thiruvannamalai,"Arani(Uzhavar Sandhai ) APMC",Onion,Bellary,Local,28/03/2026,2000,2500,2250
"Tamil Nadu",Thiruvannamalai,"Arani(Uzhavar Sandhai ) APMC",Amaranthus,Amaranthus,Local,28/03/2026,2000,2500,2250
"Tamil Nadu",Thiruvannamalai,"Arani(Uzhavar Sandhai ) APMC","Banana - Green","Banana - Green",Local,28/03/2026,1500,2000,1750
"Tamil Nadu",Thiruvannamalai,"Arani(Uzhavar Sandhai ) APMC",Tapioca,Tapioca,Local,28/03/2026,2000,2500,2250
"Tamil Nadu",Thiruvannamalai,"Arani(Uzhavar Sandhai ) APMC","Sweet Potato","Hosur Red",Local,28/03/2026,3000,4000,3500
"Tamil Nadu",Thiruvannamalai,"Arani(Uzhavar Sandhai ) APMC",Thondekai,Thondekai,Local,28/03/2026,3300,4000,3650
"Tamil Nadu",Thiruvannamalai,"Arani(Uzhavar Sandhai ) APMC",Colacasia,Colacasia,Local,28/03/2026,2500,3000,2750
"Tamil Nadu",Thiruvannamalai,"Arani(Uzhavar Sandhai ) APMC",Mint(Pudina),Mint(Pudina),Local,28/03/2026,3500,4000,3750
"Tamil Nadu",Thiruvannamalai,"Chengam(Uzhavar Sandhai ) APMC",Banana,Besrai,Local,28/03/2026,4200,5000,4600
"Tamil Nadu",Thiruvannamalai,"Chengam(Uzhavar Sandhai ) APMC",Garlic,Garlic,Local,28/03/2026,10000,12000,11000
"Tamil Nadu",Thiruvannamalai,"Chengam(Uzhavar Sandhai ) APMC",Coriander(Leaves),"I Sort",Local,28/03/2026,3300,4000,3650
"Tamil Nadu",Thiruvannamalai,"Chengam(Uzhavar Sandhai ) APMC",Chikoos(Sapota),Sapota,Local,28/03/2026,3300,4000,3650
"Tamil Nadu",Thiruvannamalai,"Chengam(Uzhavar Sandhai ) APMC",Papaya,Papaya,Local,28/03/2026,3000,3500,3250
"Tamil Nadu",Thiruvannamalai,"Chengam(Uzhavar Sandhai ) APMC",Snakeguard,Snakeguard,Local,28/03/2026,2500,3000,2750
"Tamil Nadu",Thiruvannamalai,"Chengam(Uzhavar Sandhai ) APMC",Drumstick,Drumstick,Local,28/03/2026,5000,6000,5500
"Tamil Nadu",Thiruvannamalai,"Chengam(Uzhavar Sandhai ) APMC","Jack Fruit(Ripe)","Jack Fruit",Local,28/03/2026,1200,1500,1350
"Tamil Nadu",Thiruvannamalai,"Chengam(Uzhavar Sandhai ) APMC","Sweet Corn ","Sweet Corn ",Local,28/03/2026,2500,3000,2750
"Tamil Nadu",Thiruvannamalai,"Vandavasi(Uzhavar Sandhai ) APMC",Banana,Karpura,Local,28/03/2026,4000,5000,4500
"Tamil Nadu",Thiruvannamalai,"Vandavasi(Uzhavar Sandhai ) APMC",Potato,Other,Local,28/03/2026,2000,2400,2200
"Tamil Nadu",Thiruvannamalai,"Vandavasi(Uzhavar Sandhai ) APMC",Coriander(Leaves),"I Sort",Local,28/03/2026,3500,4000,3750
"Tamil Nadu",Thiruvannamalai,"Vandavasi(Uzhavar Sandhai ) APMC",Pumpkin,Pumpkin,Local,28/03/2026,2500,3000,2750
"Tamil Nadu",Thiruvannamalai,"Vandavasi(Uzhavar Sandhai ) APMC",Carrot,Pusakesar,Local,28/03/2026,3500,4000,3750
"Tamil Nadu",Thiruvannamalai,"Vandavasi(Uzhavar Sandhai ) APMC","Chow Chow","Chow Chow",Local,28/03/2026,2500,3000,2750
"Tamil Nadu",Thiruvannamalai,"Vandavasi(Uzhavar Sandhai ) APMC",Yam(Ratalu),"Yam (Ratalu)",Local,28/03/2026,3000,3600,3300
"Tamil Nadu",Thiruvannamalai,"Vandavasi(Uzhavar Sandhai ) APMC",Colacasia,Colacasia,Local,28/03/2026,2500,3000,2750
"Tamil Nadu",Thiruvannamalai,"Tamarainagar(Uzhavar Sandhai ) APMC",Brinjal,Other,Local,28/03/2026,1800,2000,1900
"Tamil Nadu",Thiruvannamalai,"Tamarainagar(Uzhavar Sandhai ) APMC","Banana - Green","Banana - Green",Local,28/03/2026,4000,5000,4500
"Tamil Nadu",Thiruvannamalai,"Tamarainagar(Uzhavar Sandhai ) APMC",Ridgeguard(Tori),Ridgeguard(Tori),Local,28/03/2026,3000,3600,3300
"Tamil Nadu",Thiruvannamalai,"Tamarainagar(Uzhavar Sandhai ) APMC",Raddish,Raddish,Local,28/03/2026,1500,2000,1750
"Tamil Nadu",Thiruvannamalai,"Tamarainagar(Uzhavar Sandhai ) APMC",Drumstick,Drumstick,Local,28/03/2026,6000,7200,6600
"Tamil Nadu",Thiruvannamalai,"Tamarainagar(Uzhavar Sandhai ) APMC",Mint(Pudina),Mint(Pudina),Local,28/03/2026,3000,3600,3300
"Tamil Nadu",Thiruvannamalai,"Tamarainagar(Uzhavar Sandhai ) APMC",Rose(Local),"Rose (Local)",Local,28/03/2026,8000,10000,9000
"Tamil Nadu",Thiruchirappalli,"Musiri(Uzhavar Sandhai ) APMC",Banana,Other,Local,28/03/2026,4000,5000,4500
"Tamil Nadu",Thiruchirappalli,"Musiri(Uzhavar Sandhai ) APMC","Green Peas","Green Peas",Local,28/03/2026,7000,8000,7500
"Tamil Nadu",Thiruchirappalli,"Musiri(Uzhavar Sandhai ) APMC",Ashgourd,Gouard,Local,28/03/2026,1600,1600,1600
"Tamil Nadu",Thiruchirappalli,"Musiri(Uzhavar Sandhai ) APMC",Cowpea(Veg),"Cowpea (Veg)",Local,28/03/2026,2500,3000,2750
"Tamil Nadu",Thiruchirappalli,"Musiri(Uzhavar Sandhai ) APMC",Carrot,Pusakesar,Local,28/03/2026,4000,4500,4250
"Tamil Nadu",Thiruchirappalli,"Musiri(Uzhavar Sandhai ) APMC",Ridgeguard(Tori),Ridgeguard(Tori),Local,28/03/2026,3500,4000,3750
"Tamil Nadu",Thiruchirappalli,"Musiri(Uzhavar Sandhai ) APMC","Knool Khol","Knool Khol",Local,28/03/2026,2000,2600,2300
"Tamil Nadu",Thiruchirappalli,"Thiruverumbur(Uzhavar Sandhai ) APMC",Garlic,Garlic,Local,28/03/2026,16000,16000,16000
"Tamil Nadu",Thiruchirappalli,"Thiruverumbur(Uzhavar Sandhai ) APMC",Tomato,Other,Local,28/03/2026,1600,1600,1600
"Tamil Nadu",Thiruchirappalli,"Thiruverumbur(Uzhavar Sandhai ) APMC",Ashgourd,Gouard,Local,28/03/2026,1600,1600,1600
"Tamil Nadu",Thiruchirappalli,"Thiruverumbur(Uzhavar Sandhai ) APMC",Ridgeguard(Tori),Ridgeguard(Tori),Local,28/03/2026,4000,4000,4000
"Tamil Nadu",Thiruchirappalli,"Thiruverumbur(Uzhavar Sandhai ) APMC","Elephant Yam(Suran)/Amorphophallus","Elephant Yam (Suran)",Local,28/03/2026,3000,3000,3000
"Tamil Nadu",Thiruchirappalli,"Thiruverumbur(Uzhavar Sandhai ) APMC",Yam(Ratalu),"Yam (Ratalu)",Local,28/03/2026,6000,6000,6000
"Tamil Nadu",Thiruchirappalli,"Lalgudi(Uzhavar Sandhai ) APMC",Papaya,Papaya,Local,28/03/2026,4000,4000,4000
"Tamil Nadu",Thiruchirappalli,"Lalgudi(Uzhavar Sandhai ) APMC","Bottle gourd","Bottle Gourd",Local,28/03/2026,2000,2000,2000
"Tamil Nadu",Thiruchirappalli,"Lalgudi(Uzhavar Sandhai ) APMC","Bhindi(Ladies Finger)",Bhindi,Local,28/03/2026,5600,5600,5600
"Tamil Nadu",Thiruchirappalli,"Lalgudi(Uzhavar Sandhai ) APMC",Cowpea(Veg),"Cowpea (Veg)",Local,28/03/2026,3000,3000,3000
"Tamil Nadu",Thiruchirappalli,"Lalgudi(Uzhavar Sandhai ) APMC",Coconut,Coconut,Local,28/03/2026,6000,6000,6000
"Tamil Nadu",Thiruchirappalli,"Lalgudi(Uzhavar Sandhai ) APMC",Cabbage,Cabbage,Local,28/03/2026,2600,2600,2600
"Tamil Nadu",Thiruchirappalli,"Lalgudi(Uzhavar Sandhai ) APMC",Cucumbar(Kheera),Cucumbar,Local,28/03/2026,4000,4000,4000
"Tamil Nadu",Thiruchirappalli,"Lalgudi(Uzhavar Sandhai ) APMC","Green Avare(W)",Other,Local,28/03/2026,7000,7000,7000
"Tamil Nadu",Thiruchirappalli,"Lalgudi(Uzhavar Sandhai ) APMC",Lemon,Lemon,Local,28/03/2026,13000,13000,13000
"Tamil Nadu",Thiruchirappalli,"Lalgudi(Uzhavar Sandhai ) APMC",Colacasia,Colacasia,Local,28/03/2026,5000,5000,5000
"Tamil Nadu",Thiruchirappalli,"Lalgudi(Uzhavar Sandhai ) APMC",Mint(Pudina),Mint(Pudina),Local,28/03/2026,2800,2800,2800
"Tamil Nadu",Thiruchirappalli,"Manachanallur(Uzhavar Sandhai ) APMC",Cauliflower,Ranchi,Local,28/03/2026,4000,4000,4000
"Tamil Nadu",Thiruchirappalli,"Manachanallur(Uzhavar Sandhai ) APMC","Bhindi(Ladies Finger)",Bhindi,Local,28/03/2026,5000,5000,5000
"Tamil Nadu",Thiruchirappalli,"Manachanallur(Uzhavar Sandhai ) APMC","Green Chilli","Green Chilly",Local,28/03/2026,3500,3500,3500
"Tamil Nadu",Thiruchirappalli,"Manachanallur(Uzhavar Sandhai ) APMC",Cowpea(Veg),"Cowpea (Veg)",Local,28/03/2026,3000,3000,3000
"Tamil Nadu",Thiruchirappalli,"Manachanallur(Uzhavar Sandhai ) APMC",Beans,"Beans (Whole)",Local,28/03/2026,5600,5600,5600
"Tamil Nadu",Thiruchirappalli,"Manachanallur(Uzhavar Sandhai ) APMC",Coconut,Coconut,Local,28/03/2026,6000,6000,6000
"Tamil Nadu",Thiruchirappalli,"Manachanallur(Uzhavar Sandhai ) APMC",Cabbage,Cabbage,Local,28/03/2026,2400,2400,2400
"Tamil Nadu",Thiruchirappalli,"Manachanallur(Uzhavar Sandhai ) APMC",Lemon,Lemon,Local,28/03/2026,10000,10000,10000
"Tamil Nadu",Vellore,"Gudiyatham(Uzhavar Sandhai ) APMC",Groundnut,"Big (With Shell)",Local,28/03/2026,6600,6600,6600
"Tamil Nadu",Vellore,"Gudiyatham(Uzhavar Sandhai ) APMC",Chikoos(Sapota),Sapota,Local,28/03/2026,3000,3000,3000
"Tamil Nadu",Vellore,"Gudiyatham(Uzhavar Sandhai ) APMC",Beans,"Beans (Whole)",Local,28/03/2026,6000,6000,6000
"Tamil Nadu",Vellore,"Gudiyatham(Uzhavar Sandhai ) APMC",Tapioca,Tapioca,Local,28/03/2026,2400,2400,2400
"Tamil Nadu",Vellore,"Gudiyatham(Uzhavar Sandhai ) APMC",Coconut,Coconut,Local,28/03/2026,4000,4000,4000
"Tamil Nadu",Vellore,"Gudiyatham(Uzhavar Sandhai ) APMC","Sweet Potato","Hosur Red",Local,28/03/2026,2400,2400,2400
"Tamil Nadu",Vellore,"Gudiyatham(Uzhavar Sandhai ) APMC",Beetroot,Beetroot,Local,28/03/2026,3600,3600,3600
"Tamil Nadu",Vellore,"Gudiyatham(Uzhavar Sandhai ) APMC",Raddish,Raddish,Local,28/03/2026,1800,1800,1800
"Tamil Nadu",Vellore,"Gudiyatham(Uzhavar Sandhai ) APMC","Knool Khol","Knool Khol",Local,28/03/2026,3000,3000,3000
"Tamil Nadu",Vellore,"Gudiyatham(Uzhavar Sandhai ) APMC","Tender Coconut","Tender Coconut",Local,28/03/2026,3000,3000,3000
"Tamil Nadu",Vellore,"Gudiyatham(Uzhavar Sandhai ) APMC","Tamarind Fruit","Tamarind Fruit",Local,28/03/2026,15000,15000,15000
"Tamil Nadu",Vellore,"Gudiyatham(Uzhavar Sandhai ) APMC","Indian Beans(Seam)","Indian Beans (Seam)",Local,28/03/2026,4000,4000,4000
"Tamil Nadu",Vellore,"Gudiyatham(Uzhavar Sandhai ) APMC",Lemon,Lemon,Local,28/03/2026,10000,10000,10000
"Tamil Nadu",Vellore,"Kahithapattarai(Uzhavar Sandhai ) APMC",Garlic,Garlic,Local,28/03/2026,14500,14500,14500
"Tamil Nadu",Vellore,"Kahithapattarai(Uzhavar Sandhai ) APMC",Brinjal,Other,Local,28/03/2026,2000,2000,2000
"Tamil Nadu",Vellore,"Kahithapattarai(Uzhavar Sandhai ) APMC",Coriander(Leaves),"I Sort",Local,28/03/2026,3500,3500,3500
"Tamil Nadu",Vellore,"Kahithapattarai(Uzhavar Sandhai ) APMC",Tomato,Local,Local,28/03/2026,1500,1500,1500
"Tamil Nadu",Vellore,"Kahithapattarai(Uzhavar Sandhai ) APMC","Bottle gourd","Bottle Gourd",Local,28/03/2026,1500,2000,1750
"Tamil Nadu",Vellore,"Kahithapattarai(Uzhavar Sandhai ) APMC","Sweet Potato","Hosur Red",Local,28/03/2026,2800,2800,2800
"Tamil Nadu",Vellore,"Kahithapattarai(Uzhavar Sandhai ) APMC",Carrot,Pusakesar,Local,28/03/2026,2000,2000,2000
"Tamil Nadu",Vellore,"Kahithapattarai(Uzhavar Sandhai ) APMC",Ridgeguard(Tori),Ridgeguard(Tori),Local,28/03/2026,3600,3600,3600
"Tamil Nadu",Vellore,"Kahithapattarai(Uzhavar Sandhai ) APMC",Capsicum,Capsicum,Local,28/03/2026,5000,5000,5000
"Tamil Nadu",Vellore,"Kahithapattarai(Uzhavar Sandhai ) APMC","Indian Beans(Seam)","Indian Beans (Seam)",Local,28/03/2026,4500,4500,4500
"Tamil Nadu",Vellore,"Kahithapattarai(Uzhavar Sandhai ) APMC",Colacasia,Colacasia,Local,28/03/2026,4000,4000,4000
"Tamil Nadu",Vellore,"Kahithapattarai(Uzhavar Sandhai ) APMC",Mashrooms,Mashrooms,Local,28/03/2026,30000,30000,30000
"Tamil Nadu",Villupuram,"Villupuram(Uzhavar Sandhai ) APMC","Water Melon","Water Melon",Local,28/03/2026,1500,1500,1500
"Tamil Nadu",Villupuram,"Villupuram(Uzhavar Sandhai ) APMC",Pumpkin,Pumpkin,Local,28/03/2026,2000,2000,2000
"Tamil Nadu",Villupuram,"Villupuram(Uzhavar Sandhai ) APMC","Sweet Potato","Hosur Red",Local,28/03/2026,4000,4000,4000
"Tamil Nadu",Villupuram,"Villupuram(Uzhavar Sandhai ) APMC",Carrot,Pusakesar,Local,28/03/2026,3000,3000,3000
"Tamil Nadu",Villupuram,"Villupuram(Uzhavar Sandhai ) APMC",Snakeguard,Snakeguard,Local,28/03/2026,4000,4000,4000
"Tamil Nadu",Villupuram,"Villupuram(Uzhavar Sandhai ) APMC",Beetroot,Beetroot,Local,28/03/2026,3000,3000,3000
"Tamil Nadu",Villupuram,"Villupuram(Uzhavar Sandhai ) APMC",Thondekai,Thondekai,Local,28/03/2026,4000,4000,4000
"Tamil Nadu",Villupuram,"Villupuram(Uzhavar Sandhai ) APMC","Green Avare(W)","Green Avare (W)",Local,28/03/2026,6000,10000,8000
"Tamil Nadu",Villupuram,"Villupuram(Uzhavar Sandhai ) APMC","Chow Chow","Chow Chow",Local,28/03/2026,3000,3000,3000
"Tamil Nadu",Villupuram,"Villupuram(Uzhavar Sandhai ) APMC",Drumstick,Drumstick,Local,28/03/2026,4000,4000,4000
"Tamil Nadu",Villupuram,"Villupuram(Uzhavar Sandhai ) APMC",Mint(Pudina),Mint(Pudina),Local,28/03/2026,3000,3000,3000
"Tamil Nadu",Villupuram,"Villupuram(Uzhavar Sandhai ) APMC","Sweet Corn ","Sweet Corn ",Local,28/03/2026,4000,4000,4000
"Tamil Nadu",Villupuram,"Gingee(Uzhavar Sandhai ) APMC",Potato,Other,Local,28/03/2026,3000,3000,3000
"Tamil Nadu",Villupuram,"Gingee(Uzhavar Sandhai ) APMC",Coconut,Coconut,Local,28/03/2026,6000,6000,6000
"Tamil Nadu",Villupuram,"Gingee(Uzhavar Sandhai ) APMC",Snakeguard,Snakeguard,Local,28/03/2026,4000,4000,4000
"Tamil Nadu",Villupuram,"Gingee(Uzhavar Sandhai ) APMC",Beetroot,Beetroot,Local,28/03/2026,3000,3000,3000
"Tamil Nadu",Villupuram,"Gingee(Uzhavar Sandhai ) APMC","Onion Green","Onion Green",Local,28/03/2026,5000,5000,5000
"Tamil Nadu",Villupuram,"Gingee(Uzhavar Sandhai ) APMC",Mint(Pudina),Mint(Pudina),Local,28/03/2026,4000,4000,4000
"Tamil Nadu",Virudhunagar,"Aruppukottai(Uzhavar Sandhai ) APMC",Garlic,Garlic,Local,28/03/2026,13000,14000,13500
"Tamil Nadu",Virudhunagar,"Aruppukottai(Uzhavar Sandhai ) APMC",Brinjal,Round,Local,28/03/2026,3500,4000,3750
"Tamil Nadu",Virudhunagar,"Aruppukottai(Uzhavar Sandhai ) APMC","Bottle gourd","Bottle Gourd",Local,28/03/2026,1800,2000,1900
"Tamil Nadu",Virudhunagar,"Aruppukottai(Uzhavar Sandhai ) APMC","Bhindi(Ladies Finger)",Bhindi,Local,28/03/2026,3500,4000,3750
"Tamil Nadu",Virudhunagar,"Aruppukottai(Uzhavar Sandhai ) APMC",Beans,"Beans (Whole)",Local,28/03/2026,6500,7000,6750
"Tamil Nadu",Virudhunagar,"Aruppukottai(Uzhavar Sandhai ) APMC","Sweet Potato","Hosur Red",Local,28/03/2026,3500,4000,3750
"Tamil Nadu",Virudhunagar,"Aruppukottai(Uzhavar Sandhai ) APMC",Cabbage,Cabbage,Local,28/03/2026,2500,3000,2750
"Tamil Nadu",Virudhunagar,"Aruppukottai(Uzhavar Sandhai ) APMC",Pomegranate,Pomogranate,Local,28/03/2026,17000,18000,17500
"Tamil Nadu",Virudhunagar,"Rajapalayam(Uzhavar Sandhai ) APMC","Bitter gourd","Bitter Gourd",Local,28/03/2026,4000,5000,4500
"Tamil Nadu",Virudhunagar,"Rajapalayam(Uzhavar Sandhai ) APMC",Ginger(Green),"Green Ginger",Local,28/03/2026,6500,7500,7000
"Tamil Nadu",Virudhunagar,"Sivakasi(Uzhavar Sandhai ) APMC",Onion,Bellary,Local,28/03/2026,2500,3000,2750
"Tamil Nadu",Virudhunagar,"Sivakasi(Uzhavar Sandhai ) APMC",Potato,"Red Nanital",Local,28/03/2026,3500,4000,3750
"Tamil Nadu",Virudhunagar,"Sivakasi(Uzhavar Sandhai ) APMC","Bottle gourd","Bottle Gourd",Local,28/03/2026,1800,2000,1900
"Tamil Nadu",Virudhunagar,"Sivakasi(Uzhavar Sandhai ) APMC",Pumpkin,Pumpkin,Local,28/03/2026,1800,2000,1900
"Tamil Nadu",Virudhunagar,"Sathur(Uzhavar Sandhai ) APMC",Potato,"Red Nanital",Local,28/03/2026,2500,3000,2750
"Tamil Nadu",Virudhunagar,"Sathur(Uzhavar Sandhai ) APMC",Chikoos(Sapota),Sapota,Local,28/03/2026,3500,4000,3750
"Tamil Nadu",Virudhunagar,"Sathur(Uzhavar Sandhai ) APMC",Ashgourd,Gouard,Local,28/03/2026,1600,2000,1800
"Tamil Nadu",Virudhunagar,"Sathur(Uzhavar Sandhai ) APMC","Onion Green","Onion Green",Local,28/03/2026,3000,3500,3250
"Tamil Nadu",Virudhunagar,"Kariyapatti(Uzhavar Sandhai ) APMC",Banana,Besrai,Local,28/03/2026,3500,4000,3750
"Tamil Nadu",Virudhunagar,"Kariyapatti(Uzhavar Sandhai ) APMC",Onion,Bellary,Local,28/03/2026,2000,2500,2250
"Tamil Nadu",Virudhunagar,"Kariyapatti(Uzhavar Sandhai ) APMC",Tomato,Deshi,Local,28/03/2026,1800,2000,1900
"Tamil Nadu",Virudhunagar,"Kariyapatti(Uzhavar Sandhai ) APMC",Pumpkin,Pumpkin,Local,28/03/2026,2000,2500,2250
"Tamil Nadu",Virudhunagar,"Kariyapatti(Uzhavar Sandhai ) APMC","Bhindi(Ladies Finger)",Bhindi,Local,28/03/2026,3500,4000,3750
"Tamil Nadu",Virudhunagar,"Kariyapatti(Uzhavar Sandhai ) APMC","Elephant Yam(Suran)/Amorphophallus","Elephant Yam (Suran)",Local,28/03/2026,3500,4000,3750
"Tamil Nadu",Virudhunagar,"Kariyapatti(Uzhavar Sandhai ) APMC",Mint(Pudina),Mint(Pudina),Local,28/03/2026,3000,3500,3250
"Tamil Nadu",Virudhunagar,"Thalavaipuram(Uzhavar Sandhai ) APMC",Onion,Bellary,Local,28/03/2026,2800,3500,3150
"Tamil Nadu",Virudhunagar,"Thalavaipuram(Uzhavar Sandhai ) APMC",Potato,"Red Nanital",Local,28/03/2026,2500,3000,2750
"Tamil Nadu",Virudhunagar,"Thalavaipuram(Uzhavar Sandhai ) APMC",Cauliflower,Ranchi,Local,28/03/2026,2500,3000,2750
"Tamil Nadu",Virudhunagar,"Thalavaipuram(Uzhavar Sandhai ) APMC",Tomato,Deshi,Local,28/03/2026,1600,2000,1800
"Tamil Nadu",Virudhunagar,"Thalavaipuram(Uzhavar Sandhai ) APMC","Bitter gourd",Other,Local,28/03/2026,4000,5000,4500
"Tamil Nadu",Virudhunagar,"Thalavaipuram(Uzhavar Sandhai ) APMC","Green Chilli","Green Chilly",Local,28/03/2026,4000,5000,4500
"Tamil Nadu",Virudhunagar,"Thalavaipuram(Uzhavar Sandhai ) APMC",Beans,"Beans (Whole)",Local,28/03/2026,6500,8000,7250
"Tamil Nadu",Virudhunagar,"Thalavaipuram(Uzhavar Sandhai ) APMC",Carrot,Pusakesar,Local,28/03/2026,3600,4500,4050
"Tamil Nadu",Virudhunagar,"Thalavaipuram(Uzhavar Sandhai ) APMC",Cabbage,Cabbage,Local,28/03/2026,2500,3000,2750
"Tamil Nadu",Virudhunagar,"Thalavaipuram(Uzhavar Sandhai ) APMC",Beetroot,Beetroot,Local,28/03/2026,2500,3200,2850
"Tamil Nadu",Virudhunagar,"Thalavaipuram(Uzhavar Sandhai ) APMC",Raddish,Raddish,Local,28/03/2026,2500,3000,2750
"Tamil Nadu",Virudhunagar,"Thalavaipuram(Uzhavar Sandhai ) APMC",Drumstick,Drumstick,Local,28/03/2026,4000,5000,4500
"Tamil Nadu",Virudhunagar,"Thalavaipuram(Uzhavar Sandhai ) APMC",Lemon,Lemon,Local,28/03/2026,11000,14000,12500
"Tamil Nadu",Chengalpattu,"Jameenrayapettai(Uzhavar Sandhai ) APMC",Apple,American,Local,28/03/2026,20000,22000,21000
"Tamil Nadu",Chengalpattu,"Jameenrayapettai(Uzhavar Sandhai ) APMC","Green Avare(W)",Other,Local,28/03/2026,5000,6000,5500
"Tamil Nadu",Ranipet,"Ranipettai(Uzhavar Sandhai ) APMC","Cluster beans","Cluster Beans",Local,28/03/2026,4000,4000,4000
"Tamil Nadu",Ranipet,"Ranipettai(Uzhavar Sandhai ) APMC",Tapioca,Tapioca,Local,28/03/2026,3000,3500,3250
"Tamil Nadu",Ranipet,"Ranipettai(Uzhavar Sandhai ) APMC",Carrot,Pusakesar,Local,28/03/2026,2400,2400,2400
"Tamil Nadu",Ranipet,"Ranipettai(Uzhavar Sandhai ) APMC",Beetroot,Beetroot,Local,28/03/2026,3400,3400,3400
"Tamil Nadu",Ranipet,"Ranipettai(Uzhavar Sandhai ) APMC","Green Avare(W)",Other,Local,28/03/2026,5000,5000,5000
"Tamil Nadu",Ranipet,"Ranipettai(Uzhavar Sandhai ) APMC","Karbuja(Musk Melon)",Karbhuja,Local,28/03/2026,4000,4000,4000
"Tamil Nadu",Ranipet,"Ranipettai(Uzhavar Sandhai ) APMC","Onion Green","Onion Green",Local,28/03/2026,4000,5000,4500
"Tamil Nadu",Ranipet,"Arcot(Uzhavar Sandhai ) APMC",Brinjal,Other,Local,28/03/2026,3000,3000,3000
"Tamil Nadu",Ranipet,"Arcot(Uzhavar Sandhai ) APMC",Coriander(Leaves),"I Sort",Local,28/03/2026,2000,2000,2000
"Tamil Nadu",Ranipet,"Arcot(Uzhavar Sandhai ) APMC","Cluster beans","Cluster Beans",Local,28/03/2026,4000,4000,4000
"Tamil Nadu",Ranipet,"Arcot(Uzhavar Sandhai ) APMC",Pumpkin,Pumpkin,Local,28/03/2026,2000,2000,2000
"Tamil Nadu",Ranipet,"Arcot(Uzhavar Sandhai ) APMC",Coconut,Coconut,Local,28/03/2026,4000,5000,4500
"Tamil Nadu",Ranipet,"Arcot(Uzhavar Sandhai ) APMC","Sweet Potato","Hosur Red",Local,28/03/2026,4000,4000,4000
"Tamil Nadu",Ranipet,"Arcot(Uzhavar Sandhai ) APMC",Cabbage,Cabbage,Local,28/03/2026,2000,2000,2000
"Tamil Nadu",Ranipet,"Arcot(Uzhavar Sandhai ) APMC",Beetroot,Beetroot,Local,28/03/2026,3000,3000,3000
"Tamil Nadu",Ranipet,"Arcot(Uzhavar Sandhai ) APMC",Drumstick,Drumstick,Local,28/03/2026,4000,4000,4000
"Tamil Nadu",Ranipet,"Arcot(Uzhavar Sandhai ) APMC",Mango(Raw-Ripe),"Mango - Raw-Ripe",Local,28/03/2026,5000,5000,5000
"Tamil Nadu",Ranipet,"Arcot(Uzhavar Sandhai ) APMC","Sweet Corn ","Sweet Corn ",Local,28/03/2026,3000,3500,3250
"Tamil Nadu",Thirupur,"Palladam(Uzhavar Sandhai ) APMC",Cauliflower,Ranchi,Local,28/03/2026,2500,3000,2750
"Tamil Nadu",Thirupur,"Palladam(Uzhavar Sandhai ) APMC","Cluster beans","Cluster Beans",Local,28/03/2026,3500,4000,3750
"Tamil Nadu",Thirupur,"Palladam(Uzhavar Sandhai ) APMC",Cowpea(Veg),"Cowpea (Veg)",Local,28/03/2026,2500,3000,2750
"Tamil Nadu",Thirupur,"Palladam(Uzhavar Sandhai ) APMC","Banana - Green","Banana - Green",Local,28/03/2026,2500,3000,2750
"Tamil Nadu",Thirupur,"Palladam(Uzhavar Sandhai ) APMC",Beans,"Beans (Whole)",Local,28/03/2026,7000,8000,7500
"Tamil Nadu",Thirupur,"Palladam(Uzhavar Sandhai ) APMC",Ginger(Green),"Green Ginger",Local,28/03/2026,6000,7000,6500
"Tamil Nadu",Thirupur,"Palladam(Uzhavar Sandhai ) APMC",Raddish,Raddish,Local,28/03/2026,2500,3000,2750
"Tamil Nadu",Thirupur,"Palladam(Uzhavar Sandhai ) APMC","Chow Chow","Chow Chow",Local,28/03/2026,2000,2500,2250
"Tamil Nadu",Thirupur,"Tiruppur (South) (Uzhavar Sandhai ) APMC",Ashgourd,Gouard,Local,28/03/2026,1500,2000,1750
"Tamil Nadu",Thirupur,"Tiruppur (South) (Uzhavar Sandhai ) APMC",Raddish,Raddish,Local,28/03/2026,2000,2500,2250
"Tamil Nadu",Thirupur,"Tiruppur (South) (Uzhavar Sandhai ) APMC","Chow Chow","Chow Chow",Local,28/03/2026,1500,2000,1750
"Tamil Nadu",Thirupur,"Tiruppur (South) (Uzhavar Sandhai ) APMC",Lemon,Lemon,Local,28/03/2026,14000,15000,14500
"Tamil Nadu",Thirupur,"Dharapuram(Uzhavar Sandhai ) APMC",Banana,Besrai,Local,28/03/2026,3500,4000,3750
"Tamil Nadu",Thirupur,"Dharapuram(Uzhavar Sandhai ) APMC",Cauliflower,Ranchi,Local,28/03/2026,3000,3500,3250
"Tamil Nadu",Thirupur,"Dharapuram(Uzhavar Sandhai ) APMC",Papaya,Papaya,Local,28/03/2026,2500,3000,2750
"Tamil Nadu",Thirupur,"Dharapuram(Uzhavar Sandhai ) APMC",Pumpkin,Pumpkin,Local,28/03/2026,2000,2500,2250
"Tamil Nadu",Thirupur,"Dharapuram(Uzhavar Sandhai ) APMC","Bhindi(Ladies Finger)",Bhindi,Local,28/03/2026,5500,6200,5850
"Tamil Nadu",Thirupur,"Dharapuram(Uzhavar Sandhai ) APMC","Banana - Green","Banana - Green",Local,28/03/2026,2500,3000,2750
"Tamil Nadu",Thirupur,"Dharapuram(Uzhavar Sandhai ) APMC",Coconut,Coconut,Local,28/03/2026,4500,5000,4750
"Tamil Nadu",Thirupur,"Dharapuram(Uzhavar Sandhai ) APMC",Snakeguard,Snakeguard,Local,28/03/2026,2500,3000,2750
"Tamil Nadu",Thirupur,"Dharapuram(Uzhavar Sandhai ) APMC",Mango(Raw-Ripe),"Mango - Raw-Ripe",Local,28/03/2026,4500,5000,4750
"Tamil Nadu",Thirupur,"Tiruppur (North) (Uzhavar Sandhai ) APMC","Bottle gourd","Bottle Gourd",Local,28/03/2026,1500,1800,1650
"Tamil Nadu",Thirupur,"Tiruppur (North) (Uzhavar Sandhai ) APMC",Amaranthus,Amaranthus,Local,28/03/2026,2000,2500,2250
"Tamil Nadu",Thirupur,"Tiruppur (North) (Uzhavar Sandhai ) APMC",Ginger(Green),"Green Ginger",Local,28/03/2026,6000,7000,6500
"Tamil Nadu",Thirupur,"Tiruppur (North) (Uzhavar Sandhai ) APMC",Coconut,Coconut,Local,28/03/2026,4500,5000,4750
"Tamil Nadu",Thirupur,"Tiruppur (North) (Uzhavar Sandhai ) APMC",Carrot,Pusakesar,Local,28/03/2026,4000,4500,4250
"Tamil Nadu",Thirupur,"Tiruppur (North) (Uzhavar Sandhai ) APMC",Cabbage,Cabbage,Local,28/03/2026,1800,2000,1900
"Tamil Nadu",Thirupur,"Tiruppur (North) (Uzhavar Sandhai ) APMC",Cucumbar(Kheera),Cucumbar,Local,28/03/2026,3500,4000,3750
"Tamil Nadu",Thirupur,"Kangayam(Uzhavar Sandhai ) APMC",Banana,Besrai,Local,28/03/2026,3500,4000,3750
"Tamil Nadu",Thirupur,"Kangayam(Uzhavar Sandhai ) APMC",Onion,Bellary,Local,28/03/2026,2500,3000,2750
"Tamil Nadu",Thirupur,"Kangayam(Uzhavar Sandhai ) APMC",Tomato,Deshi,Local,28/03/2026,1200,1600,1400
"Tamil Nadu",Thirupur,"Kangayam(Uzhavar Sandhai ) APMC","Bottle gourd","Bottle Gourd",Local,28/03/2026,1200,1600,1400
"Tamil Nadu",Thirupur,"Kangayam(Uzhavar Sandhai ) APMC","Banana - Green","Banana - Green",Local,28/03/2026,2500,3000,2750
"Tamil Nadu",Thirupur,"Kangayam(Uzhavar Sandhai ) APMC",Coconut,Coconut,Local,28/03/2026,5500,6000,5750
"Tamil Nadu",Thirupur,"Kangayam(Uzhavar Sandhai ) APMC",Drumstick,Drumstick,Local,28/03/2026,2500,3000,2750
"Tamil Nadu",Kallakuruchi,"Kallakurichi(Uzhavar Sandhai ) APMC",Brinjal,Other,Local,28/03/2026,4000,4000,4000
"Tamil Nadu",Kallakuruchi,"Kallakurichi(Uzhavar Sandhai ) APMC",Ashgourd,Gouard,Local,28/03/2026,3000,3000,3000
"Tamil Nadu",Kallakuruchi,"Kallakurichi(Uzhavar Sandhai ) APMC","Sweet Potato","Hosur Red",Local,28/03/2026,3000,3000,3000
"Tamil Nadu",Kallakuruchi,"Kallakurichi(Uzhavar Sandhai ) APMC",Colacasia,Colacasia,Local,28/03/2026,4000,4000,4000
"Tamil Nadu",Kallakuruchi,"Sankarapuram(Uzhavar Sandhai ) APMC",Onion,Bellary,Local,28/03/2026,3500,3500,3500
"Tamil Nadu",Kallakuruchi,"Sankarapuram(Uzhavar Sandhai ) APMC",Chikoos(Sapota),Sapota,Local,28/03/2026,4000,4000,4000
"Tamil Nadu",Kallakuruchi,"Sankarapuram(Uzhavar Sandhai ) APMC","Water Melon","Water Melon",Local,28/03/2026,2500,2500,2500
"Tamil Nadu",Kallakuruchi,"Sankarapuram(Uzhavar Sandhai ) APMC","Bitter gourd","Bitter Gourd",Local,28/03/2026,5000,6000,5500
"Tamil Nadu",Kallakuruchi,"Sankarapuram(Uzhavar Sandhai ) APMC","Green Chilli","Green Chilly",Local,28/03/2026,5000,5000,5000
"Tamil Nadu",Kallakuruchi,"Sankarapuram(Uzhavar Sandhai ) APMC","Sweet Potato","Hosur Red",Local,28/03/2026,3000,3000,3000
"Tamil Nadu",Kallakuruchi,"Sankarapuram(Uzhavar Sandhai ) APMC",Raddish,Raddish,Local,28/03/2026,3000,3000,3000
"Tamil Nadu",Kallakuruchi,"Sankarapuram(Uzhavar Sandhai ) APMC","Green Avare(W)","Green Avare (W)",Local,28/03/2026,8000,10000,9000
"Tamil Nadu",Tuticorin,"Tuticorin(Uzhavar Sandhai ) APMC",Apple,American,Local,28/03/2026,21000,22000,21500
"Tamil Nadu",Tuticorin,"Tuticorin(Uzhavar Sandhai ) APMC",Orange,Darjeeling,Local,28/03/2026,8000,9000,8500
"Tamil Nadu",Tuticorin,"Tuticorin(Uzhavar Sandhai ) APMC",Brinjal,Round,Local,28/03/2026,3500,4000,3750
"Tamil Nadu",Tuticorin,"Tuticorin(Uzhavar Sandhai ) APMC","Cluster beans","Cluster Beans",Local,28/03/2026,5000,6000,5500
"Tamil Nadu",Tuticorin,"Tuticorin(Uzhavar Sandhai ) APMC",Pumpkin,Pumpkin,Local,28/03/2026,1000,1500,1250
"Tamil Nadu",Tuticorin,"Tuticorin(Uzhavar Sandhai ) APMC","Banana - Green","Banana - Green",Local,28/03/2026,2500,3000,2750
"Tamil Nadu",Tuticorin,"Tuticorin(Uzhavar Sandhai ) APMC",Beans,"Beans (Whole)",Local,28/03/2026,8000,9000,8500
"Tamil Nadu",Tuticorin,"Tuticorin(Uzhavar Sandhai ) APMC",Snakeguard,Snakeguard,Local,28/03/2026,2500,3000,2750
"Tamil Nadu",Tuticorin,"Tuticorin(Uzhavar Sandhai ) APMC",Beetroot,Beetroot,Local,28/03/2026,3000,3500,3250
"Tamil Nadu",Tuticorin,"Tuticorin(Uzhavar Sandhai ) APMC",Raddish,Raddish,Local,28/03/2026,2500,3000,2750
"Tamil Nadu",Tuticorin,"Tuticorin(Uzhavar Sandhai ) APMC",Thondekai,Thondekai,Local,28/03/2026,4500,5000,4750
"Tamil Nadu",Tuticorin,"Tuticorin(Uzhavar Sandhai ) APMC",Capsicum,Capsicum,Local,28/03/2026,7500,8000,7750
"Tamil Nadu",Tuticorin,"Tuticorin(Uzhavar Sandhai ) APMC",Drumstick,Drumstick,Local,28/03/2026,3500,4000,3750
"Tamil Nadu",Tuticorin,"Tuticorin(Uzhavar Sandhai ) APMC",Yam(Ratalu),"Yam (Ratalu)",Local,28/03/2026,5500,6000,5750
"Tamil Nadu",Tuticorin,"Tuticorin(Uzhavar Sandhai ) APMC",Mashrooms,Mashrooms,Local,28/03/2026,24000,25000,24500
"Tamil Nadu",Tuticorin,"Tuticorin(Uzhavar Sandhai ) APMC","Amla(Nelli Kai)",Amla,Local,28/03/2026,6000,7000,6500
"Tamil Nadu",Tuticorin,"Tuticorin(Uzhavar Sandhai ) APMC","Onion Green","Onion Green",Local,28/03/2026,3500,4000,3750
"Tamil Nadu",Tuticorin,"Tuticorin(Uzhavar Sandhai ) APMC","Sweet Corn ","Sweet Corn ",Local,28/03/2026,5000,6000,5500
"Tamil Nadu","Nagercoil (Kannyiakumari)","Vadaseri APMC",Garlic,Garlic,Local,28/03/2026,13000,14000,13500
"Tamil Nadu","Nagercoil (Kannyiakumari)","Vadaseri APMC",Coriander(Leaves),"I Sort",Local,28/03/2026,4500,5000,4750
"Tamil Nadu","Nagercoil (Kannyiakumari)","Vadaseri APMC",Cowpea(Veg),"Cowpea (Veg)",Local,28/03/2026,3500,4000,3750
"Tamil Nadu","Nagercoil (Kannyiakumari)","Vadaseri APMC",Beans,"Beans (Whole)",Local,28/03/2026,7500,8000,7750
"Tamil Nadu","Nagercoil (Kannyiakumari)","Vadaseri APMC",Carrot,Pusakesar,Local,28/03/2026,4500,5000,4750
"Tamil Nadu","Nagercoil (Kannyiakumari)","Vadaseri APMC",Cucumbar(Kheera),Cucumbar,Local,28/03/2026,3500,4000,3750
"Tamil Nadu","Nagercoil (Kannyiakumari)","Vadaseri APMC",Raddish,Raddish,Local,28/03/2026,3500,4000,3750
"Tamil Nadu","Nagercoil (Kannyiakumari)","Vadaseri APMC","Tender Coconut","Tender Coconut",Local,28/03/2026,5500,6000,5750
"Tamil Nadu",Pudukkottai,"Karambakkudi(Uzhavar Sandhai ) APMC",Potato,Other,Local,28/03/2026,3500,4000,3750
"Tamil Nadu",Pudukkottai,"Karambakkudi(Uzhavar Sandhai ) APMC",Papaya,Papaya,Local,28/03/2026,2500,3000,2750
"Tamil Nadu",Pudukkottai,"Karambakkudi(Uzhavar Sandhai ) APMC",Tomato,Other,Local,28/03/2026,1500,2000,1750
"Tamil Nadu",Pudukkottai,"Karambakkudi(Uzhavar Sandhai ) APMC",Ashgourd,Gouard,Local,28/03/2026,1500,2000,1750
"Tamil Nadu",Pudukkottai,"Karambakkudi(Uzhavar Sandhai ) APMC","Green Avare(W)",Other,Local,28/03/2026,4500,5000,4750
"Tamil Nadu",Pudukkottai,"Karambakkudi(Uzhavar Sandhai ) APMC",Mango(Raw-Ripe),"Mango - Raw-Ripe",Local,28/03/2026,5000,6000,5500
"Tamil Nadu",Pudukkottai,"Karambakkudi(Uzhavar Sandhai ) APMC",Mint(Pudina),Mint(Pudina),Local,28/03/2026,4500,5000,4750
"Tamil Nadu",Salem,"Ammapet(Uzhavar Sandhai ) APMC",Orange,Darjeeling,Local,28/03/2026,8000,9000,8500
"Tamil Nadu",Salem,"Ammapet(Uzhavar Sandhai ) APMC","Water Melon","Water Melon",Local,28/03/2026,1800,2000,1900
"Tamil Nadu",Salem,"Ammapet(Uzhavar Sandhai ) APMC",Pumpkin,Pumpkin,Local,28/03/2026,1800,2000,1900
"Tamil Nadu",Salem,"Ammapet(Uzhavar Sandhai ) APMC",Amaranthus,Amaranthus,Local,28/03/2026,2000,2400,2200
"Tamil Nadu",Salem,"Ammapet(Uzhavar Sandhai ) APMC","Green Chilli","Green Chilly",Local,28/03/2026,3600,3800,3700
"Tamil Nadu",Salem,"Ammapet(Uzhavar Sandhai ) APMC",Carrot,Pusakesar,Local,28/03/2026,5000,5600,5300
"Tamil Nadu",Salem,"Ammapet(Uzhavar Sandhai ) APMC",Snakeguard,Snakeguard,Local,28/03/2026,2600,2800,2700
"Tamil Nadu",Salem,"Ammapet(Uzhavar Sandhai ) APMC","Tamarind Fruit","Tamarind Fruit",Local,28/03/2026,15000,17000,16000
"Tamil Nadu",Salem,"Ammapet(Uzhavar Sandhai ) APMC","Sweet Corn ","Sweet Corn ",Local,28/03/2026,2500,3000,2750
"Tamil Nadu",Salem,"Athur(Uzhavar Sandhai ) APMC","Bhindi(Ladies Finger)",Bhindi,Local,28/03/2026,4000,4500,4250
"Tamil Nadu",Salem,"Athur(Uzhavar Sandhai ) APMC","Banana - Green","Banana - Green",Local,28/03/2026,2000,2400,2200
"Tamil Nadu",Salem,"Athur(Uzhavar Sandhai ) APMC",Beans,"Beans (Whole)",Local,28/03/2026,6000,7000,6500
"Tamil Nadu",Salem,"Athur(Uzhavar Sandhai ) APMC",Jasmine,Jasmine,Local,28/03/2026,35000,40000,37500
"Tamil Nadu",Theni,"Periyakulam(Uzhavar Sandhai ) APMC",Papaya,Papaya,Local,28/03/2026,3000,3500,3250
"Tamil Nadu",Theni,"Periyakulam(Uzhavar Sandhai ) APMC",Carrot,Pusakesar,Local,28/03/2026,2400,3300,2850
"Tamil Nadu",Theni,"Periyakulam(Uzhavar Sandhai ) APMC",Cabbage,Cabbage,Local,28/03/2026,1600,1800,1700
"Tamil Nadu",Theni,"Periyakulam(Uzhavar Sandhai ) APMC","Green Avare(W)",Other,Local,28/03/2026,5800,6000,5900
"Tamil Nadu",Vellore,"Thirupathur APMC","Arhar(Tur/Red Gram)(Whole)","Arhar (Whole)",Local,28/03/2026,6000,6000,6000
"Tamil Nadu",Vellore,"Thirupathur APMC",Ashgourd,Gouard,Local,28/03/2026,1500,1500,1500
"Tamil Nadu",Vellore,"Thirupathur APMC","Green Chilli","Green Chilly",Local,28/03/2026,4000,4000,4000
"Tamil Nadu",Vellore,"Thirupathur APMC",Coconut,Coconut,Local,28/03/2026,5000,5000,5000
"Tamil Nadu",Vellore,"Thirupathur APMC","Sweet Potato","Hosur Red",Local,28/03/2026,4000,4000,4000
"Tamil Nadu",Vellore,"Thirupathur APMC",Snakeguard,Snakeguard,Local,28/03/2026,3000,3000,3000
"Tamil Nadu",Vellore,"Thirupathur APMC","Chow Chow","Chow Chow",Local,28/03/2026,2500,2500,2500
"Tamil Nadu",Vellore,"Thirupathur APMC",Lemon,Lemon,Local,28/03/2026,6000,6000,6000
"Tamil Nadu",Dharmapuri,"Harur(Uzhavar Sandhai ) APMC",Garlic,Garlic,Local,28/03/2026,14000,15000,14500
"Tamil Nadu",Dharmapuri,"Harur(Uzhavar Sandhai ) APMC","Green Peas","Green Peas",Local,28/03/2026,7500,8000,7750
"Tamil Nadu",Dharmapuri,"Harur(Uzhavar Sandhai ) APMC","Cluster beans","Cluster Beans",Local,28/03/2026,3500,4000,3750
"Tamil Nadu",Dharmapuri,"Harur(Uzhavar Sandhai ) APMC","Bitter gourd",Other,Local,28/03/2026,2500,3000,2750
"Tamil Nadu",Dharmapuri,"Harur(Uzhavar Sandhai ) APMC",Cabbage,Cabbage,Local,28/03/2026,2400,2600,2500
"Tamil Nadu",Dharmapuri,"Harur(Uzhavar Sandhai ) APMC",Capsicum,Capsicum,Local,28/03/2026,6000,7000,6500
"Tamil Nadu",Dharmapuri,"Harur(Uzhavar Sandhai ) APMC",Lemon,Lemon,Local,28/03/2026,10000,12000,11000
"Tamil Nadu",Dharmapuri,"Harur(Uzhavar Sandhai ) APMC",Mint(Pudina),Mint(Pudina),Local,28/03/2026,3000,3500,3250
"Tamil Nadu","The Nilgiris","Coonoor(Uzhavar Sandhai ) APMC",Potato,Other,Local,28/03/2026,3500,4000,3750
"Tamil Nadu","The Nilgiris","Coonoor(Uzhavar Sandhai ) APMC",Cowpea(Veg),"Cowpea (Veg)",Local,28/03/2026,2600,3000,2800
"Tamil Nadu","The Nilgiris","Coonoor(Uzhavar Sandhai ) APMC",Ridgeguard(Tori),Ridgeguard(Tori),Local,28/03/2026,4000,4500,4250
"Tamil Nadu","The Nilgiris","Coonoor(Uzhavar Sandhai ) APMC",Turnip,Turnip,Local,28/03/2026,2200,2500,2350
"Tamil Nadu","The Nilgiris","Coonoor(Uzhavar Sandhai ) APMC","Onion Green","Onion Green",Local,28/03/2026,3000,3400,3200
"Tamil Nadu","The Nilgiris","Gudalur(Uzhavar Sandhai ) APMC",Garlic,Garlic,Local,28/03/2026,14000,15000,14500
"Tamil Nadu","The Nilgiris","Gudalur(Uzhavar Sandhai ) APMC",Coriander(Leaves),"I Sort",Local,28/03/2026,6500,7000,6750
"Tamil Nadu","The Nilgiris","Gudalur(Uzhavar Sandhai ) APMC","Green Chilli","Green Chilly",Local,28/03/2026,4000,4500,4250
"Tamil Nadu","The Nilgiris","Gudalur(Uzhavar Sandhai ) APMC","Banana - Green","Banana - Green",Local,28/03/2026,4000,4500,4250
"Tamil Nadu","The Nilgiris","Gudalur(Uzhavar Sandhai ) APMC","Elephant Yam(Suran)/Amorphophallus","Elephant Yam (Suran)",Local,28/03/2026,3500,4000,3750
"Tamil Nadu",Theni,"Andipatti(Uzhavar Sandhai ) APMC",Garlic,Garlic,Local,28/03/2026,23000,24000,23500
"Tamil Nadu",Theni,"Andipatti(Uzhavar Sandhai ) APMC",Cauliflower,Ranchi,Local,28/03/2026,1500,2000,1750
"Tamil Nadu",Theni,"Andipatti(Uzhavar Sandhai ) APMC",Brinjal,Other,Local,28/03/2026,2200,2400,2300
"Tamil Nadu",Theni,"Andipatti(Uzhavar Sandhai ) APMC",Tomato,Other,Local,28/03/2026,1400,1600,1500
"Tamil Nadu",Theni,"Andipatti(Uzhavar Sandhai ) APMC","Cluster beans","Cluster Beans",Local,28/03/2026,2800,3000,2900
"Tamil Nadu",Theni,"Andipatti(Uzhavar Sandhai ) APMC","Banana - Green","Banana - Green",Local,28/03/2026,2500,3000,2750
"Tamil Nadu",Theni,"Andipatti(Uzhavar Sandhai ) APMC",Coconut,Coconut,Local,28/03/2026,4500,4600,4550
"Tamil Nadu",Theni,"Andipatti(Uzhavar Sandhai ) APMC",Carrot,Pusakesar,Local,28/03/2026,2400,3300,2850
"Tamil Nadu",Theni,"Andipatti(Uzhavar Sandhai ) APMC",Beetroot,Beetroot,Local,28/03/2026,2800,3000,2900
"Tamil Nadu",Theni,"Andipatti(Uzhavar Sandhai ) APMC","Green Avare(W)",Other,Local,28/03/2026,5800,6000,5900
"Tamil Nadu",Theni,"Andipatti(Uzhavar Sandhai ) APMC","Chow Chow","Chow Chow",Local,28/03/2026,2200,2400,2300
"Tamil Nadu",Virudhunagar,"Srivilliputhur(Uzhavar Sandhai ) APMC",Banana,Besrai,Local,28/03/2026,3500,4000,3750
"Tamil Nadu",Virudhunagar,"Srivilliputhur(Uzhavar Sandhai ) APMC","Green Peas","Green Peas",Local,28/03/2026,5000,6000,5500
"Tamil Nadu",Virudhunagar,"Srivilliputhur(Uzhavar Sandhai ) APMC","Bitter gourd","Bitter Gourd",Local,28/03/2026,4500,5000,4750
"Tamil Nadu",Virudhunagar,"Srivilliputhur(Uzhavar Sandhai ) APMC",Ashgourd,Gouard,Local,28/03/2026,2000,2500,2250
"Tamil Nadu",Virudhunagar,"Srivilliputhur(Uzhavar Sandhai ) APMC",Carrot,Pusakesar,Local,28/03/2026,3000,3500,3250
"Tamil Nadu",Virudhunagar,"Srivilliputhur(Uzhavar Sandhai ) APMC",Thondekai,Thondekai,Local,28/03/2026,5000,6000,5500
"Tamil Nadu",Virudhunagar,"Srivilliputhur(Uzhavar Sandhai ) APMC","Elephant Yam(Suran)/Amorphophallus","Elephant Yam (Suran)",Local,28/03/2026,3500,4000,3750
"Tamil Nadu",Virudhunagar,"Srivilliputhur(Uzhavar Sandhai ) APMC",Yam(Ratalu),"Yam (Ratalu)",Local,28/03/2026,5000,6000,5500
Kerala,Thirssur,"Annamanada  VFPCK APMC",Banana,"Nendra Bale","Grade A",28/03/2026,3300,3700,3500
Haryana,Kurukshetra,"Ladwa APMC",Apple,Apple,Medium,28/03/2026,16000,18000,18000
Haryana,Kurukshetra,"Ladwa APMC",Cucumbar(Kheera),Cucumbar,Medium,28/03/2026,3500,4000,4000
Haryana,Kurukshetra,"Ladwa APMC",Raddish,Raddish,Medium,28/03/2026,1200,1200,1200
Haryana,Kurukshetra,"Pehowa APMC",Potato,Other,Medium,28/03/2026,310,380,350
Haryana,Kurukshetra,"Pehowa APMC",Tomato,Other,Medium,28/03/2026,1220,1800,1500
Haryana,Sirsa,"kalanwali APMC",Cabbage,Other,Local,28/03/2026,1500,1500,1500
Kerala,Kozhikode(Calicut),"Vengeri(Kozhikode) APMC","Bitter gourd","Bitter Gourd",FAQ,28/03/2026,3800,4100,4100
Kerala,Kozhikode(Calicut),"Vengeri(Kozhikode) APMC",Carrot,Carrot,FAQ,28/03/2026,3000,3300,3300
Kerala,Kozhikode(Calicut),"Vengeri(Kozhikode) APMC","French Beans(Frasbean)","French Beans (Frasbean)",FAQ,28/03/2026,5000,5300,5300
Kerala,Kozhikode(Calicut),"Vengeri(Kozhikode) APMC",Tomato,Tomato,FAQ,28/03/2026,1700,2000,2000
Kerala,Kozhikode(Calicut),"Vengeri(Kozhikode) APMC",Snakeguard,Snakeguard,FAQ,28/03/2026,2500,2800,2800
Kerala,Kozhikode(Calicut),"Vengeri(Kozhikode) APMC",Cowpea(Veg),"Cowpea (Veg)",FAQ,28/03/2026,4700,5000,5000
Kerala,Ernakulam,"Ernakulam APMC",Banana,Palayamthodan,Medium,28/03/2026,2400,2900,2600
Odisha,Bolangir,"Kantabaji APMC",Brinjal,Other,"Grade B",28/03/2026,1300,1300,1300
Gujarat,Ahmedabad,"Viramgam APMC",Wheat,Other,Local,28/03/2026,1750,2845,2300
"Himachal Pradesh",Chamba,"PMY Chamba",Banana,Other,Medium,28/03/2026,4000,4200,4100
"Himachal Pradesh",Chamba,"PMY Chamba",Grapes,Other,Medium,28/03/2026,9000,10000,9500
"Himachal Pradesh",Hamirpur,"PMY Hamirpur","Bhindi(Ladies Finger)",Other,"Grade B",28/03/2026,8000,10000,9000
"Himachal Pradesh",Hamirpur,"PMY Hamirpur",Raddish,Raddish,"Grade B",28/03/2026,2000,2200,2100
"Himachal Pradesh",Hamirpur,"PMY Hamirpur","French Beans(Frasbean)",Other,"Grade B",28/03/2026,6000,6000,6000
"Himachal Pradesh",Hamirpur,"PMY Hamirpur",Garlic,Garlic,"Grade Range-2",28/03/2026,11000,13000,12000
"Himachal Pradesh",Kangra,"SMY Palampur",Grapes,Other,Medium,28/03/2026,10000,14000,12000
"Himachal Pradesh",Kangra,"SMY Palampur",Papaya,Papaya,Medium,28/03/2026,5000,5500,5200
"Himachal Pradesh",Kangra,"SMY Palampur","Mousambi(Sweet Lime)",Mousambi,Medium,28/03/2026,5000,5200,5100
"Himachal Pradesh",Kangra,"SMY Palampur","Bottle gourd","Bottle Gourd",FAQ,28/03/2026,2500,3000,2800
"Himachal Pradesh",Kangra,"SMY Palampur",Ginger(Green),"Green Ginger",FAQ,28/03/2026,8500,9000,8800
"Himachal Pradesh",Kangra,"SMY Palampur",Pumpkin,Pumpkin,FAQ,28/03/2026,2500,4000,3200
Rajasthan,Jalore,"Jalore APMC",Brinjal,Brinjal,Local,28/03/2026,500,800,700
Rajasthan,Jalore,"Jalore APMC",Tinda,Tinda,Local,28/03/2026,1200,1500,1300
Rajasthan,Jalore,"Jalore APMC",Onion,Onion,Local,28/03/2026,1000,1200,1100
Rajasthan,Jalore,"Jalore APMC",Mango(Raw-Ripe),"Mango - Raw-Ripe",Local,28/03/2026,4000,4500,4300
Uttarakhand,Haridwar,"Manglaur APMC",Cauliflower,Other,Local,28/03/2026,1000,1150,1100
Uttarakhand,Haridwar,"Manglaur APMC","Karbuja(Musk Melon)",Other,Medium,28/03/2026,2000,2300,2100
Telangana,"Ranga Reddy","Kukatpally,RBZ APMC","Bottle gourd","Bottle Gourd",FAQ,28/03/2026,500,1000,800
Telangana,"Ranga Reddy","Kukatpally,RBZ APMC","Bitter gourd","Bitter Gourd",FAQ,28/03/2026,1000,2000,1700
Telangana,"Ranga Reddy","Kukatpally,RBZ APMC",Beetroot,Beetroot,FAQ,28/03/2026,800,800,800
Telangana,"Ranga Reddy","Kukatpally,RBZ APMC","Sweet Potato","Hosur Green",Medium,28/03/2026,1500,2000,1750
Telangana,"Ranga Reddy","Kukatpally,RBZ APMC",Tomato,Deshi,Medium,28/03/2026,400,800,600
Punjab,Fatehgarh,"Khamano APMC","Green Chilli","Green Chilly",FAQ,28/03/2026,6500,6500,6500
Punjab,Amritsar,"Rayya APMC",Cucumbar(Kheera),Cucumbar,FAQ,28/03/2026,2150,2150,2150
Punjab,Amritsar,"Rayya APMC",Onion,Red,FAQ,28/03/2026,1210,1210,1210
"Uttar Pradesh",Mau(Maunathbhanjan),"Kopaganj APMC",Tomato,Tomato,FAQ,28/03/2026,1800,1800,1800
"Uttar Pradesh",Mau(Maunathbhanjan),"Kopaganj APMC","Pea Pod/Pea Cod/हरी मटर","Peas cod",FAQ,28/03/2026,1700,1700,1700
Uttarakhand,Haridwar,"Lakshar APMC",Wheat,Deshi,Local,28/03/2026,2585,2600,2600
Nagaland,Dimapur,"Dimapur APMC","Bitter gourd","Bitter Gourd",Local,28/03/2026,4500,5500,5000
Nagaland,Dimapur,"Dimapur APMC",Beans,Local,Local,28/03/2026,4500,6000,5000
Nagaland,Dimapur,"Dimapur APMC","Leafy Vegetable","Leafy Vegetables",Local,28/03/2026,2500,3500,3000
Uttarakhand,Udhamsinghnagar,"Sitarganj APMC",Cabbage,Cabbage,Local,28/03/2026,800,1500,1000
Kerala,Thiruvananthapuram,"Vamanapuram APMC",Onion,Big,FAQ,28/03/2026,2500,3000,2500
Kerala,Kollam,"Chathanoor APMC",Tomato,Other,FAQ,28/03/2026,7800,8200,8000
Kerala,Kollam,"Chathanoor APMC","Bitter gourd",Other,FAQ,28/03/2026,7800,8200,8000
Kerala,Kollam,"Chathanoor APMC",Banana,Robusta,Medium,28/03/2026,3800,4200,4000
Kerala,Ernakulam,"Perumbavoor APMC",Amaranthus,Amaranthus,Medium,28/03/2026,1800,2600,2200
Kerala,Ernakulam,"Perumbavoor APMC","Bitter gourd","Bitter Gourd",Medium,28/03/2026,3000,4000,3500
Kerala,Ernakulam,"Perumbavoor APMC","Banana - Green","Banana - Green",Medium,28/03/2026,2200,2600,2400
Kerala,Ernakulam,"Perumbavoor APMC","Bottle gourd","Bottle Gourd",Large,28/03/2026,2000,3000,2500
Kerala,Ernakulam,"Perumbavoor APMC","Indian Beans(Seam)","Indian Beans (Seam)",Medium,28/03/2026,3500,4500,4000
Kerala,Ernakulam,"Perumbavoor APMC",Tomato,Tomato,Medium,28/03/2026,3000,3800,3400
Kerala,Palakad,"Vadakkenchery APMC",Banana,Poovan,Local,28/03/2026,4500,5500,5000
Kerala,Kozhikode(Calicut),"Perambra APMC",Amaranthus,Amaranthus,FAQ,28/03/2026,2300,2600,2500
Kerala,Kozhikode(Calicut),"Perambra APMC",Tomato,Tomato,FAQ,28/03/2026,1700,2000,1800
"Himachal Pradesh",Kangra,"SMY Jwalaji",Guava,Guava,Medium,28/03/2026,8000,9000,8500
Uttarakhand,Haridwar,"Bhagwanpur(Naveen Mandi Sthal) APMC",Cucumbar(Kheera),Other,"Grade A",28/03/2026,600,1200,700
"Himachal Pradesh",Kangra,"SMY Dharamshala",Papaya,Papaya,Medium,28/03/2026,4200,4500,4350
"Himachal Pradesh",Kangra,"SMY Dharamshala","Mousambi(Sweet Lime)",Mousambi,Medium,28/03/2026,5800,6000,5900
"Himachal Pradesh",Kangra,"SMY Dharamshala",Carrot,Carrot,FAQ,28/03/2026,2400,2800,2600
"Himachal Pradesh",Una,"SMY Takarla","Peas Wet","Peas Wet",FAQ,28/03/2026,2000,2500,2200
"Himachal Pradesh",Una,"SMY Takarla",Apple,Other,"Grade A",28/03/2026,12000,14000,13000
Kerala,Thirssur,"Mala VFPCK APMC",Banana,Robusta,"Grade A",28/03/2026,1000,2000,1500
"Uttar Pradesh",Mirzapur,"Ahirora APMC",Carrot,Carrot,Medium,28/03/2026,1200,1400,1300
"Uttar Pradesh",Mirzapur,"Ahirora APMC",Cabbage,Cabbage,Medium,28/03/2026,600,800,700
"Uttar Pradesh",Mirzapur,"Ahirora APMC",Cucumbar(Kheera),Cucumbar,Medium,28/03/2026,1400,2000,1500
"Uttar Pradesh",Mirzapur,"Ahirora APMC",Raddish,Raddish,Medium,28/03/2026,1500,2000,2000
"Madhya Pradesh",Indore,"Indore(F&V) APMC",Pumpkin,Pumpkin,Local,28/03/2026,600,1200,800
"Madhya Pradesh",Indore,"Indore(F&V) APMC",Methi(Leaves),Methi,Local,28/03/2026,600,1500,1000
"Madhya Pradesh",Indore,"Indore(F&V) APMC",Spinach,Other,Local,28/03/2026,600,1000,800
Rajasthan,Beawar,"Bijaynagar APMC",Wheat,Other,Local,28/03/2026,1800,2277,2000
Rajasthan,Ajmer,"Madanganj Kishangarh APMC",Taramira,Other,Local,28/03/2026,5000,5375,5375
Rajasthan,Ajmer,"Madanganj Kishangarh APMC","Bajra(Pearl Millet/Cumbu)",Other,Local,28/03/2026,1501,1501,1501
Rajasthan,Ajmer,"Madanganj Kishangarh APMC","Guar Seed(Cluster Beans Seed)",Other,Local,28/03/2026,4300,4300,4300
Rajasthan,Ganganagar,"Sriganganagar (F&V) APMC",Brinjal,Brinjal,Medium,28/03/2026,2300,2700,2500
Rajasthan,Ganganagar,"Sriganganagar (F&V) APMC",Tinda,Tinda,Medium,28/03/2026,2900,3300,3100
Rajasthan,Ganganagar,"Sriganganagar (F&V) APMC","Bhindi(Ladies Finger)",Bhindi,Medium,28/03/2026,6000,6400,6200
Rajasthan,Ganganagar,"Sriganganagar (F&V) APMC",Cauliflower,Cauliflower,Medium,28/03/2026,2300,2700,2500
Rajasthan,Ganganagar,"Sriganganagar (F&V) APMC",Apple,Apple,Medium,28/03/2026,14100,14500,14300
Rajasthan,Ganganagar,"Sriganganagar (F&V) APMC",Mango,Amrapali,Medium,28/03/2026,14800,15200,15000
Rajasthan,Ganganagar,"Sriganganagar (F&V) APMC",Grapes,Green,Medium,28/03/2026,7100,7500,7300
Rajasthan,Ganganagar,"Sriganganagar (F&V) APMC",Orange,Orange,Medium,28/03/2026,11000,11400,11200
Rajasthan,Ganganagar,"Sriganganagar (F&V) APMC","Karbuja(Musk Melon)",Karbhuja,Medium,28/03/2026,2400,2800,2600
Rajasthan,Ganganagar,"Sriganganagar (F&V) APMC","Green Chilli","Green Chilly",Medium,28/03/2026,5300,5700,5500
Assam,Kamrup,"Fancy Bazaar APMC",Lentil(Masur)(Whole),"Masur Dal",FAQ,28/03/2026,6700,8900,8400
"Uttar Pradesh",Etah,"Awagarh APMC",Cabbage,Cabbage,FAQ,28/03/2026,1600,1800,1650
"Uttar Pradesh",Etah,"Awagarh APMC",Onion,Medium,FAQ,28/03/2026,1500,1900,1800
"Uttar Pradesh",Etah,"Awagarh APMC",Pumpkin,Other,FAQ,28/03/2026,1100,1400,1250
"Uttar Pradesh",Etah,"Awagarh APMC",Potato,Desi,FAQ,28/03/2026,500,600,550
Gujarat,Ahmedabad,"Dholka APMC",Wheat,"Lokwan Gujrat","Grade Range-2",28/03/2026,2025,2585,2585
"Tamil Nadu",Dharmapuri,"Karimangalam(Uzhavar Sandhai)",Cauliflower,Ranchi,Local,28/03/2026,2800,3000,2900
"Tamil Nadu",Dharmapuri,"Karimangalam(Uzhavar Sandhai)","Bottle gourd","Bottle Gourd",Local,28/03/2026,1200,1500,1350
"Tamil Nadu",Dharmapuri,"Karimangalam(Uzhavar Sandhai)","Bhindi(Ladies Finger)",Bhindi,Local,28/03/2026,4000,4500,4250
"Tamil Nadu",Dharmapuri,"Karimangalam(Uzhavar Sandhai)",Tapioca,Tapioca,Local,28/03/2026,2300,2500,2400
"Tamil Nadu",Dharmapuri,"Karimangalam(Uzhavar Sandhai)",Ginger(Green),"Green Ginger",Local,28/03/2026,8000,8500,8250
"Tamil Nadu",Dharmapuri,"Karimangalam(Uzhavar Sandhai)",Beetroot,Beetroot,Local,28/03/2026,3800,4000,3900
"Tamil Nadu",Dharmapuri,"Karimangalam(Uzhavar Sandhai)",Thondekai,Thondekai,Local,28/03/2026,5000,5500,5250
"Tamil Nadu",Dharmapuri,"Karimangalam(Uzhavar Sandhai)",Lemon,Lemon,Local,28/03/2026,13000,14000,13500
"Tamil Nadu",Salem,"Mecheri(Uzhavar Sandhai)","Bottle gourd","Bottle Gourd",Local,28/03/2026,1500,2000,1750
"Tamil Nadu",Salem,"Mecheri(Uzhavar Sandhai)",Beans,"Beans (Whole)",Local,28/03/2026,7000,7500,7250
"Tamil Nadu",Salem,"Mecheri(Uzhavar Sandhai)",Drumstick,Drumstick,Local,28/03/2026,3000,4000,3500
"Tamil Nadu",Vellore,"Pallikonda(Uzhavar Sandhai)",Onion,Bellary,Local,28/03/2026,2500,2500,2500
"Tamil Nadu",Vellore,"Pallikonda(Uzhavar Sandhai)",Coriander(Leaves),"I Sort",Local,28/03/2026,4500,4500,4500
"Tamil Nadu",Vellore,"Pallikonda(Uzhavar Sandhai)",Papaya,Papaya,Local,28/03/2026,4000,4000,4000
"Tamil Nadu",Vellore,"Pallikonda(Uzhavar Sandhai)","Bottle gourd","Bottle Gourd",Local,28/03/2026,2000,2000,2000
"Tamil Nadu",Vellore,"Pallikonda(Uzhavar Sandhai)",Beans,"Beans (Whole)",Local,28/03/2026,4500,4500,4500
"Tamil Nadu",Vellore,"Pallikonda(Uzhavar Sandhai)",Snakeguard,Snakeguard,Local,28/03/2026,3000,3000,3000
"Tamil Nadu",Vellore,"Pallikonda(Uzhavar Sandhai)",Guava,"Guava Allahabad",Local,28/03/2026,4000,4000,4000
"Tamil Nadu",Vellore,"Pallikonda(Uzhavar Sandhai)",Yam(Ratalu),"Yam (Ratalu)",Local,28/03/2026,3800,3800,3800
"Tamil Nadu",Vellore,"Pallikonda(Uzhavar Sandhai)","Indian Beans(Seam)","Indian Beans (Seam)",Local,28/03/2026,4000,4000,4000
"Tamil Nadu",Vellore,"Perampet(Uzhavar Sandhai)","Green Chilli","Green Chilly",Local,28/03/2026,5000,5000,5000
"Tamil Nadu",Vellore,"Perampet(Uzhavar Sandhai)","Banana - Green","Banana - Green",Local,28/03/2026,3000,3000,3000
"Tamil Nadu",Vellore,"Perampet(Uzhavar Sandhai)",Carrot,Pusakesar,Local,28/03/2026,2600,2600,2600
"Tamil Nadu",Vellore,"Perampet(Uzhavar Sandhai)","Green Avare(W)","Green Avare (W)",Local,28/03/2026,4500,4500,4500
"Tamil Nadu",Vellore,"Perampet(Uzhavar Sandhai)","Chow Chow","Chow Chow",Local,28/03/2026,3000,3000,3000
"Tamil Nadu",Vellore,"Perampet(Uzhavar Sandhai)","Knool Khol","Knool Khol",Local,28/03/2026,2500,2500,2500
"Tamil Nadu",Vellore,"Perampet(Uzhavar Sandhai)","Indian Beans(Seam)","Indian Beans (Seam)",Local,28/03/2026,4000,4000,4000
"Tamil Nadu",Vellore,"Perampet(Uzhavar Sandhai)",Lemon,Lemon,Local,28/03/2026,10000,10000,10000
"Tamil Nadu",Vellore,"Perampet(Uzhavar Sandhai)","Sweet Corn ","Sweet Corn ",Local,28/03/2026,2500,2500,2500
"Tamil Nadu",Salem,"Vazhapadi(Uzhavar Sandhai)","Bitter gourd",Other,Local,28/03/2026,4000,4000,4000
"Tamil Nadu",Salem,"Vazhapadi(Uzhavar Sandhai)",Ginger(Green),"Green Ginger",Local,28/03/2026,8000,8000,8000
"Tamil Nadu",Salem,"Vazhapadi(Uzhavar Sandhai)",Carrot,Pusakesar,Local,28/03/2026,4500,5000,4750
"Tamil Nadu",Salem,"Vazhapadi(Uzhavar Sandhai)",Beetroot,Beetroot,Local,28/03/2026,4000,5000,4500
"Tamil Nadu",Salem,"Vazhapadi(Uzhavar Sandhai)","Green Avare(W)",Other,Local,28/03/2026,5500,6000,5750
"Tamil Nadu",Salem,"Vazhapadi(Uzhavar Sandhai)","Karbuja(Musk Melon)",Karbhuja,Local,28/03/2026,2000,2000,2000
"Tamil Nadu",Salem,"Vazhapadi(Uzhavar Sandhai)","Elephant Yam(Suran)/Amorphophallus","Elephant Yam (Suran)",Local,28/03/2026,4000,4000,4000
"Tamil Nadu",Salem,"Vazhapadi(Uzhavar Sandhai)",Lemon,Lemon,Local,28/03/2026,5000,6000,5500
"Tamil Nadu",Karur,"Gandhigramam(Uzhavar Sandhai)",Potato,Other,Local,28/03/2026,3000,4000,3500
"Tamil Nadu",Karur,"Gandhigramam(Uzhavar Sandhai)","Bhindi(Ladies Finger)",Bhindi,Local,28/03/2026,5500,6000,5750
"Tamil Nadu",Karur,"Gandhigramam(Uzhavar Sandhai)",Snakeguard,Snakeguard,Local,28/03/2026,2500,3000,2750
"Tamil Nadu",Karur,"Gandhigramam(Uzhavar Sandhai)","Green Avare(W)",Other,Local,28/03/2026,7000,8000,7500
"Tamil Nadu",Karur,"Gandhigramam(Uzhavar Sandhai)",Guava,"Guava Allahabad",Local,28/03/2026,5000,6000,5500
"Tamil Nadu",Karur,"Gandhigramam(Uzhavar Sandhai)",Mint(Pudina),Mint(Pudina),Local,28/03/2026,3500,4000,3750
"Uttar Pradesh",Aligarh,"Charra APMC",Pumpkin,Pumpkin,FAQ,28/03/2026,1300,1400,1350
"Uttar Pradesh",Aligarh,"Charra APMC",Cabbage,Cabbage,FAQ,28/03/2026,1500,1600,1550
"Uttar Pradesh",Aligarh,"Charra APMC","Green Chilli","Green Chilly",FAQ,28/03/2026,5400,5500,5450
"Uttar Pradesh",Saharanpur,"Chutmalpur APMC",Cauliflower,Cauliflower,Local,28/03/2026,800,1000,900
"Uttar Pradesh",Saharanpur,"Chutmalpur APMC",Ginger(Green),"Green Ginger",Medium,28/03/2026,3600,4200,3900
"Uttar Pradesh",Mau(Maunathbhanjan),"Doharighat APMC",Onion,Red,FAQ,28/03/2026,2000,2000,2000
"Uttar Pradesh",Mau(Maunathbhanjan),"Doharighat APMC",Tomato,Deshi,FAQ,28/03/2026,4000,4000,4000
"Uttar Pradesh",Fatehpur,"Fatehpur APMC",Wheat,Dara,FAQ,28/03/2026,2400,2410,2405
"Uttar Pradesh",Sitapur,"Hargaon (Laharpur) APMC",Firewood,Firewood,Local,28/03/2026,310,310,310
"Uttar Pradesh",Sitapur,"Hargaon (Laharpur) APMC",Wood,Eucalyptus,Local,28/03/2026,520,520,520
"Uttar Pradesh",Sitapur,"Hargaon (Laharpur) APMC",Banana,Desi(Bontha),Local,28/03/2026,850,850,850
"Uttar Pradesh",Baghpat,"Khekda APMC","Leafy Vegetable","Leafy Vegetables",FAQ,28/03/2026,400,400,400
"Uttar Pradesh",Prayagraj,"Lediyari APMC",Paddy(Common),Common,FAQ,28/03/2026,2400,2550,2500
"Uttar Pradesh",Lakhimpur,"Paliakala APMC",Wheat,Dara,FAQ,28/03/2026,2300,2400,2350
"Uttar Pradesh",Shravasti,"Payagpur APMC",Potato,Other,FAQ,28/03/2026,500,700,600
"Uttar Pradesh",Shravasti,"Payagpur APMC",Ginger(Green),"Green Ginger",FAQ,28/03/2026,4800,5000,4900
"Uttar Pradesh",Shravasti,"Payagpur APMC",Brinjal,Other,FAQ,28/03/2026,1400,1600,1500
"Uttar Pradesh",Pratapgarh,"Pratapgarh APMC",Cabbage,Cabbage,FAQ,28/03/2026,1425,1425,1425
"Uttar Pradesh",Pratapgarh,"Pratapgarh APMC","Bottle gourd","Bottle Gourd",FAQ,28/03/2026,1765,1765,1765
"Uttar Pradesh",Hathras,"Shadabad APMC",Onion,Onion,Small,28/03/2026,900,1000,950
"Uttar Pradesh",Badaun,"Shahaswan APMC","Water Melon",Other,Medium,28/03/2026,1000,1000,1000
"Uttar Pradesh",Raebarelli,"Salon APMC",Potato,Desi,FAQ,28/03/2026,640,655,650
"Uttar Pradesh",Bulandshahar,"Sikarpur APMC","Green Chilli","Green Chilly",FAQ,28/03/2026,3000,3200,3100
"Uttar Pradesh",Hathras,"Sikandraraau APMC",Rice,Other,FAQ,28/03/2026,2140,2200,2165
Tripura,Dhalai,"Kulai APMC",Ginger(Green),"Green Ginger","Grade B",28/03/2026,11500,12000,11800
Tripura,Dhalai,"Kulai APMC","Bitter gourd","Bitter Gourd","Grade B",28/03/2026,5500,6000,5800
Tripura,Dhalai,"Kulai APMC",Cauliflower,Local,"Grade B",28/03/2026,2600,3000,2800
"West Bengal",Darjeeling,"Karsiyang(Matigara) APMC",Onion,Nasik,FAQ,28/03/2026,2700,2900,2800
"West Bengal",Darjeeling,"Karsiyang(Matigara) APMC","Squash(Chappal Kadoo)",Other,FAQ,28/03/2026,1500,1700,1600
"West Bengal",Darjeeling,"Darjeeling APMC",Raddish,Raddish,FAQ,28/03/2026,2700,2900,2800
"West Bengal",Darjeeling,"Darjeeling APMC","Squash(Chappal Kadoo)",Other,FAQ,28/03/2026,1500,1700,1600
"West Bengal",Darjeeling,"Darjeeling APMC",Potato,Red,FAQ,28/03/2026,1500,1700,1600
"West Bengal",Darjeeling,"Darjeeling APMC",Ginger(Green),Other,FAQ,28/03/2026,8000,8200,8100
"West Bengal",Darjeeling,"Darjeeling APMC",Tomato,Other,FAQ,28/03/2026,2100,2300,2200
"Tamil Nadu",Coimbatore,"Sulur(Uzhavar Sandhai ) APMC",Potato,"Red Nanital",Local,28/03/2026,3400,4000,3700
"Tamil Nadu",Coimbatore,"Sulur(Uzhavar Sandhai ) APMC",Tomato,Deshi,Local,28/03/2026,1800,2000,1900
"Tamil Nadu",Coimbatore,"Sulur(Uzhavar Sandhai ) APMC","Bottle gourd","Bottle Gourd",Local,28/03/2026,2000,2500,2250
"Tamil Nadu",Coimbatore,"Sulur(Uzhavar Sandhai ) APMC",Beans,"Beans (Whole)",Local,28/03/2026,7400,8000,7700
"Tamil Nadu",Coimbatore,"Sulur(Uzhavar Sandhai ) APMC","Sweet Potato","Hosur Red",Local,28/03/2026,2800,3200,3000
"Tamil Nadu",Coimbatore,"Sulur(Uzhavar Sandhai ) APMC",Thondekai,Thondekai,Local,28/03/2026,2800,3200,3000
"Tamil Nadu",Coimbatore,"Sulur(Uzhavar Sandhai ) APMC",Drumstick,Drumstick,Local,28/03/2026,3000,3500,3250
"Tamil Nadu",Coimbatore,"Sulur(Uzhavar Sandhai ) APMC","Knool Khol","Knool Khol",Local,28/03/2026,3200,3500,3350
"Tamil Nadu",Pudukkottai,"Gandarvakottai(Uzhavar Sandhai ) APMC",Onion,Bellary,Local,28/03/2026,3000,3500,3250
"Tamil Nadu",Pudukkottai,"Gandarvakottai(Uzhavar Sandhai ) APMC",Brinjal,Other,Local,28/03/2026,3500,4000,3750
"Tamil Nadu",Pudukkottai,"Gandarvakottai(Uzhavar Sandhai ) APMC",Tomato,Other,Local,28/03/2026,1500,2000,1750
"Tamil Nadu",Pudukkottai,"Gandarvakottai(Uzhavar Sandhai ) APMC",Snakeguard,Snakeguard,Local,28/03/2026,2500,3000,2750
"Tamil Nadu",Pudukkottai,"Gandarvakottai(Uzhavar Sandhai ) APMC",Raddish,Raddish,Local,28/03/2026,1400,2000,1700
"Tamil Nadu",Pudukkottai,"Gandarvakottai(Uzhavar Sandhai ) APMC",Mint(Pudina),Mint(Pudina),Local,28/03/2026,3500,5000,4250
"Tamil Nadu",Nagapattinam,"Mayiladuthurai(Uzhavar Sandhai ) APMC","Bhindi(Ladies Finger)",Bhindi,Local,28/03/2026,4500,5000,4750
"Tamil Nadu",Nagapattinam,"Mayiladuthurai(Uzhavar Sandhai ) APMC",Amaranthus,Amaranthus,Local,28/03/2026,1500,2000,1750
"Tamil Nadu",Nagapattinam,"Mayiladuthurai(Uzhavar Sandhai ) APMC","Green Chilli","Green Chilly",Local,28/03/2026,4500,5000,4750
"Tamil Nadu",Nagapattinam,"Mayiladuthurai(Uzhavar Sandhai ) APMC",Coconut,Coconut,Local,28/03/2026,3000,4000,3500
"Tamil Nadu",Nagapattinam,"Mayiladuthurai(Uzhavar Sandhai ) APMC",Yam(Ratalu),"Yam (Ratalu)",Local,28/03/2026,5500,6000,5750
"Tamil Nadu",Namakkal,"Paramathivelur(Uzhavar Sandhai ) APMC",Potato,"Red Nanital",Local,28/03/2026,2000,3000,2500
"Tamil Nadu",Namakkal,"Paramathivelur(Uzhavar Sandhai ) APMC",Brinjal,Other,Local,28/03/2026,5000,5500,5250
"Tamil Nadu",Namakkal,"Paramathivelur(Uzhavar Sandhai ) APMC",Coriander(Leaves),"I Sort",Local,28/03/2026,6500,7000,6750
"Tamil Nadu",Namakkal,"Paramathivelur(Uzhavar Sandhai ) APMC","Cluster beans","Cluster Beans",Local,28/03/2026,3000,4000,3500
"Tamil Nadu",Namakkal,"Paramathivelur(Uzhavar Sandhai ) APMC","Banana - Green","Banana - Green",Local,28/03/2026,2500,3000,2750
"Tamil Nadu",Namakkal,"Paramathivelur(Uzhavar Sandhai ) APMC",Carrot,Pusakesar,Local,28/03/2026,5000,5500,5250
"Tamil Nadu",Namakkal,"Paramathivelur(Uzhavar Sandhai ) APMC","Green Avare(W)","Green Avare (W)",Local,28/03/2026,6500,8000,7250
"Tamil Nadu",Salem,"Thammampatti (Uzhavar Sandhai ) APMC",Garlic,Garlic,Local,28/03/2026,16000,18000,17000
"Tamil Nadu",Salem,"Thammampatti (Uzhavar Sandhai ) APMC",Chikoos(Sapota),Sapota,Local,28/03/2026,4000,4000,4000
"Tamil Nadu",Salem,"Thammampatti (Uzhavar Sandhai ) APMC","Mousambi(Sweet Lime)",Mousambi,Local,28/03/2026,2500,3000,2750
"Tamil Nadu",Salem,"Thammampatti (Uzhavar Sandhai ) APMC","Bitter gourd","Bitter Gourd",Local,28/03/2026,4000,4000,4000
"Tamil Nadu",Salem,"Thammampatti (Uzhavar Sandhai ) APMC","Bottle gourd","Bottle Gourd",Local,28/03/2026,1500,1500,1500
"Tamil Nadu",Salem,"Thammampatti (Uzhavar Sandhai ) APMC",Pumpkin,Pumpkin,Local,28/03/2026,1500,2000,1750
"Tamil Nadu",Salem,"Thammampatti (Uzhavar Sandhai ) APMC",Tapioca,Tapioca,Local,28/03/2026,2000,2000,2000
"Tamil Nadu",Salem,"Thammampatti (Uzhavar Sandhai ) APMC",Ginger(Green),"Green Ginger",Local,28/03/2026,8000,8000,8000
"Tamil Nadu",Salem,"Thammampatti (Uzhavar Sandhai ) APMC",Coconut,Coconut,Local,28/03/2026,5000,5500,5250
"Tamil Nadu",Salem,"Thammampatti (Uzhavar Sandhai ) APMC",Carrot,Pusakesar,Local,28/03/2026,5000,5500,5250
"Tamil Nadu",Salem,"Thammampatti (Uzhavar Sandhai ) APMC",Beetroot,Beetroot,Local,28/03/2026,5000,5000,5000
"Tamil Nadu",Thiruvarur,"Tiruvarur(Uzhavar Sandhai ) APMC",Tomato,Deshi,Local,28/03/2026,2000,2000,2000
"Tamil Nadu",Thiruvarur,"Tiruvarur(Uzhavar Sandhai ) APMC",Pumpkin,Pumpkin,Local,28/03/2026,2400,2400,2400
"Tamil Nadu",Coimbatore,"Udumalpet APMC",Brinjal,Other,Local,28/03/2026,2000,2500,2250
"Tamil Nadu",Coimbatore,"Udumalpet APMC",Chikoos(Sapota),Sapota,Local,28/03/2026,3000,4000,3500
"Tamil Nadu",Coimbatore,"Udumalpet APMC",Tomato,Deshi,Local,28/03/2026,1600,2000,1800
"Tamil Nadu",Coimbatore,"Udumalpet APMC",Ginger(Green),"Green Ginger",Local,28/03/2026,7000,8000,7500
"Tamil Nadu",Coimbatore,"Udumalpet APMC",Coconut,Coconut,Local,28/03/2026,5000,5800,5400
"Tamil Nadu",Coimbatore,"Udumalpet APMC",Beetroot,Beetroot,Local,28/03/2026,3000,5500,4250
"Tamil Nadu",Coimbatore,"Udumalpet APMC",Yam(Ratalu),"Yam (Ratalu)",Local,28/03/2026,7000,7500,7250
"Tamil Nadu",Coimbatore,"Udumalpet APMC","Onion Green","Onion Green",Local,28/03/2026,3000,4000,3500
"Tamil Nadu",Vellore,"Katpadi (Uzhavar Sandhai ) APMC",Brinjal,Round,Local,28/03/2026,3000,3000,3000
"Tamil Nadu",Vellore,"Katpadi (Uzhavar Sandhai ) APMC",Papaya,Papaya,Local,28/03/2026,3800,4000,3900
"Tamil Nadu",Vellore,"Katpadi (Uzhavar Sandhai ) APMC","Mousambi(Sweet Lime)",Mousambi,Local,28/03/2026,6000,6000,6000
"Tamil Nadu",Vellore,"Katpadi (Uzhavar Sandhai ) APMC","Banana - Green","Banana - Green",Local,28/03/2026,3000,3000,3000
"Tamil Nadu",Vellore,"Katpadi (Uzhavar Sandhai ) APMC",Snakeguard,Snakeguard,Local,28/03/2026,3500,3500,3500
"Tamil Nadu",Vellore,"Katpadi (Uzhavar Sandhai ) APMC","Knool Khol","Knool Khol",Local,28/03/2026,2000,2000,2000
"Tamil Nadu",Vellore,"Katpadi (Uzhavar Sandhai ) APMC","Karbuja(Musk Melon)",Karbhuja,Local,28/03/2026,4000,4000,4000
"Tamil Nadu",Vellore,"Katpadi (Uzhavar Sandhai ) APMC","Tender Coconut","Tender Coconut",Local,28/03/2026,3000,3000,3000
"Tamil Nadu",Vellore,"Katpadi (Uzhavar Sandhai ) APMC","Indian Beans(Seam)","Indian Beans (Seam)",Local,28/03/2026,4500,4500,4500
"Tamil Nadu",Vellore,"Katpadi (Uzhavar Sandhai ) APMC",Colacasia,Colacasia,Local,28/03/2026,4500,5000,4750
"Tamil Nadu",Vellore,"Katpadi (Uzhavar Sandhai ) APMC","Onion Green","Onion Green",Local,28/03/2026,4500,4500,4500
"Tamil Nadu",Thanjavur,"Kumbakonam (Uzhavar Sandhai ) APMC",Cauliflower,Ranchi,Local,28/03/2026,3600,3600,3600
"Tamil Nadu",Thanjavur,"Kumbakonam (Uzhavar Sandhai ) APMC",Brinjal,Round,Local,28/03/2026,2400,3600,3000
"Tamil Nadu",Thanjavur,"Kumbakonam (Uzhavar Sandhai ) APMC",Amaranthus,Amaranthus,Local,28/03/2026,2000,2000,2000
"Tamil Nadu",Thanjavur,"Kumbakonam (Uzhavar Sandhai ) APMC",Snakeguard,Snakeguard,Local,28/03/2026,2400,3600,3000
"Tamil Nadu",Thanjavur,"Kumbakonam (Uzhavar Sandhai ) APMC","Chow Chow","Chow Chow",Local,28/03/2026,2400,2400,2400
"Tamil Nadu",Thanjavur,"Kumbakonam (Uzhavar Sandhai ) APMC",Drumstick,Drumstick,Local,28/03/2026,3600,3600,3600
"Tamil Nadu",Thanjavur,"Kumbakonam (Uzhavar Sandhai ) APMC","Onion Green","Onion Green",Local,28/03/2026,3000,4200,3600
"Tamil Nadu",Villupuram,"Tindivanam APMC",Brinjal,Other,Local,28/03/2026,3500,3500,3500
"Tamil Nadu",Villupuram,"Tindivanam APMC","Bottle gourd","Bottle Gourd",Local,28/03/2026,1500,1500,1500
"Tamil Nadu",Villupuram,"Ulundurpettai APMC",Potato,"Red Nanital",Local,28/03/2026,3500,3500,3500
"Tamil Nadu",Villupuram,"Ulundurpettai APMC",Brinjal,Round,Local,28/03/2026,3000,4000,3500
"Tamil Nadu",Villupuram,"Ulundurpettai APMC",Papaya,Papaya,Local,28/03/2026,2500,2500,2500
"Tamil Nadu",Villupuram,"Ulundurpettai APMC",Tomato,Deshi,Local,28/03/2026,1500,1500,1500
"Tamil Nadu",Villupuram,"Ulundurpettai APMC","Cluster beans","Cluster Beans",Local,28/03/2026,5000,5000,5000
"Tamil Nadu",Villupuram,"Ulundurpettai APMC","Bitter gourd","Bitter Gourd",Local,28/03/2026,5000,5000,5000
"Tamil Nadu",Villupuram,"Ulundurpettai APMC",Ginger(Green),"Green Ginger",Local,28/03/2026,8000,8000,8000
"Tamil Nadu",Villupuram,"Ulundurpettai APMC",Ridgeguard(Tori),Ridgeguard(Tori),Local,28/03/2026,4000,4000,4000
"Tamil Nadu",Villupuram,"Ulundurpettai APMC","Amla(Nelli Kai)",Amla,Local,28/03/2026,8000,8000,8000
"Tamil Nadu",Villupuram,"Ulundurpettai APMC","Onion Green","Onion Green",Local,28/03/2026,3000,3000,3000
"Madhya Pradesh",Alirajpur,"Alirajpur APMC",Maize,Local,FAQ,28/03/2026,1850,1850,1850
"Madhya Pradesh",Seoni,"Seoni APMC",Maize,Local,FAQ,28/03/2026,1700,1700,1700
Gujarat,Sabarkantha,"Vadali APMC",Soyabean,Other,Non-FAQ,28/03/2026,5000,5160,5080
Gujarat,Dahod,"Dahod(Veg. Market) APMC",Lemon,Lemon,Local,28/03/2026,5000,13000,10000
Gujarat,Dahod,"Dahod(Veg. Market) APMC",Carrot,Carrot,Local,28/03/2026,1500,2500,2000
Gujarat,Dahod,"Dahod(Veg. Market) APMC",Ridgeguard(Tori),Ridgeguard(Tori),Local,28/03/2026,1200,1200,1200
Gujarat,Dahod,"Dahod(Veg. Market) APMC","Pea Pod/Pea Cod/हरी मटर","Peas cod",Local,28/03/2026,5000,6500,6000
Gujarat,Dahod,"Dahod(Veg. Market) APMC",Pumpkin,Pumpkin,Local,28/03/2026,1000,1500,1300
Gujarat,Dahod,"Dahod(Veg. Market) APMC",Ginger(Green),"Green Ginger",Local,28/03/2026,4000,6000,5000
Gujarat,Dahod,"Dahod(Veg. Market) APMC",Cucumbar(Kheera),Cucumbar,Local,28/03/2026,1000,2000,1500
Gujarat,Anand,"Anand(Veg,Yard,Anand) APMC",Brinjal,Brinjal,"Grade B",28/03/2026,500,750,625
Gujarat,Anand,"Anand(Veg,Yard,Anand) APMC",Cabbage,Cabbage,"Grade A",28/03/2026,300,500,400
Gujarat,Anand,"Anand(Veg,Yard,Anand) APMC",Lemon,Lemon,"Grade B",28/03/2026,6000,7000,6500
Gujarat,Anand,"Anand(Veg,Yard,Anand) APMC",Onion,Onion,"Grade B",28/03/2026,1000,1500,1250
Gujarat,Valsad,"Chikli(Khorgam) APMC","Bottle gourd",Other,FAQ,28/03/2026,600,800,700
"Himachal Pradesh",Bilaspur,"PMY Bilaspur",Pomegranate,Pomogranate,"Grade C",28/03/2026,16000,19500,18000
Gujarat,Banaskanth,"Deesa(Deesa Veg Yard) APMC",Brinjal,Other,FAQ,28/03/2026,500,850,675
Gujarat,Banaskanth,"Deesa(Deesa Veg Yard) APMC","Bottle gourd",Other,FAQ,28/03/2026,500,1100,800
Gujarat,Banaskanth,"Deesa(Deesa Veg Yard) APMC",Coriander(Leaves),Other,FAQ,28/03/2026,1750,2300,2025
Gujarat,Banaskanth,"Deesa(Deesa Veg Yard) APMC",Papaya,Other,Medium,28/03/2026,2000,2650,2325
Gujarat,Surendranagar,"Vadhvan APMC",Brinjal,Brinjal,Local,28/03/2026,1500,2000,1750
Gujarat,Surendranagar,"Vadhvan APMC",Beetroot,Beetroot,Medium,28/03/2026,1000,1500,1250
Gujarat,Surendranagar,"Vadhvan APMC",Lemon,Lemon,Local,28/03/2026,10000,11000,10500
Gujarat,Surendranagar,"Vadhvan APMC",Banana,Other,Medium,28/03/2026,2000,2500,2250
Gujarat,Surendranagar,"Vadhvan APMC",Ridgeguard(Tori),Ridgeguard(Tori),Local,28/03/2026,1000,1500,1250
Gujarat,"Gir Somnath","Talalagir APMC","Green Chilli","Green Chilly",FAQ,28/03/2026,4000,4200,4100
Gujarat,"Gir Somnath","Talalagir APMC",Brinjal,Brinjal,FAQ,28/03/2026,3800,4000,3900
Gujarat,Porbandar,"Porbandar APMC",Grapes,Green,"Grade A",28/03/2026,6000,8000,7000
Gujarat,Porbandar,"Porbandar APMC",Cabbage,Cabbage,Local,28/03/2026,750,1250,1000
Gujarat,Porbandar,"Porbandar APMC",Coriander(Leaves),Coriander,Local,28/03/2026,1500,2500,2000
Gujarat,Porbandar,"Porbandar APMC",Onion,Other,Non-FAQ,28/03/2026,500,1250,875
Gujarat,Amreli,"Damnagar APMC",Brinjal,Other,Local,28/03/2026,3500,3500,3500
Gujarat,Amreli,"Damnagar APMC",Ginger(Green),"Green Ginger",Local,28/03/2026,6500,6500,6500
Gujarat,Amreli,"Damnagar APMC",Cabbage,Cabbage,Local,28/03/2026,4000,4000,4000
Gujarat,Rajkot,"Gondal(Veg.market Gondal) APMC",Cauliflower,Cauliflower,Local,28/03/2026,150,1500,825
Gujarat,Rajkot,"Gondal(Veg.market Gondal) APMC",Cucumbar(Kheera),Cucumbar,Local,28/03/2026,500,2000,1250
Gujarat,Rajkot,"Gondal(Veg.market Gondal) APMC",Tomato,Tomato,Local,28/03/2026,300,1200,750
Gujarat,Surat,"Surat APMC","Bottle gourd","Bottle Gourd",FAQ,28/03/2026,1000,5000,3000
Gujarat,Surat,"Surat APMC","Bhindi(Ladies Finger)",Bhindi,FAQ,28/03/2026,1500,4000,2750
Gujarat,Surat,"Surat APMC",Cowpea(Veg),"Cowpea (Veg)",FAQ,28/03/2026,4500,10000,7250
Gujarat,Surat,"Surat APMC","Pointed gourd(Parval)",Other,FAQ,28/03/2026,3500,5000,4250
Gujarat,Surat,"Surat APMC","Groundnut pods(raw)",Other,FAQ,28/03/2026,4500,5500,5000
Gujarat,Surat,"Surat APMC",Lemon,Other,FAQ,28/03/2026,4000,11000,7500
Telangana,Warangal,"Warangal APMC",Chikoos(Sapota),Sapota,Large,28/03/2026,2000,2000,2000
Telangana,Warangal,"Warangal APMC",Apple,Other,Large,28/03/2026,16000,22000,18000
Telangana,Warangal,"Warangal APMC","Water Melon","Water Melon",Large,28/03/2026,300,800,640
Telangana,Khammam,"Burgampadu APMC",Maize,Other,FAQ,28/03/2026,2400,2400,2400
Haryana,Fatehabad,"Fatehabad APMC",Garlic,Other,Local,28/03/2026,7000,8000,7500
Haryana,Fatehabad,"Fatehabad APMC",Mango,Other,Local,28/03/2026,10000,12000,10000
Haryana,Fatehabad,"Fatehabad APMC",Cucumbar(Kheera),Other,Local,28/03/2026,1000,2000,1500
Haryana,Fatehabad,"Fatehabad APMC",Orange,Other,Local,28/03/2026,3000,4000,3000
Haryana,Fatehabad,"Fatehabad APMC",Pomegranate,Pomogranate,Local,28/03/2026,10000,12000,11000
"Jammu and Kashmir",Udhampur,"Udhampur APMC",Cauliflower,Other,"Grade B",28/03/2026,1900,1900,1900
"Jammu and Kashmir",Udhampur,"Udhampur APMC",Banana,Other,"Grade B",28/03/2026,4200,4200,4200
"Jammu and Kashmir",Udhampur,"Udhampur APMC",Onion,Other,"Grade B",28/03/2026,1700,1700,1700
Kerala,Kannur,"Kannur APMC","Banana - Green",Other,"Grade A",28/03/2026,3500,4000,3800
Kerala,Kannur,"Kannur APMC","Black pepper",Other,"Grade Range-1",28/03/2026,65000,67000,66000
Kerala,Kottayam,"Kottayam APMC",Banana,"Nendra Bale",Medium,28/03/2026,3200,3600,3400
Kerala,Palakad,"Palakkad APMC","Jack Fruit(Ripe)","Jack Fruit",Medium,28/03/2026,3000,4000,3600
Kerala,Palakad,"Palakkad APMC","Green Gram(Moong)(Whole)","Green (Whole)",FAQ,28/03/2026,11500,12500,12100
Kerala,Palakad,"Palakkad APMC","Bengal Gram(Gram)(Whole)","Average (Whole)",FAQ,28/03/2026,7800,9000,8500
Kerala,Palakad,"Palakkad APMC",Amaranthus,Amaranthus,FAQ,28/03/2026,2000,3000,2600
Kerala,Palakad,"Palakkad APMC",Brinjal,Brinjal,FAQ,28/03/2026,3000,4000,3300
Kerala,Palakad,"Palakkad APMC",Ashgourd,Ashgourd,Large,28/03/2026,1000,2000,1600
Punjab,Ludhiana,"Khanna APMC",Capsicum,Capsicum,"Grade A",28/03/2026,2500,2500,2500
Punjab,Ludhiana,"Khanna APMC","Green Chilli","Green Chilly","Grade A",28/03/2026,3000,3000,3000
Punjab,Ludhiana,"Khanna APMC",Ginger(Green),"Green Ginger","Grade A",28/03/2026,4000,4000,4000
Punjab,Ludhiana,"Khanna APMC","Mousambi(Sweet Lime)",Other,"Grade A",28/03/2026,4000,4000,4000
Punjab,Ludhiana,"Khanna APMC",Tomato,Tomato,"Grade A",28/03/2026,1500,1500,1500
Punjab,Ludhiana,"Khanna APMC",Pumpkin,Other,"Grade A",28/03/2026,1500,1500,1500
Punjab,Ludhiana,"Khanna APMC",Cucumbar(Kheera),Cucumbar,"Grade A",28/03/2026,1500,1500,1500
Punjab,Patiala,"Patiala APMC",Mint(Pudina),Mint(Pudina),"Grade C",28/03/2026,800,1200,1000
Punjab,Patiala,"Patiala APMC","Onion Green","Onion Green","Grade B",28/03/2026,600,1000,800
Punjab,Patiala,"Patiala APMC","Pea Pod/Pea Cod/हरी मटर",Other,"Grade C",28/03/2026,1200,1600,1400
Punjab,Patiala,"Patiala APMC",Guava,Guava,"Grade C",28/03/2026,4000,5000,4500
Uttarakhand,Udhamsinghnagar,"Kicchha APMC","Bottle gourd","Bottle Gourd",Local,28/03/2026,300,500,400
Uttarakhand,Udhamsinghnagar,"Kicchha APMC","Bhindi(Ladies Finger)",Bhindi,Medium,28/03/2026,900,1200,1100
Uttarakhand,Udhamsinghnagar,"Rudrapur APMC",Ginger(Green),Other,Medium,28/03/2026,4000,6000,5000
Uttarakhand,Udhamsinghnagar,"Rudrapur APMC","Pointed gourd(Parval)",Other,Medium,28/03/2026,5000,6000,5500
Uttarakhand,Udhamsinghnagar,"Rudrapur APMC",Apple,Other,Medium,28/03/2026,5000,7000,6000
Uttarakhand,Udhamsinghnagar,"Rudrapur APMC","Mousambi(Sweet Lime)",Other,Medium,28/03/2026,2000,3000,2500
Haryana,Jhajar,"Jhajjar APMC",Chikoos(Sapota),Other,Medium,28/03/2026,4000,4000,4000
Haryana,Rewari,"Rewari APMC",Banana,Other,Medium,28/03/2026,2400,3400,2800
"Himachal Pradesh",Solan,"PMY Kather Solan",Mango,Other,Medium,28/03/2026,12000,15000,14000
"Himachal Pradesh",Solan,"PMY Kather Solan",Papaya,Other,Medium,28/03/2026,3500,4000,3800
"Himachal Pradesh",Solan,"PMY Kather Solan","Water Melon","Water Melon",Medium,28/03/2026,1600,3000,2000
"Himachal Pradesh",Solan,"PMY Kather Solan",Brinjal,Other,Medium,28/03/2026,3000,3500,3200
"Himachal Pradesh",Solan,"PMY Kather Solan",Cucumbar(Kheera),Other,Medium,28/03/2026,1300,2500,2200
"Himachal Pradesh",Solan,"PMY Kather Solan",Onion,Other,Medium,28/03/2026,1200,2000,1800
Rajasthan,Udaipur,"Udaipur (Grain) APMC","Bajra(Pearl Millet/Cumbu)",Bold,Local,28/03/2026,2500,2500,2500
Rajasthan,Udaipur,"Udaipur (Grain) APMC",Gur(Jaggery),Other,FAQ,28/03/2026,4550,4550,4550
Tripura,Unokoti,"Pabiacherra APMC","Green Chilli",Other,FAQ,28/03/2026,5900,6100,6000
Tripura,Sepahijala,"Melaghar APMC",Fish,Rahu(Local),Local,28/03/2026,30000,32000,31000
Tripura,Sepahijala,"Melaghar APMC",Potato,Jalander,Local,28/03/2026,1200,1400,1300
"Andhra Pradesh","East Godavari","Ambajipeta APMC",Banana,"Banana - Ripe",Medium,28/03/2026,880,2080,1480
"Tamil Nadu",Thiruvannamalai,"Cheyyar(Uzhavar Sandhai ) APMC",Onion,Bellary,Local,28/03/2026,2000,2500,2250
"Tamil Nadu",Thiruvannamalai,"Cheyyar(Uzhavar Sandhai ) APMC",Papaya,Papaya,Local,28/03/2026,3200,4000,3600
"Tamil Nadu",Thiruvannamalai,"Cheyyar(Uzhavar Sandhai ) APMC","Bitter gourd",Other,Local,28/03/2026,3000,3500,3250
"Tamil Nadu",Thiruvannamalai,"Cheyyar(Uzhavar Sandhai ) APMC","Bhindi(Ladies Finger)",Bhindi,Local,28/03/2026,2500,3000,2750
"Tamil Nadu",Thiruvannamalai,"Cheyyar(Uzhavar Sandhai ) APMC",Amaranthus,Amaranthus,Local,28/03/2026,2500,3000,2750
"Tamil Nadu",Thiruvannamalai,"Cheyyar(Uzhavar Sandhai ) APMC",Snakeguard,Snakeguard,Local,28/03/2026,2000,2500,2250
"Tamil Nadu",Thiruvannamalai,"Cheyyar(Uzhavar Sandhai ) APMC",Beetroot,Beetroot,Local,28/03/2026,2500,3000,2750
"Tamil Nadu",Thiruvannamalai,"Cheyyar(Uzhavar Sandhai ) APMC","Green Avare(W)",Other,Local,28/03/2026,2500,3000,2750
Telangana,"Bhadradri Kothagudem","Nuguru Charla APMC","Dry Chillies","Dry Chillies",FAQ,28/03/2026,13300,13500,13400
"Andhra Pradesh",Chittor,"Punganur APMC",Tomato,Hybrid,FAQ,28/03/2026,800,1000,900
"Tamil Nadu",Thanjavur,"Papanasam(Uzhavar Sandhai ) APMC",Onion,Bellary,Local,28/03/2026,3000,3600,3300
"Tamil Nadu",Thanjavur,"Papanasam(Uzhavar Sandhai ) APMC",Coriander(Leaves),"I Sort",Local,28/03/2026,3600,3600,3600
"Tamil Nadu",Thanjavur,"Papanasam(Uzhavar Sandhai ) APMC","Cluster beans","Cluster Beans",Local,28/03/2026,4200,4200,4200
"Tamil Nadu",Thanjavur,"Papanasam(Uzhavar Sandhai ) APMC","Bottle gourd","Bottle Gourd",Local,28/03/2026,2400,2400,2400
"Tamil Nadu",Thanjavur,"Papanasam(Uzhavar Sandhai ) APMC","Bhindi(Ladies Finger)",Bhindi,Local,28/03/2026,6000,6000,6000
"Tamil Nadu",Thanjavur,"Papanasam(Uzhavar Sandhai ) APMC",Amaranthus,Amaranthus,Local,28/03/2026,2000,2000,2000
"Tamil Nadu",Thanjavur,"Papanasam(Uzhavar Sandhai ) APMC",Beans,"Beans (Whole)",Local,28/03/2026,6000,6000,6000
"Tamil Nadu",Thanjavur,"Papanasam(Uzhavar Sandhai ) APMC",Cabbage,Cabbage,Local,28/03/2026,2400,2400,2400
"Tamil Nadu",Thanjavur,"Papanasam(Uzhavar Sandhai ) APMC","Green Avare(W)","Green Avare (W)",Local,28/03/2026,6000,6000,6000
"Tamil Nadu",Thanjavur,"Papanasam(Uzhavar Sandhai ) APMC","Onion Green","Onion Green",Local,28/03/2026,4200,4200,4200
Uttarakhand,Udhamsinghnagar,"Gadarpur APMC",Rice,Other,Local,28/03/2026,4000,4000,4000
Uttarakhand,"Garhwal (Pauri)","Kotadwara APMC","Bhindi(Ladies Finger)",Bhindi,FAQ,28/03/2026,2000,2000,2000
Uttarakhand,Nanital,"Ramnagar APMC",Potato,Other,Local,28/03/2026,600,800,700
Uttarakhand,Haridwar,"Haridwar Union APMC",Cucumbar(Kheera),Cucumbar,FAQ,28/03/2026,1000,1200,1100
Uttarakhand,Haridwar,"Haridwar Union APMC",Onion,Onion,FAQ,28/03/2026,1200,1500,1300
Uttarakhand,Haridwar,"Haridwar Union APMC","Pea Pod/Pea Cod/हरी मटर",Other,FAQ,28/03/2026,1600,2000,1700
Rajasthan,Ganganagar,"Suratgarh APMC",Barley(Jau),Other,FAQ,28/03/2026,1650,1934,1855
Rajasthan,Ganganagar,"Suratgarh APMC",Mustard,Mustard,FAQ,28/03/2026,6174,6600,6360
Rajasthan,Jhunjhunu,"Surajgarh APMC",Barley(Jau),Other,FAQ,28/03/2026,2050,2050,2050
Punjab,Hoshiarpur,"Tanda Urmur APMC",Kinnow,Kinnow,"Grade A",28/03/2026,4000,5000,4500
Punjab,Hoshiarpur,"Tanda Urmur APMC","Bhindi(Ladies Finger)",Bhindi,"Grade A",28/03/2026,6000,7000,6500
Punjab,Hoshiarpur,"Tanda Urmur APMC","Bitter gourd","Bitter Gourd","Grade A",28/03/2026,5000,6000,5500
Punjab,Hoshiarpur,"Tanda Urmur APMC",Cabbage,Cabbage,"Grade A",28/03/2026,800,1000,900
Punjab,Hoshiarpur,"Tanda Urmur APMC",Carrot,Carrot,"Grade A",28/03/2026,2000,3000,2500
Punjab,Hoshiarpur,"Tanda Urmur APMC","Green Chilli","Green Chilly","Grade A",28/03/2026,5000,6000,5500
Punjab,Ludhiana,"Sahnewal APMC",Brinjal,Brinjal,FAQ,28/03/2026,1500,1500,1500
Odisha,Boudh,"Boudh APMC","Bhindi(Ladies Finger)",Other,Local,28/03/2026,4000,5000,4500
Odisha,Boudh,"Boudh APMC",Onion,Other,Local,28/03/2026,2000,3000,2500
Odisha,Sundergarh,"Sargipali APMC",Brinjal,Brinjal,FAQ,28/03/2026,1000,1200,1100
Odisha,Sundergarh,"Sargipali APMC",Potato,Other,FAQ,28/03/2026,900,1200,1000
Odisha,Sundergarh,"Sargipali APMC",Pumpkin,Pumpkin,FAQ,28/03/2026,700,1000,900
Odisha,Mayurbhanja,"Betnoti APMC",Cauliflower,Cauliflower,FAQ,28/03/2026,1000,1400,1200
Odisha,Mayurbhanja,"Betnoti APMC",Pumpkin,Pumpkin,FAQ,28/03/2026,700,1100,900
Punjab,Tarntaran,"Naushera Pannuan APMC",Cabbage,Cabbage,"Grade B",28/03/2026,800,800,800
"Tamil Nadu",Coimbatore,"Vadavalli(Uzhavar Sandhai ) APMC",Pineapple,"Pine Apple",Local,28/03/2026,4800,5800,5300
"Tamil Nadu",Coimbatore,"Vadavalli(Uzhavar Sandhai ) APMC",Cauliflower,Ranchi,Local,28/03/2026,2800,3200,3000
"Tamil Nadu",Coimbatore,"Vadavalli(Uzhavar Sandhai ) APMC",Papaya,Papaya,Local,28/03/2026,3000,3600,3300
"Tamil Nadu",Coimbatore,"Vadavalli(Uzhavar Sandhai ) APMC","Bitter gourd",Other,Local,28/03/2026,4000,4600,4300
"Tamil Nadu",Coimbatore,"Vadavalli(Uzhavar Sandhai ) APMC",Mango(Raw-Ripe),"Mango - Raw-Ripe",Local,28/03/2026,3500,4500,4000
"Tamil Nadu",Coimbatore,"Vadavalli(Uzhavar Sandhai ) APMC",Lemon,Lemon,Local,28/03/2026,12000,13000,12500
"Tamil Nadu",Coimbatore,"Vadavalli(Uzhavar Sandhai ) APMC","Onion Green","Onion Green",Local,28/03/2026,2500,3000,2750
"Himachal Pradesh",Mandi,"PMY Kangni Mandi",Apple,Apple,"Grade B",28/03/2026,9000,13000,10000
"Himachal Pradesh",Mandi,"PMY Kangni Mandi","Bottle gourd","Bottle Gourd","Grade B",28/03/2026,1500,3500,2500
"Himachal Pradesh",Mandi,"PMY Kangni Mandi",Capsicum,Capsicum,"Grade B",28/03/2026,2500,5000,3500
"Himachal Pradesh",Mandi,"PMY Kangni Mandi",Orange,Orange,"Grade B",28/03/2026,6500,11000,8000
"Himachal Pradesh",Mandi,"PMY Kangni Mandi",Carrot,Carrot,"Grade B",28/03/2026,1000,3000,2000
"Himachal Pradesh",Mandi,"PMY Kangni Mandi","Peas Wet","Peas Wet","Grade B",28/03/2026,1500,4000,3000
"Uttar Pradesh",Kaushambi,"Bharwari APMC",Wheat,Other,FAQ,28/03/2026,2400,2500,2450
"Tamil Nadu",Dindigul,"Vedasanthur(Uzhavar Sandhai ) APMC",Banana,Karpura,Local,28/03/2026,4500,5000,4750
"Tamil Nadu",Dindigul,"Vedasanthur(Uzhavar Sandhai ) APMC","Bitter gourd","Bitter Gourd",Local,28/03/2026,3500,4000,3750
Gujarat,Vadodara(Baroda),"Padra APMC",Methi(Leaves),Other,FAQ,28/03/2026,1500,2000,1750
Gujarat,Vadodara(Baroda),"Padra APMC","Indian Beans(Seam)",Other,FAQ,28/03/2026,2500,3000,2750
Gujarat,Vadodara(Baroda),"Padra APMC",Drumstick,Other,FAQ,28/03/2026,1500,2500,2000
Gujarat,Vadodara(Baroda),"Padra APMC","Pointed gourd(Parval)",Other,FAQ,28/03/2026,4500,5000,4750
Gujarat,Vadodara(Baroda),"Padra APMC","Surat Beans(Papadi)",Other,FAQ,28/03/2026,3000,4000,3500
Haryana,"Yamuna Nagar","Sadhaura APMC",Tomato,Tomato,Local,28/03/2026,1000,1300,1100
Haryana,"Yamuna Nagar","Sadhaura APMC",Cucumbar(Kheera),Cucumbar,Local,28/03/2026,900,1000,950
Haryana,"Yamuna Nagar","Sadhaura APMC",Potato,Potato,Local,28/03/2026,300,360,320
Haryana,Kaithal,"Dhand APMC",Onion,Other,Medium,28/03/2026,1500,2500,2200
Haryana,Kaithal,"Dhand APMC",Potato,Other,Medium,28/03/2026,700,1200,1000
Haryana,Sonipat,"Ganaur APMC",Banana,"Banana - Ripe",Medium,28/03/2026,2500,3000,2800
Haryana,Sonipat,"Ganaur APMC",Onion,Onion,FAQ,28/03/2026,2000,2200,2000
Haryana,Sonipat,"Ganaur APMC",Grapes,White,Medium,28/03/2026,6500,7000,6800
Haryana,Sonipat,"Ganaur APMC",Potato,Potato,FAQ,28/03/2026,700,1000,800
Haryana,Sonipat,"Ganaur APMC",Pumpkin,Pumpkin,Medium,28/03/2026,1800,2000,1800
Haryana,Sonipat,"Ganaur APMC",Cucumbar(Kheera),Cucumbar,Medium,28/03/2026,1200,1500,1400
Haryana,Sonipat,"Ganaur APMC",Ginger(Green),"Green Ginger",Medium,28/03/2026,6500,7000,6800
Haryana,Sonipat,"Ganaur APMC",Spinach,Spinach,Medium,28/03/2026,1000,1200,1000
Kerala,Alappuzha,"Aroor APMC","Bhindi(Ladies Finger)",Other,FAQ,28/03/2026,4500,4700,4600
Kerala,Wayanad,"Pulpally APMC",Pumpkin,Other,Local,28/03/2026,1100,1300,1200
Haryana,Gurgaon,"Gurgaon APMC",Tomato,Other,"Grade B",28/03/2026,1500,2000,1750
Kerala,Thiruvananthapuram,"Neyyatinkara APMC",Cucumbar(Kheera),Cucumbar,FAQ,28/03/2026,2300,3000,2500
Kerala,Thiruvananthapuram,"Neyyatinkara APMC","Bitter gourd","Bitter Gourd",FAQ,28/03/2026,6000,6500,6200
Kerala,Alappuzha,"Chengannur APMC",Beetroot,Beetroot,FAQ,28/03/2026,2800,3200,2900
Kerala,Alappuzha,"Chengannur APMC",Brinjal,Brinjal,FAQ,28/03/2026,3000,3300,3100
Kerala,Alappuzha,"Chengannur APMC",Cauliflower,Other,FAQ,28/03/2026,3500,3800,3700
Kerala,Alappuzha,"Chengannur APMC",Drumstick,Other,FAQ,28/03/2026,3800,4100,4000
Kerala,Alappuzha,"Chengannur APMC",Cucumbar(Kheera),Other,FAQ,28/03/2026,1700,2000,1800
Kerala,Alappuzha,"Chengannur APMC",Potato,Potato,FAQ,28/03/2026,2800,3100,3000
Kerala,Alappuzha,"Chengannur APMC",Mango(Raw-Ripe),"Mango - Raw-Ripe",FAQ,28/03/2026,3800,4300,4000
Kerala,Alappuzha,"Harippad APMC","Banana - Green",Other,FAQ,28/03/2026,3000,3500,3000
Kerala,Alappuzha,"Harippad APMC",Amaranthus,Other,FAQ,28/03/2026,4500,5000,4500
Kerala,Alappuzha,"Harippad APMC",Brinjal,Brinjal,FAQ,28/03/2026,4500,5000,4500
Kerala,Alappuzha,"Harippad APMC",Carrot,Other,FAQ,28/03/2026,4500,5000,4500
Kerala,Alappuzha,"Cherthala APMC",Amaranthus,Amaranthus,FAQ,28/03/2026,8000,8200,8100
Kerala,Alappuzha,"Cherthala APMC",Cabbage,Cabbage,FAQ,28/03/2026,3200,3400,3300
Kerala,Alappuzha,"Cherthala APMC","Green Chilli","Green Chilly",FAQ,28/03/2026,4600,4800,4700
Kerala,Kottayam,"Ettumanoor APMC","Bhindi(Ladies Finger)",Bhindi,FAQ,28/03/2026,5000,5400,5200
Kerala,Kottayam,"Ettumanoor APMC",Carrot,Carrot,FAQ,28/03/2026,4200,4900,4400
Kerala,Kottayam,"Ettumanoor APMC",Brinjal,Brinjal,FAQ,28/03/2026,2000,2200,2100
Kerala,Kottayam,"Ettumanoor APMC",Ginger(Green),"Green Ginger",FAQ,28/03/2026,6400,6800,6600
Kerala,Kottayam,"Ettumanoor APMC","Little gourd(Kundru)",Other,FAQ,28/03/2026,2400,2600,2500
Kerala,Kottayam,"Ettumanoor APMC",Onion,Big,"Grade A",28/03/2026,1600,2000,1800
"Jammu and Kashmir",Kathua,"Kathua APMC","Mousambi(Sweet Lime)",Other,"Grade B",28/03/2026,6500,7000,6750
"Jammu and Kashmir",Kathua,"Kathua APMC","Bottle gourd","Bottle Gourd",FAQ,28/03/2026,2500,3000,2750
"Jammu and Kashmir",Kathua,"Kathua APMC",Cucumbar(Kheera),Other,FAQ,28/03/2026,1000,1500,1250
"Jammu and Kashmir",Kathua,"Kathua APMC",Tomato,Other,FAQ,28/03/2026,2000,2500,2250
"Jammu and Kashmir",Kathua,"Kathua APMC",Raddish,Raddish,FAQ,28/03/2026,1000,1200,1100
"Jammu and Kashmir",Kathua,"Kathua APMC","Peas Wet","Peas Wet",FAQ,28/03/2026,2500,3000,2750
Kerala,Ernakulam,"Thrippunithura APMC",Ashgourd,Ashgourd,Medium,28/03/2026,2400,4000,2600
Kerala,Ernakulam,"Thrippunithura APMC","Bhindi(Ladies Finger)",Bhindi,Medium,28/03/2026,8000,9000,8200
Kerala,Ernakulam,"Thrippunithura APMC",Pineapple,"Pine Apple",Medium,28/03/2026,7000,8500,7200
Kerala,Ernakulam,"Thrippunithura APMC",Cowpea(Veg),"Cowpea (Veg)",Medium,28/03/2026,5000,6000,5200
Kerala,Palakad,"Pattambi APMC",Lemon,Other,FAQ,28/03/2026,5000,6000,5500
Kerala,Palakad,"Pattambi APMC","Little gourd(Kundru)",Other,FAQ,28/03/2026,3500,4000,3800
Kerala,Palakad,"Pattambi APMC",Pumpkin,Pumpkin,FAQ,28/03/2026,1500,1800,1600
Kerala,Palakad,"Pattambi APMC","Bitter gourd","Bitter Gourd",FAQ,28/03/2026,4500,5000,4800
Kerala,Ernakulam,"North Paravur APMC","Banana - Green","Banana - Green",Medium,28/03/2026,2100,3000,2500
Kerala,Ernakulam,"North Paravur APMC",Ashgourd,Ashgourd,Medium,28/03/2026,1500,2000,1800
"Himachal Pradesh",Solan,"SMY Nalagarh",Guava,Other,Medium,28/03/2026,5500,6500,6000
"Himachal Pradesh",Solan,"SMY Nalagarh",Potato,Other,Medium,28/03/2026,500,700,600
"Himachal Pradesh",Hamirpur,"SMY Nadaun","Bottle gourd",Other,"Grade B",28/03/2026,3500,4000,3750
"Himachal Pradesh",Hamirpur,"SMY Nadaun",Capsicum,Other,"Grade B",28/03/2026,4500,5000,4750
"Himachal Pradesh",Hamirpur,"SMY Nadaun",Cauliflower,Cauliflower,"Grade B",28/03/2026,3500,4000,3750
"Himachal Pradesh",Kangra,"SMY Baijnath",Apple,Apple,"Grade A",28/03/2026,13000,13500,13200
"Himachal Pradesh",Kangra,"SMY Baijnath",Onion,Onion,"Grade B",28/03/2026,1800,2000,1900
"Himachal Pradesh",Kangra,"SMY Baijnath",Ginger(Green),"Green Ginger","Grade B",28/03/2026,8500,9000,8800
"Himachal Pradesh",Kangra,"SMY Baijnath",Cucumbar(Kheera),Cucumbar,"Grade A",28/03/2026,2800,3000,2900
"Himachal Pradesh",Kangra,"SMY Jaisinghpur","Mousambi(Sweet Lime)",Mousambi,Medium,28/03/2026,5000,5500,5200
"Himachal Pradesh",Kangra,"SMY Jaisinghpur",Cabbage,Cabbage,FAQ,28/03/2026,1100,1200,1150
"Himachal Pradesh",Kangra,"SMY Jaisinghpur",Papaya,Other,Medium,28/03/2026,5200,5800,5500
"Himachal Pradesh",Kangra,"SMY Jaisinghpur","Bottle gourd","Bottle Gourd",FAQ,28/03/2026,2800,3500,3200
"Himachal Pradesh",Kangra,"SMY Jaisinghpur",Mashrooms,Mashrooms,FAQ,28/03/2026,15000,16000,15500
"Himachal Pradesh",Kangra,"SMY Nagrota Bagwan","Mousambi(Sweet Lime)",Mousambi,Medium,28/03/2026,4800,5500,5200
"Himachal Pradesh",Kangra,"SMY Nagrota Bagwan","Bottle gourd","Bottle Gourd",FAQ,28/03/2026,2300,2600,2400
"Himachal Pradesh",Kangra,"SMY Nagrota Bagwan",Cauliflower,Cauliflower,FAQ,28/03/2026,3300,3600,3500
"Himachal Pradesh",Kangra,"SMY Nagrota Bagwan",Onion,Onion,FAQ,28/03/2026,1800,2000,1900
"Uttar Pradesh",Maharajganj,"Anandnagar APMC",Wheat,Dara,FAQ,28/03/2026,2425,2625,2525
"Uttar Pradesh",Maharajganj,"Anandnagar APMC",Rice,III,FAQ,28/03/2026,2850,3050,2950
"Uttar Pradesh",Maharajganj,"Anandnagar APMC",Gur(Jaggery),Other,FAQ,28/03/2026,3850,4000,3950
"Uttar Pradesh",Maharajganj,"Anandnagar APMC","Banana - Green","Banana - Green",FAQ,28/03/2026,1250,1450,1350
"Uttar Pradesh",Maharajganj,"Anandnagar APMC","Green Chilli","Green Chilly",FAQ,28/03/2026,2340,2540,2440
"Uttar Pradesh",Maharajganj,"Anandnagar APMC",Potato,Potato,FAQ,28/03/2026,1220,1420,1320
"Uttar Pradesh",Maharajganj,"Anandnagar APMC",Onion,Red,FAQ,28/03/2026,1150,1350,1250
"West Bengal",Darjeeling,"Siliguri APMC",Tomato,Tomato,FAQ,28/03/2026,1400,1600,1500
Kerala,Kannur,"Taliparamba APMC",Brinjal,Brinjal,FAQ,28/03/2026,3400,3600,3500
Kerala,Kannur,"Taliparamba APMC","Green Chilli","Green Chilly",FAQ,28/03/2026,5000,5200,5100
"Tamil Nadu",Erode,"Gobichettipalayam(Uzhavar Sandhai ) APMC",Banana,Karpura,Local,28/03/2026,3600,4000,3800
"Tamil Nadu",Erode,"Gobichettipalayam(Uzhavar Sandhai ) APMC",Cauliflower,Ranchi,Local,28/03/2026,3500,4000,3750
"Tamil Nadu",Erode,"Gobichettipalayam(Uzhavar Sandhai ) APMC",Amaranthus,Amaranthus,Local,28/03/2026,4000,4400,4200
"Tamil Nadu",Erode,"Gobichettipalayam(Uzhavar Sandhai ) APMC",Beans,"Beans (Whole)",Local,28/03/2026,7000,7400,7200
"Tamil Nadu",Erode,"Gobichettipalayam(Uzhavar Sandhai ) APMC",Beetroot,Beetroot,Local,28/03/2026,4000,4500,4250
"Tamil Nadu",Erode,"Gobichettipalayam(Uzhavar Sandhai ) APMC",Ridgeguard(Tori),Ridgeguard(Tori),Local,28/03/2026,4000,4500,4250
"Tamil Nadu",Erode,"Gobichettipalayam(Uzhavar Sandhai ) APMC",Raddish,Raddish,Local,28/03/2026,2000,2400,2200
"Tamil Nadu",Erode,"Gobichettipalayam(Uzhavar Sandhai ) APMC",Drumstick,Drumstick,Local,28/03/2026,4000,4500,4250
"Tamil Nadu",Erode,"Sathiyamagalam(Uzhavar Sandhai ) APMC","Water Melon","Water Melon",Local,28/03/2026,2000,2300,2150
"Tamil Nadu",Erode,"Sathiyamagalam(Uzhavar Sandhai ) APMC","Cluster beans","Cluster Beans",Local,28/03/2026,3000,3400,3200
"Tamil Nadu",Erode,"Sathiyamagalam(Uzhavar Sandhai ) APMC","Bitter gourd",Other,Local,28/03/2026,3400,3800,3600
"Tamil Nadu",Erode,"Sathiyamagalam(Uzhavar Sandhai ) APMC","Bottle gourd","Bottle Gourd",Local,28/03/2026,1000,1500,1250
"Tamil Nadu",Erode,"Sathiyamagalam(Uzhavar Sandhai ) APMC",Pumpkin,Pumpkin,Local,28/03/2026,1500,2000,1750
"Tamil Nadu",Erode,"Sathiyamagalam(Uzhavar Sandhai ) APMC","Bhindi(Ladies Finger)",Bhindi,Local,28/03/2026,4500,5000,4750
"Tamil Nadu",Erode,"Sathiyamagalam(Uzhavar Sandhai ) APMC",Amaranthus,Amaranthus,Local,28/03/2026,3500,4000,3750
"Tamil Nadu",Erode,"Sathiyamagalam(Uzhavar Sandhai ) APMC",Cowpea(Veg),"Cowpea (Veg)",Local,28/03/2026,2000,2400,2200
"Tamil Nadu",Erode,"Sathiyamagalam(Uzhavar Sandhai ) APMC",Beans,"Beans (Whole)",Local,28/03/2026,6500,7000,6750
"Tamil Nadu",Erode,"Sathiyamagalam(Uzhavar Sandhai ) APMC",Coconut,Coconut,Local,28/03/2026,4000,4500,4250
"Tamil Nadu",Erode,"Sathiyamagalam(Uzhavar Sandhai ) APMC",Cabbage,Cabbage,Local,28/03/2026,2000,2400,2200
"Tamil Nadu",Erode,"Sathiyamagalam(Uzhavar Sandhai ) APMC","Chow Chow","Chow Chow",Local,28/03/2026,1800,2200,2000
"Tamil Nadu",Erode,"Sathiyamagalam(Uzhavar Sandhai ) APMC",Turnip,Turnip,Local,28/03/2026,5000,5500,5250
"Tamil Nadu",Erode,"Sathiyamagalam(Uzhavar Sandhai ) APMC","Onion Green","Onion Green",Local,28/03/2026,2400,2800,2600
"Tamil Nadu",Erode,"Sathiyamagalam(Uzhavar Sandhai ) APMC","Sweet Corn ","Sweet Corn ",Local,28/03/2026,2400,2800,2600
"Himachal Pradesh",Shimla,"SMY Rohroo","Bhindi(Ladies Finger)",Bhindi,"Grade B",28/03/2026,7000,7500,7250
"Himachal Pradesh",Shimla,"SMY Rohroo",Pomegranate,Other,"Grade B",28/03/2026,13000,14000,13500
"Himachal Pradesh",Shimla,"SMY Rohroo","Water Melon",Other,"Grade B",28/03/2026,3800,4000,3900
"Himachal Pradesh",Una,"SMY Santoshgarh",Potato,Jyoti,FAQ,28/03/2026,600,800,700
"Himachal Pradesh",Una,"SMY Santoshgarh",Onion,Onion,FAQ,28/03/2026,1200,1600,1400
"Uttar Pradesh",Etawah,"Jasvantnagar APMC",Onion,Red,Medium,28/03/2026,1250,1350,1300
"Uttar Pradesh",Etawah,"Jasvantnagar APMC",Tomato,Hybrid,Medium,28/03/2026,950,1050,1000
Odisha,Dhenkanal,"Hindol APMC","Bhindi(Ladies Finger)",Bhindi,"Grade B",28/03/2026,3800,4200,4000
Odisha,Dhenkanal,"Hindol APMC",Pumpkin,Pumpkin,"Grade B",28/03/2026,1400,1600,1500
Odisha,Dhenkanal,"Hindol APMC",Potato,Potato,"Grade B",28/03/2026,1000,1200,1100
"Andaman and Nicobar","North and Middle Andaman ","Diglipur APMC",Cucumbar(Kheera),Other,FAQ,28/03/2026,3000,6000,4500
"Andaman and Nicobar","North and Middle Andaman ","Diglipur APMC",Cowpea(Veg),"Cowpea (Veg)",FAQ,28/03/2026,2000,4000,3000
"Andaman and Nicobar","North and Middle Andaman ","Diglipur APMC",Tomato,Other,FAQ,28/03/2026,1500,3000,2000
"Andaman and Nicobar","North and Middle Andaman ","Diglipur APMC",Guava,Other,Local,28/03/2026,4000,8000,6000
"Tamil Nadu",Namakkal,"Tiruchengode APMC",Garlic,Garlic,Local,28/03/2026,12500,14000,13250
"Tamil Nadu",Namakkal,"Tiruchengode APMC",Coriander(Leaves),"I Sort",Local,28/03/2026,6200,7000,6600
"Tamil Nadu",Namakkal,"Tiruchengode APMC",Tomato,Other,Local,28/03/2026,1400,1600,1500
"Tamil Nadu",Namakkal,"Tiruchengode APMC","Bottle gourd","Bottle Gourd",Local,28/03/2026,1000,1200,1100
"Tamil Nadu",Namakkal,"Tiruchengode APMC",Beans,"Beans (Whole)",Local,28/03/2026,6200,7000,6600
"Tamil Nadu",Namakkal,"Tiruchengode APMC","Sweet Potato","Hosur Red",Local,28/03/2026,2600,3000,2800
"Tamil Nadu",Namakkal,"Tiruchengode APMC",Ridgeguard(Tori),Ridgeguard(Tori),Local,28/03/2026,5400,6000,5700
"Tamil Nadu",Namakkal,"Tiruchengode APMC",Mango(Raw-Ripe),"Mango - Raw-Ripe",Local,28/03/2026,4500,5000,4750
"Tamil Nadu",Thiruchirappalli,"Thuraiyur APMC",Brinjal,Other,Local,28/03/2026,2000,2500,2250
"Tamil Nadu",Thiruchirappalli,"Thuraiyur APMC",Ashgourd,Gouard,Local,28/03/2026,1200,1500,1350
"Tamil Nadu",Thiruchirappalli,"Thuraiyur APMC","Green Chilli","Green Chilly",Local,28/03/2026,3000,3600,3300
"Tamil Nadu",Thiruchirappalli,"Thuraiyur APMC",Colacasia,Colacasia,Local,28/03/2026,4000,4500,4250
"Tamil Nadu",Ariyalur,"Ariyalur(Uzhavar Sandhai) APMC",Coconut,Coconut,Local,28/03/2026,6000,6400,6200
"Tamil Nadu",Ariyalur,"Ariyalur(Uzhavar Sandhai) APMC",Beetroot,Beetroot,Local,28/03/2026,3000,3400,3200
"Tamil Nadu",Ariyalur,"Ariyalur(Uzhavar Sandhai) APMC","Chow Chow","Chow Chow",Local,28/03/2026,3000,3500,3250
"Tamil Nadu",Coimbatore,"RSPuram(Uzhavar Sandhai ) APMC",Grapes,Annabesahai,Local,28/03/2026,8000,20000,14000
"Tamil Nadu",Coimbatore,"RSPuram(Uzhavar Sandhai ) APMC",Garlic,Garlic,Local,28/03/2026,11000,14200,12600
"Tamil Nadu",Coimbatore,"RSPuram(Uzhavar Sandhai ) APMC","Green Peas","Green Peas",Local,28/03/2026,6200,6800,6500
"Tamil Nadu",Coimbatore,"RSPuram(Uzhavar Sandhai ) APMC",Papaya,Papaya,Local,28/03/2026,3200,3600,3400
"Tamil Nadu",Coimbatore,"RSPuram(Uzhavar Sandhai ) APMC","Mousambi(Sweet Lime)",Mousambi,Local,28/03/2026,5000,5500,5250
"Tamil Nadu",Coimbatore,"RSPuram(Uzhavar Sandhai ) APMC",Ashgourd,Gouard,Local,28/03/2026,1800,2000,1900
"Tamil Nadu",Coimbatore,"RSPuram(Uzhavar Sandhai ) APMC",Pumpkin,Pumpkin,Local,28/03/2026,1800,2000,1900
"Tamil Nadu",Coimbatore,"RSPuram(Uzhavar Sandhai ) APMC",Cowpea(Veg),"Cowpea (Veg)",Local,28/03/2026,2200,2800,2500
"Tamil Nadu",Coimbatore,"RSPuram(Uzhavar Sandhai ) APMC",Tapioca,Tapioca,Local,28/03/2026,2200,2400,2300
"Tamil Nadu",Coimbatore,"RSPuram(Uzhavar Sandhai ) APMC",Lime,Lime,Local,28/03/2026,11000,12000,11500
"Tamil Nadu",Coimbatore,"RSPuram(Uzhavar Sandhai ) APMC","Jack Fruit(Ripe)","Jack Fruit",Local,28/03/2026,4500,5000,4750
"Tamil Nadu",Coimbatore,"RSPuram(Uzhavar Sandhai ) APMC","Elephant Yam(Suran)/Amorphophallus","Elephant Yam (Suran)",Local,28/03/2026,2400,2700,2550
"Tamil Nadu",Coimbatore,"RSPuram(Uzhavar Sandhai ) APMC",Turnip,Turnip,Local,28/03/2026,3200,3600,3400
"Tamil Nadu",Coimbatore,"RSPuram(Uzhavar Sandhai ) APMC","Sweet Corn ","Sweet Corn ",Local,28/03/2026,3500,4000,3750
Rajasthan,Deeg,"Sikri APMC",Mustard,Mustard,Non-FAQ,28/03/2026,6250,6900,6600
"Tamil Nadu",Coimbatore,"Singanallur(Uzhavar Sandhai ) APMC",Onion,Bellary,Local,28/03/2026,1800,2200,2000
"Tamil Nadu",Coimbatore,"Singanallur(Uzhavar Sandhai ) APMC","Bottle gourd","Bottle Gourd",Local,28/03/2026,2000,2500,2250
"Tamil Nadu",Coimbatore,"Singanallur(Uzhavar Sandhai ) APMC",Beans,"Beans (Whole)",Local,28/03/2026,8000,8500,8250
"Tamil Nadu",Coimbatore,"Singanallur(Uzhavar Sandhai ) APMC","Betal Leaves",Mysore,Local,28/03/2026,16500,17500,17000
"Tamil Nadu",Coimbatore,"Singanallur(Uzhavar Sandhai ) APMC",Snakeguard,Snakeguard,Local,28/03/2026,3000,3500,3250
"Tamil Nadu",Coimbatore,"Singanallur(Uzhavar Sandhai ) APMC",Ridgeguard(Tori),Ridgeguard(Tori),Local,28/03/2026,4500,4800,4650
"Tamil Nadu",Coimbatore,"Singanallur(Uzhavar Sandhai ) APMC",Yam(Ratalu),"Yam (Ratalu)",Local,28/03/2026,5500,6000,5750
"Tamil Nadu",Coimbatore,"Singanallur(Uzhavar Sandhai ) APMC",Lemon,Lemon,Local,28/03/2026,12000,13200,12600
"Himachal Pradesh",Kangra,"PMY Kangra",Banana,Other,Medium,28/03/2026,4000,5000,4500
"Himachal Pradesh",Kangra,"PMY Kangra",Pomegranate,Other,Medium,28/03/2026,11000,13000,12000
"Himachal Pradesh",Kangra,"PMY Kangra",Garlic,Average,FAQ,28/03/2026,12000,13000,12500
"Himachal Pradesh",Kangra,"PMY Kangra",Brinjal,Brinjal,FAQ,28/03/2026,3500,3600,3600
"Himachal Pradesh",Kangra,"PMY Kangra",Coriander(Leaves),Coriander,FAQ,28/03/2026,2000,3500,2500
"Himachal Pradesh",Kangra,"PMY Kangra","French Beans(Frasbean)",Other,FAQ,28/03/2026,5500,5600,5600
Haryana,Mahendragarh-Narnaul,"Narnaul APMC",Cauliflower,Cauliflower,Medium,28/03/2026,1000,1500,1500
Haryana,Mahendragarh-Narnaul,"Narnaul APMC","Bhindi(Ladies Finger)",Bhindi,Medium,28/03/2026,3000,5000,4000
Haryana,Mahendragarh-Narnaul,"Narnaul APMC","Cluster beans","Cluster Beans",Medium,28/03/2026,8000,8000,8000
Haryana,Mahendragarh-Narnaul,"Narnaul APMC",Potato,Potato,Medium,28/03/2026,700,800,750
Haryana,Mahendragarh-Narnaul,"Narnaul APMC","Bottle gourd","Bottle Gourd",Medium,28/03/2026,800,1500,1000
Haryana,Mahendragarh-Narnaul,"Narnaul APMC","Sponge gourd","Sponge gourd",Medium,28/03/2026,3000,5000,4000
Haryana,Mahendragarh-Narnaul,"Narnaul APMC","Long Melon(Kakri)","Long Melon (Kakri)",Medium,28/03/2026,1500,2500,2000
Gujarat,Rajkot,"Rajkot(Veg.Sub Yard) APMC",Onion,Onion,FAQ,28/03/2026,260,1250,905
Gujarat,Rajkot,"Rajkot(Veg.Sub Yard) APMC",Ginger(Green),"Green Ginger",FAQ,28/03/2026,5130,6060,5595
Gujarat,Rajkot,"Rajkot(Veg.Sub Yard) APMC","Green Chilli","Green Chilly",FAQ,28/03/2026,2035,3060,2545
"Uttar Pradesh",Raebarelli,"Lalganj APMC",Potato,Desi,FAQ,28/03/2026,800,900,850
"Uttar Pradesh",Amroha,"Hasanpur APMC","Banana - Green","Banana - Green",FAQ,28/03/2026,150,1550,1520
"Uttar Pradesh",Amroha,"Hasanpur APMC",Cabbage,Cabbage,FAQ,28/03/2026,1450,1520,1500
"Uttar Pradesh",Amroha,"Hasanpur APMC",Cauliflower,Local,FAQ,28/03/2026,1450,1520,1500
Haryana,Panchkula,"Barwala APMC",Cucumbar(Kheera),Cucumbar,FAQ,28/03/2026,800,2000,1400
"Tamil Nadu",Coimbatore,"Pollachi(Uzhavar Sandhai ) APMC",Onion,Bellary,Local,28/03/2026,2000,2500,2250
"Tamil Nadu",Coimbatore,"Pollachi(Uzhavar Sandhai ) APMC","Bhindi(Ladies Finger)",Bhindi,Local,28/03/2026,6000,6500,6250
"Tamil Nadu",Coimbatore,"Pollachi(Uzhavar Sandhai ) APMC","Banana - Green","Banana - Green",Local,28/03/2026,3000,4000,3500
"Tamil Nadu",Coimbatore,"Pollachi(Uzhavar Sandhai ) APMC",Beans,"Beans (Whole)",Local,28/03/2026,7500,8000,7750
"Tamil Nadu",Coimbatore,"Pollachi(Uzhavar Sandhai ) APMC",Ginger(Green),"Green Ginger",Local,28/03/2026,5000,7000,6000
"Tamil Nadu",Coimbatore,"Pollachi(Uzhavar Sandhai ) APMC",Cabbage,Cabbage,Local,28/03/2026,2000,2500,2250
"Tamil Nadu",Coimbatore,"Pollachi(Uzhavar Sandhai ) APMC",Ridgeguard(Tori),Ridgeguard(Tori),Local,28/03/2026,4500,5000,4750
"Tamil Nadu",Coimbatore,"Pollachi(Uzhavar Sandhai ) APMC","Chow Chow","Chow Chow",Local,28/03/2026,2500,3000,2750
"Tamil Nadu",Coimbatore,"Pollachi(Uzhavar Sandhai ) APMC","Tender Coconut","Tender Coconut",Local,28/03/2026,3500,4000,3750
"Tamil Nadu",Coimbatore,"Pollachi(Uzhavar Sandhai ) APMC","Elephant Yam(Suran)/Amorphophallus","Elephant Yam (Suran)",Local,28/03/2026,3500,4000,3750
"Tamil Nadu",Coimbatore,"Pollachi(Uzhavar Sandhai ) APMC",Yam(Ratalu),"Yam (Ratalu)",Local,28/03/2026,5000,6000,5500
"Tamil Nadu",Coimbatore,"Pollachi(Uzhavar Sandhai ) APMC","Amla(Nelli Kai)",Amla,Local,28/03/2026,7000,8000,7500
"Uttar Pradesh",Shahjahanpur,"Jalalabad APMC",Cauliflower,Cauliflower,Local,28/03/2026,700,800,750
"Uttar Pradesh",Shamli,"Kairana APMC",Ginger(Green),"Green Ginger",FAQ,28/03/2026,4100,4200,4150
"Tamil Nadu",Coimbatore,"Mettupalayam(Uzhavar Sandhai ) APMC",Onion,Bellary,Local,28/03/2026,2000,2500,2250
"Tamil Nadu",Coimbatore,"Mettupalayam(Uzhavar Sandhai ) APMC",Coriander(Leaves),"I Sort",Local,28/03/2026,4500,5000,4750
"Tamil Nadu",Coimbatore,"Mettupalayam(Uzhavar Sandhai ) APMC","Water Melon","Water Melon",Local,28/03/2026,2000,2400,2200
"Tamil Nadu",Coimbatore,"Mettupalayam(Uzhavar Sandhai ) APMC",Pumpkin,Pumpkin,Local,28/03/2026,1600,2000,1800
"Tamil Nadu",Coimbatore,"Mettupalayam(Uzhavar Sandhai ) APMC","Bhindi(Ladies Finger)",Bhindi,Local,28/03/2026,5500,6000,5750
"Tamil Nadu",Coimbatore,"Mettupalayam(Uzhavar Sandhai ) APMC","Green Chilli","Green Chilly",Local,28/03/2026,3000,3500,3250
"Tamil Nadu",Coimbatore,"Mettupalayam(Uzhavar Sandhai ) APMC",Coconut,Coconut,Local,28/03/2026,5000,5400,5200
"Tamil Nadu",Coimbatore,"Mettupalayam(Uzhavar Sandhai ) APMC",Cucumbar(Kheera),Cucumbar,Local,28/03/2026,3500,4200,3850
"Tamil Nadu",Coimbatore,"Mettupalayam(Uzhavar Sandhai ) APMC","Tender Coconut","Tender Coconut",Local,28/03/2026,4000,4500,4250
"Tamil Nadu",Coimbatore,"Mettupalayam(Uzhavar Sandhai ) APMC","Sweet Corn ","Sweet Corn ",Local,28/03/2026,4000,4500,4250
"Uttar Pradesh","Khiri (Lakhimpur)","Maigalganj APMC",Wheat,Dara,FAQ,28/03/2026,2500,2585,2550
"Uttar Pradesh","Sant Kabir Nagar","Khalilabad APMC",Potato,Potato,Medium,28/03/2026,1000,1000,1000
"Uttar Pradesh","Sant Kabir Nagar","Khalilabad APMC","Green Chilli","Green Chilly",Medium,28/03/2026,3500,3500,3500
"Uttar Pradesh",Saharanpur,"Rampurmaniharan APMC","Bottle gourd","Bottle Gourd","Grade C",28/03/2026,1200,1200,1200
"Uttar Pradesh","Jalaun (Orai)","Ait APMC",Wheat,"147 Average",FAQ,28/03/2026,2251,2251,2251
Telangana,Mahbubnagar,"Mahabubnagar(Rythu Bazar) APMC",Cabbage,Cabbage,Local,28/03/2026,2000,2000,2000
"Uttar Pradesh",Bareilly,"Anwala APMC",Potato,Potato,FAQ,28/03/2026,700,700,700
"Uttar Pradesh",Bareilly,"Anwala APMC","Pea Pod/Pea Cod/हरी मटर","Peas cod",FAQ,28/03/2026,1500,1500,1500
"Uttar Pradesh","Siddharth Nagar","Naugarh APMC",Apple,Delicious,"Grade A",28/03/2026,8560,8560,8560
"Uttar Pradesh","Siddharth Nagar","Naugarh APMC","Mousambi(Sweet Lime)",Mousambi,"Grade A",28/03/2026,3480,3480,3480
Odisha,Bargarh,"Bargarh(Barapalli) APMC",Cabbage,Cabbage,Local,28/03/2026,1500,1900,1700
Odisha,Bargarh,"Bargarh(Barapalli) APMC",Cauliflower,Cauliflower,Medium,28/03/2026,4100,4500,4300
"Uttar Pradesh",Agra,"Khairagarh APMC",Potato,Desi,FAQ,28/03/2026,500,600,550
"Tamil Nadu",Karur,"Karur(Uzhavar Sandhai ) APMC",Mango,Safeda,Local,28/03/2026,12000,15000,13500
"Tamil Nadu",Karur,"Karur(Uzhavar Sandhai ) APMC",Onion,Bellary,Local,28/03/2026,2500,3000,2750
"Tamil Nadu",Karur,"Karur(Uzhavar Sandhai ) APMC",Cauliflower,Ranchi,Local,28/03/2026,3500,4000,3750
"Tamil Nadu",Karur,"Karur(Uzhavar Sandhai ) APMC","Water Melon","Water Melon",Local,28/03/2026,1500,2000,1750
"Tamil Nadu",Karur,"Karur(Uzhavar Sandhai ) APMC","Bhindi(Ladies Finger)",Bhindi,Local,28/03/2026,5500,6000,5750
"Tamil Nadu",Karur,"Karur(Uzhavar Sandhai ) APMC",Tapioca,Tapioca,Local,28/03/2026,2500,3000,2750
"Tamil Nadu",Karur,"Karur(Uzhavar Sandhai ) APMC",Yam(Ratalu),"Yam (Ratalu)",Local,28/03/2026,5000,6000,5500
"Tamil Nadu",Karur,"Karur(Uzhavar Sandhai ) APMC","Onion Green","Onion Green",Local,28/03/2026,3000,3500,3250
Tripura,Unokoti,Machmara,Tomato,Local,FAQ,28/03/2026,2400,2600,2500
"Tamil Nadu",Coimbatore,"Kurichi(Uzhavar Sandhai ) APMC",Brinjal,Other,Local,28/03/2026,3000,3500,3250
"Tamil Nadu",Coimbatore,"Kurichi(Uzhavar Sandhai ) APMC",Chikoos(Sapota),Sapota,Local,28/03/2026,4000,4500,4250
"Tamil Nadu",Coimbatore,"Kurichi(Uzhavar Sandhai ) APMC","Green Chilli","Green Chilly",Local,28/03/2026,4000,4500,4250
"Tamil Nadu",Coimbatore,"Kurichi(Uzhavar Sandhai ) APMC",Coconut,Coconut,Local,28/03/2026,5000,5500,5250
"Tamil Nadu",Coimbatore,"Kurichi(Uzhavar Sandhai ) APMC",Ridgeguard(Tori),Ridgeguard(Tori),Local,28/03/2026,4000,4500,4250
"Tamil Nadu",Cuddalore,"Cuddalore(Uzhavar Sandhai ) APMC",Onion,Bellary,Local,28/03/2026,2500,3000,2750
"Tamil Nadu",Cuddalore,"Cuddalore(Uzhavar Sandhai ) APMC",Potato,"Red Nanital",Local,28/03/2026,3500,4000,3750
"Tamil Nadu",Cuddalore,"Cuddalore(Uzhavar Sandhai ) APMC",Cauliflower,Ranchi,Local,28/03/2026,2500,3000,2750
"Tamil Nadu",Cuddalore,"Cuddalore(Uzhavar Sandhai ) APMC",Pumpkin,Pumpkin,Local,28/03/2026,2000,2000,2000
"Tamil Nadu",Cuddalore,"Cuddalore(Uzhavar Sandhai ) APMC",Coconut,Coconut,Local,28/03/2026,5000,7000,6000
"Tamil Nadu",Cuddalore,"Cuddalore(Uzhavar Sandhai ) APMC",Ridgeguard(Tori),Ridgeguard(Tori),Local,28/03/2026,6000,7000,6500
"Tamil Nadu",Cuddalore,"Cuddalore(Uzhavar Sandhai ) APMC","Chow Chow","Chow Chow",Local,28/03/2026,3000,3000,3000
"Tamil Nadu",Cuddalore,"Cuddalore(Uzhavar Sandhai ) APMC",Drumstick,Drumstick,Local,28/03/2026,5000,5000,5000
"Tamil Nadu",Cuddalore,"Viruthachalam(Uzhavar Sandhai ) APMC",Coriander(Leaves),"I Sort",Local,28/03/2026,4000,4000,4000
"Tamil Nadu",Cuddalore,"Viruthachalam(Uzhavar Sandhai ) APMC","Bitter gourd","Bitter Gourd",Local,28/03/2026,4000,4000,4000
"Tamil Nadu",Cuddalore,"Viruthachalam(Uzhavar Sandhai ) APMC","Banana - Green","Banana - Green",Local,28/03/2026,2500,2500,2500
"Tamil Nadu",Cuddalore,"Viruthachalam(Uzhavar Sandhai ) APMC",Ridgeguard(Tori),Ridgeguard(Tori),Local,28/03/2026,4000,4000,4000
"Tamil Nadu",Cuddalore,"Viruthachalam(Uzhavar Sandhai ) APMC",Raddish,Raddish,Local,28/03/2026,2000,2500,2250
"Tamil Nadu",Cuddalore,"Vadalur(Uzhavar Sandhai ) APMC",Apple,American,Local,28/03/2026,20000,20000,20000
"Tamil Nadu",Cuddalore,"Vadalur(Uzhavar Sandhai ) APMC","Mousambi(Sweet Lime)",Mousambi,Local,28/03/2026,6000,6000,6000
"Tamil Nadu",Cuddalore,"Vadalur(Uzhavar Sandhai ) APMC",Pumpkin,Pumpkin,Local,28/03/2026,2000,2000,2000
"Tamil Nadu",Cuddalore,"Vadalur(Uzhavar Sandhai ) APMC",Amaranthus,Amaranthus,Local,28/03/2026,2500,3000,2750
"Tamil Nadu",Cuddalore,"Vadalur(Uzhavar Sandhai ) APMC","Green Chilli","Green Chilly",Local,28/03/2026,4000,4000,4000
"Tamil Nadu",Cuddalore,"Vadalur(Uzhavar Sandhai ) APMC","Banana - Green","Banana - Green",Local,28/03/2026,3000,3000,3000
"Tamil Nadu",Cuddalore,"Vadalur(Uzhavar Sandhai ) APMC",Beans,"Beans (Whole)",Local,28/03/2026,6000,6000,6000
"Tamil Nadu",Cuddalore,"Vadalur(Uzhavar Sandhai ) APMC",Ginger(Green),"Green Ginger",Local,28/03/2026,7000,7000,7000
"Tamil Nadu",Cuddalore,"Vadalur(Uzhavar Sandhai ) APMC","Sweet Potato","Hosur Red",Local,28/03/2026,3000,3000,3000
"Tamil Nadu",Cuddalore,"Vadalur(Uzhavar Sandhai ) APMC",Drumstick,Drumstick,Local,28/03/2026,4000,4000,4000
"Tamil Nadu",Cuddalore,"Vadalur(Uzhavar Sandhai ) APMC",Yam(Ratalu),"Yam (Ratalu)",Local,28/03/2026,5000,5000,5000
"Tamil Nadu",Cuddalore,"Vadalur(Uzhavar Sandhai ) APMC","Onion Green","Onion Green",Local,28/03/2026,3000,3500,3250
"Tamil Nadu",Dharmapuri,"Dharmapuri(Uzhavar Sandhai ) APMC",Potato,"Red Nanital",Local,28/03/2026,2600,2800,2700
"Tamil Nadu",Dharmapuri,"Dharmapuri(Uzhavar Sandhai ) APMC","Green Peas","Green Peas",Local,28/03/2026,10600,11000,10800
"Tamil Nadu",Dharmapuri,"Dharmapuri(Uzhavar Sandhai ) APMC",Cabbage,Cabbage,Local,28/03/2026,2600,2800,2700
"Tamil Nadu",Dharmapuri,"Dharmapuri(Uzhavar Sandhai ) APMC",Beetroot,Beetroot,Local,28/03/2026,3800,4000,3900
"Tamil Nadu",Dharmapuri,"Dharmapuri(Uzhavar Sandhai ) APMC",Capsicum,Capsicum,Local,28/03/2026,5600,6000,5800
"Tamil Nadu",Dharmapuri,"Dharmapuri(Uzhavar Sandhai ) APMC",Colacasia,Colacasia,Local,28/03/2026,6200,6400,6300
"Tamil Nadu",Dharmapuri,"Pennagaram(Uzhavar Sandhai ) APMC",Onion,Bellary,Local,28/03/2026,2800,3000,2900
"Tamil Nadu",Dharmapuri,"Pennagaram(Uzhavar Sandhai ) APMC",Brinjal,Round,Local,28/03/2026,2300,2500,2400
"Tamil Nadu",Dharmapuri,"Pennagaram(Uzhavar Sandhai ) APMC",Coriander(Leaves),"I Sort",Local,28/03/2026,4800,5000,4900
"Tamil Nadu",Dharmapuri,"Pennagaram(Uzhavar Sandhai ) APMC","Bottle gourd","Bottle Gourd",Local,28/03/2026,2300,2500,2400
"Tamil Nadu",Dharmapuri,"Pennagaram(Uzhavar Sandhai ) APMC",Tapioca,Tapioca,Local,28/03/2026,2800,3000,2900
"Tamil Nadu",Dharmapuri,"Pennagaram(Uzhavar Sandhai ) APMC",Ginger(Green),"Green Ginger",Local,28/03/2026,8800,9000,8900
"Tamil Nadu",Dharmapuri,"Pennagaram(Uzhavar Sandhai ) APMC","Sweet Potato","Hosur Red",Local,28/03/2026,2800,3000,2900
"Tamil Nadu",Dharmapuri,"Pennagaram(Uzhavar Sandhai ) APMC",Beetroot,Beetroot,Local,28/03/2026,3300,3500,3400
"Tamil Nadu",Dharmapuri,"Pennagaram(Uzhavar Sandhai ) APMC",Cucumbar(Kheera),Cucumbar,Local,28/03/2026,2800,3000,2900
"Tamil Nadu",Dharmapuri,"Pennagaram(Uzhavar Sandhai ) APMC",Ridgeguard(Tori),Ridgeguard(Tori),Local,28/03/2026,3800,4000,3900
"Tamil Nadu",Dharmapuri,"Palacode(Uzhavar Sandhai ) APMC",Onion,Bellary,Local,28/03/2026,2200,2500,2350
"Tamil Nadu",Dharmapuri,"Palacode(Uzhavar Sandhai ) APMC","Green Peas","Green Peas",Local,28/03/2026,7500,8000,7750
"Tamil Nadu",Dharmapuri,"Palacode(Uzhavar Sandhai ) APMC","Bitter gourd",Other,Local,28/03/2026,3000,3200,3100
"Tamil Nadu",Dharmapuri,"Palacode(Uzhavar Sandhai ) APMC","Bottle gourd","Bottle Gourd",Local,28/03/2026,1200,1500,1350
"Tamil Nadu",Dharmapuri,"Palacode(Uzhavar Sandhai ) APMC",Pumpkin,Pumpkin,Local,28/03/2026,1400,1600,1500
"Tamil Nadu",Dharmapuri,"Palacode(Uzhavar Sandhai ) APMC","Bhindi(Ladies Finger)",Bhindi,Local,28/03/2026,3800,4000,3900
"Tamil Nadu",Dharmapuri,"Palacode(Uzhavar Sandhai ) APMC",Amaranthus,Amaranthus,Local,28/03/2026,2500,3000,2750
"Tamil Nadu",Dharmapuri,"Palacode(Uzhavar Sandhai ) APMC","Green Chilli","Green Chilly",Local,28/03/2026,4000,4200,4100
"Tamil Nadu",Dharmapuri,"Palacode(Uzhavar Sandhai ) APMC",Cowpea(Veg),"Cowpea (Veg)",Local,28/03/2026,5500,6000,5750
"Tamil Nadu",Dharmapuri,"Palacode(Uzhavar Sandhai ) APMC","Sweet Potato","Hosur Red",Local,28/03/2026,1600,2000,1800
"Tamil Nadu",Dharmapuri,"Palacode(Uzhavar Sandhai ) APMC",Carrot,Pusakesar,Local,28/03/2026,2800,3000,2900
"Tamil Nadu",Dharmapuri,"Palacode(Uzhavar Sandhai ) APMC",Mango(Raw-Ripe),"Mango - Raw-Ripe",Local,28/03/2026,6000,6500,6250
"Tamil Nadu",Dharmapuri,"Palacode(Uzhavar Sandhai ) APMC","Sweet Corn ","Sweet Corn ",Local,28/03/2026,2800,3000,2900
"Tamil Nadu",Dharmapuri,"AJattihalli(Uzhavar Sandhai ) APMC",Potato,Other,Local,28/03/2026,2500,2800,2650
"Tamil Nadu",Dharmapuri,"AJattihalli(Uzhavar Sandhai ) APMC",Coriander(Leaves),"I Sort",Local,28/03/2026,5000,6000,5500
"Tamil Nadu",Dharmapuri,"AJattihalli(Uzhavar Sandhai ) APMC",Chikoos(Sapota),Sapota,Local,28/03/2026,3000,3000,3000
"Tamil Nadu",Dharmapuri,"AJattihalli(Uzhavar Sandhai ) APMC",Pumpkin,Pumpkin,Local,28/03/2026,1200,1200,1200
"Tamil Nadu",Dharmapuri,"AJattihalli(Uzhavar Sandhai ) APMC","Green Chilli","Green Chilly",Local,28/03/2026,3400,3600,3500
"Tamil Nadu",Dharmapuri,"AJattihalli(Uzhavar Sandhai ) APMC",Ginger(Green),"Green Ginger",Local,28/03/2026,8000,8600,8300
"Tamil Nadu",Dharmapuri,"AJattihalli(Uzhavar Sandhai ) APMC","Chow Chow","Chow Chow",Local,28/03/2026,3200,3200,3200
"Tamil Nadu",Dharmapuri,"AJattihalli(Uzhavar Sandhai ) APMC",Drumstick,Drumstick,Local,28/03/2026,4000,5000,4500
"Tamil Nadu",Dharmapuri,"AJattihalli(Uzhavar Sandhai ) APMC","Elephant Yam(Suran)/Amorphophallus","Elephant Yam (Suran)",Local,28/03/2026,4000,4000,4000
"Tamil Nadu",Erode,"Periyar Nagar(Uzhavar Sandhai ) APMC",Coriander(Leaves),"I Sort",Local,28/03/2026,3600,4000,3800
"Tamil Nadu",Erode,"Periyar Nagar(Uzhavar Sandhai ) APMC",Papaya,Papaya,Local,28/03/2026,2200,2600,2400
"Tamil Nadu",Erode,"Periyar Nagar(Uzhavar Sandhai ) APMC",Tomato,Other,Local,28/03/2026,1200,1500,1350
"Tamil Nadu",Erode,"Periyar Nagar(Uzhavar Sandhai ) APMC","Bottle gourd","Bottle Gourd",Local,28/03/2026,1200,1500,1350
"Tamil Nadu",Erode,"Periyar Nagar(Uzhavar Sandhai ) APMC","Banana - Green","Banana - Green",Local,28/03/2026,3000,3500,3250
"Tamil Nadu",Erode,"Periyar Nagar(Uzhavar Sandhai ) APMC",Drumstick,Drumstick,Local,28/03/2026,2600,3000,2800
"Tamil Nadu",Erode,"Periyar Nagar(Uzhavar Sandhai ) APMC",Guava,"Guava Allahabad",Local,28/03/2026,5000,5500,5250
"Tamil Nadu",Erode,"Perundurai(Uzhavar Sandhai ) APMC",Potato,Other,Local,28/03/2026,2600,3000,2800
"Tamil Nadu",Erode,"Perundurai(Uzhavar Sandhai ) APMC","Bottle gourd","Bottle Gourd",Local,28/03/2026,800,1000,900
"Tamil Nadu",Erode,"Perundurai(Uzhavar Sandhai ) APMC",Ashgourd,Gouard,Local,28/03/2026,1800,2000,1900
"Tamil Nadu",Erode,"Perundurai(Uzhavar Sandhai ) APMC",Pumpkin,Pumpkin,Local,28/03/2026,1800,2000,1900
"Tamil Nadu",Erode,"Perundurai(Uzhavar Sandhai ) APMC","Banana - Green","Banana - Green",Local,28/03/2026,3000,3500,3250
"Tamil Nadu",Erode,"Perundurai(Uzhavar Sandhai ) APMC",Ginger(Green),"Green Ginger",Local,28/03/2026,6500,7000,6750
"Tamil Nadu",Erode,"Perundurai(Uzhavar Sandhai ) APMC",Cabbage,Cabbage,Local,28/03/2026,1200,1400,1300
"Tamil Nadu",Erode,"Perundurai(Uzhavar Sandhai ) APMC",Raddish,Raddish,Local,28/03/2026,2000,2400,2200
"Tamil Nadu",Erode,"Thalavadi(Uzhavar Sandhai ) APMC",Cauliflower,Ranchi,Local,28/03/2026,2400,2800,2600
"Tamil Nadu",Erode,"Thalavadi(Uzhavar Sandhai ) APMC","Bitter gourd",Other,Local,28/03/2026,2800,3200,3000
"Tamil Nadu",Erode,"Thalavadi(Uzhavar Sandhai ) APMC","Bhindi(Ladies Finger)",Bhindi,Local,28/03/2026,4500,5000,4750
"Tamil Nadu",Erode,"Thalavadi(Uzhavar Sandhai ) APMC",Cabbage,Cabbage,Local,28/03/2026,1000,1200,1100
"Tamil Nadu",Erode,"Thalavadi(Uzhavar Sandhai ) APMC","Green Avare(W)",Other,Local,28/03/2026,3800,4400,4100
"Tamil Nadu",Karur,"Kulithalai(Uzhavar Sandhai ) APMC",Banana,Other,Local,28/03/2026,5500,6000,5750
"Tamil Nadu",Karur,"Kulithalai(Uzhavar Sandhai ) APMC",Tomato,Deshi,Local,28/03/2026,1500,1800,1650
"Tamil Nadu",Karur,"Kulithalai(Uzhavar Sandhai ) APMC","Cluster beans","Cluster Beans",Local,28/03/2026,3600,4000,3800
"Tamil Nadu",Karur,"Kulithalai(Uzhavar Sandhai ) APMC","Bitter gourd",Other,Local,28/03/2026,3000,3600,3300
"Tamil Nadu",Karur,"Kulithalai(Uzhavar Sandhai ) APMC","Green Avare(W)",Other,Local,28/03/2026,6000,8000,7000
"Tamil Nadu",Karur,"Kulithalai(Uzhavar Sandhai ) APMC","Chow Chow","Chow Chow",Local,28/03/2026,2800,3000,2900
"Tamil Nadu",Karur,"Kulithalai(Uzhavar Sandhai ) APMC",Yam(Ratalu),"Yam (Ratalu)",Local,28/03/2026,5000,6000,5500
"Tamil Nadu",Karur,"Kulithalai(Uzhavar Sandhai ) APMC","Amla(Nelli Kai)",Amla,Local,28/03/2026,7500,8000,7750
"Tamil Nadu",Karur,"Velayuthampalayam(Uzhavar Sandhai ) APMC",Banana,Karpura,Local,28/03/2026,4200,5000,4600
"Tamil Nadu",Karur,"Velayuthampalayam(Uzhavar Sandhai ) APMC",Brinjal,Other,Local,28/03/2026,2400,3000,2700
"Tamil Nadu",Karur,"Velayuthampalayam(Uzhavar Sandhai ) APMC","Bitter gourd","Bitter Gourd",Local,28/03/2026,3200,4000,3600
"Tamil Nadu",Karur,"Velayuthampalayam(Uzhavar Sandhai ) APMC","Banana - Green","Banana - Green",Local,28/03/2026,3200,4000,3600
"Tamil Nadu",Karur,"Velayuthampalayam(Uzhavar Sandhai ) APMC",Beetroot,Beetroot,Local,28/03/2026,4000,5000,4500
"Tamil Nadu",Karur,"Velayuthampalayam(Uzhavar Sandhai ) APMC",Mint(Pudina),Mint(Pudina),Local,28/03/2026,3200,4000,3600
"Tamil Nadu",Karur,"Pallapatti (Uzhavar Sandhai ) APMC","Water Melon","Water Melon",Local,28/03/2026,1500,2000,1750
"Tamil Nadu",Karur,"Pallapatti (Uzhavar Sandhai ) APMC","Green Chilli","Green Chilly",Local,28/03/2026,4500,5000,4750
"Tamil Nadu",Karur,"Pallapatti (Uzhavar Sandhai ) APMC",Coconut,Coconut,Local,28/03/2026,5000,5500,5250
"Tamil Nadu",Karur,"Pallapatti (Uzhavar Sandhai ) APMC",Ridgeguard(Tori),Ridgeguard(Tori),Local,28/03/2026,3600,4000,3800
"Tamil Nadu",Karur,"Pallapatti (Uzhavar Sandhai ) APMC","Green Avare(W)",Other,Local,28/03/2026,7000,8000,7500
"Tamil Nadu",Karur,"Pallapatti (Uzhavar Sandhai ) APMC",Mango(Raw-Ripe),"Mango - Raw-Ripe",Local,28/03/2026,5000,6000,5500
"Tamil Nadu",Karur,"Pallapatti (Uzhavar Sandhai ) APMC",Lime,Lime,Local,28/03/2026,3500,4000,3750
"Tamil Nadu",Karur,"Vengamedu(Uzhavar Sandhai ) APMC",Tomato,Deshi,Local,28/03/2026,1300,1800,1550
"Tamil Nadu",Karur,"Vengamedu(Uzhavar Sandhai ) APMC","Cluster beans","Cluster Beans",Local,28/03/2026,3500,4000,3750
"Tamil Nadu",Karur,"Vengamedu(Uzhavar Sandhai ) APMC","Bottle gourd","Bottle Gourd",Local,28/03/2026,500,1000,750
"Tamil Nadu",Karur,"Vengamedu(Uzhavar Sandhai ) APMC",Ridgeguard(Tori),Ridgeguard(Tori),Local,28/03/2026,3500,4000,3750
"Tamil Nadu",Karur,"Vengamedu(Uzhavar Sandhai ) APMC","Elephant Yam(Suran)/Amorphophallus","Elephant Yam (Suran)",Local,28/03/2026,3500,4000,3750
"Tamil Nadu",Krishnagiri,"Hosur(Uzhavar Sandhai ) APMC",Groundnut,"Big (With Shell)",Local,28/03/2026,7000,8000,7500
"Tamil Nadu",Krishnagiri,"Hosur(Uzhavar Sandhai ) APMC",Apple,American,Local,28/03/2026,22000,24000,23000
"Tamil Nadu",Krishnagiri,"Hosur(Uzhavar Sandhai ) APMC","Cluster beans","Cluster Beans",Local,28/03/2026,4500,5000,4750
"Tamil Nadu",Krishnagiri,"Hosur(Uzhavar Sandhai ) APMC",Tapioca,Tapioca,Local,28/03/2026,4500,5000,4750
"Tamil Nadu",Krishnagiri,"Hosur(Uzhavar Sandhai ) APMC",Cucumbar(Kheera),Cucumbar,Local,28/03/2026,2000,2500,2250
"Tamil Nadu",Krishnagiri,"Hosur(Uzhavar Sandhai ) APMC",Drumstick,Drumstick,Local,28/03/2026,3000,3500,3250
"Tamil Nadu",Krishnagiri,"Hosur(Uzhavar Sandhai ) APMC","Tamarind Fruit","Tamarind Fruit",Local,28/03/2026,13000,15000,14000
"Tamil Nadu",Krishnagiri,"Hosur(Uzhavar Sandhai ) APMC",Lemon,Lemon,Local,28/03/2026,11000,12000,11500
"Tamil Nadu",Krishnagiri,"Hosur(Uzhavar Sandhai ) APMC","Amla(Nelli Kai)",Amla,Local,28/03/2026,7000,8000,7500
"Tamil Nadu",Krishnagiri,"Krishnagiri(Uzhavar Sandhai ) APMC","Banana - Green","Banana - Green",Local,28/03/2026,2500,3000,2750
"Tamil Nadu",Krishnagiri,"Denkanikottai(Uzhavar Sandhai ) APMC",Banana,"Elakki Bale",Local,28/03/2026,4500,5000,4750
"Tamil Nadu",Krishnagiri,"Denkanikottai(Uzhavar Sandhai ) APMC",Cauliflower,Ranchi,Local,28/03/2026,2000,2500,2250
"Tamil Nadu",Krishnagiri,"Denkanikottai(Uzhavar Sandhai ) APMC",Coriander(Leaves),"I Sort",Local,28/03/2026,3500,4000,3750
"Tamil Nadu",Krishnagiri,"Denkanikottai(Uzhavar Sandhai ) APMC","Green Chilli","Green Chilly",Local,28/03/2026,5000,6000,5500
"Tamil Nadu",Krishnagiri,"Denkanikottai(Uzhavar Sandhai ) APMC",Beans,"Beans (Whole)",Local,28/03/2026,6000,7000,6500
"Tamil Nadu",Krishnagiri,"Denkanikottai(Uzhavar Sandhai ) APMC","Sweet Potato","Hosur Red",Local,28/03/2026,3500,4000,3750
"Tamil Nadu",Krishnagiri,"Denkanikottai(Uzhavar Sandhai ) APMC",Raddish,Raddish,Local,28/03/2026,2000,2500,2250
"Tamil Nadu",Krishnagiri,"Denkanikottai(Uzhavar Sandhai ) APMC","Chow Chow","Chow Chow",Local,28/03/2026,1000,1500,1250
"Tamil Nadu",Krishnagiri,"Denkanikottai(Uzhavar Sandhai ) APMC",Mint(Pudina),Mint(Pudina),Local,28/03/2026,2500,3000,2750
"Tamil Nadu",Madurai,"Anna nagar(Uzhavar Sandhai ) APMC",Onion,Bellary,Local,28/03/2026,2600,3000,2800
"Tamil Nadu",Madurai,"Anna nagar(Uzhavar Sandhai ) APMC","Chili Red",Bold,Local,28/03/2026,20000,20000,20000
"Tamil Nadu",Madurai,"Anna nagar(Uzhavar Sandhai ) APMC",Tomato,Deshi,Local,28/03/2026,1600,1800,1700
"Tamil Nadu",Madurai,"Anna nagar(Uzhavar Sandhai ) APMC","Bottle gourd","Bottle Gourd",Local,28/03/2026,1500,2000,1750
"Tamil Nadu",Madurai,"Anna nagar(Uzhavar Sandhai ) APMC",Ashgourd,Gouard,Local,28/03/2026,1800,1800,1800
"Tamil Nadu",Madurai,"Anna nagar(Uzhavar Sandhai ) APMC",Beetroot,Beetroot,Local,28/03/2026,3000,4000,3500
"Tamil Nadu",Madurai,"Anna nagar(Uzhavar Sandhai ) APMC","Tube Rose(Loose)","Tube Rose (Loose)",Local,28/03/2026,4000,4000,4000
"Tamil Nadu",Madurai,"Chokkikulam(Uzhavar Sandhai ) APMC",Grapes,Annabesahai,Local,28/03/2026,15000,16000,15500
"Tamil Nadu",Madurai,"Chokkikulam(Uzhavar Sandhai ) APMC",Onion,Bellary,Local,28/03/2026,2600,2800,2700
"Tamil Nadu",Madurai,"Chokkikulam(Uzhavar Sandhai ) APMC",Cauliflower,Ranchi,Local,28/03/2026,2000,2500,2250
"Tamil Nadu",Madurai,"Chokkikulam(Uzhavar Sandhai ) APMC",Coriander(Leaves),"I Sort",Local,28/03/2026,3600,4000,3800
"Tamil Nadu",Madurai,"Chokkikulam(Uzhavar Sandhai ) APMC",Tomato,Deshi,Local,28/03/2026,1800,2000,1900
"Tamil Nadu",Madurai,"Chokkikulam(Uzhavar Sandhai ) APMC","Bitter gourd","Bitter Gourd",Local,28/03/2026,3400,3600,3500
"Tamil Nadu",Madurai,"Chokkikulam(Uzhavar Sandhai ) APMC",Pumpkin,Pumpkin,Local,28/03/2026,1500,1800,1650
"Tamil Nadu",Madurai,"Chokkikulam(Uzhavar Sandhai ) APMC",Beetroot,Beetroot,Local,28/03/2026,3200,3600,3400
"Tamil Nadu",Madurai,"Chokkikulam(Uzhavar Sandhai ) APMC",Cucumbar(Kheera),Cucumbar,Local,28/03/2026,3000,4000,3500
"Tamil Nadu",Madurai,"Palanganatham(Uzhavar Sandhai ) APMC",Grapes,Annabesahai,Local,28/03/2026,10000,12000,11000
"Tamil Nadu",Madurai,"Palanganatham(Uzhavar Sandhai ) APMC",Potato,Other,Local,28/03/2026,2600,3000,2800
"Tamil Nadu",Madurai,"Palanganatham(Uzhavar Sandhai ) APMC",Papaya,Papaya,Local,28/03/2026,3600,4000,3800
"Tamil Nadu",Madurai,"Palanganatham(Uzhavar Sandhai ) APMC","Cluster beans","Cluster Beans",Local,28/03/2026,3000,4000,3500
"Tamil Nadu",Madurai,"Palanganatham(Uzhavar Sandhai ) APMC",Coconut,Coconut,Local,28/03/2026,5400,5800,5600
"Tamil Nadu",Madurai,"Palanganatham(Uzhavar Sandhai ) APMC","Chow Chow","Chow Chow",Local,28/03/2026,2400,2600,2500
"Tamil Nadu",Madurai,"Palanganatham(Uzhavar Sandhai ) APMC",Guava,"Guava Allahabad",Local,28/03/2026,7000,8000,7500
"Tamil Nadu",Madurai,"Palanganatham(Uzhavar Sandhai ) APMC",Yam(Ratalu),"Yam (Ratalu)",Local,28/03/2026,5000,6000,5500
"Tamil Nadu",Madurai,"Palanganatham(Uzhavar Sandhai ) APMC","Amla(Nelli Kai)",Amla,Local,28/03/2026,5000,6500,5750
"Tamil Nadu",Madurai,"Usilampatti(Uzhavar Sandhai ) APMC",Onion,Bellary,Local,28/03/2026,2000,2800,2400
"Tamil Nadu",Madurai,"Usilampatti(Uzhavar Sandhai ) APMC",Brinjal,Round,Local,28/03/2026,3000,3500,3250
"Tamil Nadu",Madurai,"Usilampatti(Uzhavar Sandhai ) APMC",Tomato,Deshi,Local,28/03/2026,1500,1800,1650
"Tamil Nadu",Madurai,"Usilampatti(Uzhavar Sandhai ) APMC",Amaranthus,Amaranthus,Local,28/03/2026,3000,3600,3300
"Tamil Nadu",Madurai,"Usilampatti(Uzhavar Sandhai ) APMC",Coconut,Coconut,Local,28/03/2026,5400,5800,5600
"Tamil Nadu",Madurai,"Usilampatti(Uzhavar Sandhai ) APMC",Snakeguard,Snakeguard,Local,28/03/2026,3000,3600,3300
"Tamil Nadu",Madurai,"Usilampatti(Uzhavar Sandhai ) APMC",Ridgeguard(Tori),Ridgeguard(Tori),Local,28/03/2026,4000,4500,4250
"Tamil Nadu",Madurai,"Usilampatti(Uzhavar Sandhai ) APMC","Green Avare(W)","Green Avare (W)",Local,28/03/2026,7000,8500,7750
"Tamil Nadu",Madurai,"Usilampatti(Uzhavar Sandhai ) APMC",Mint(Pudina),Mint(Pudina),Local,28/03/2026,2000,2500,2250
"Tamil Nadu",Madurai,"Thirumangalam(Uzhavar Sandhai ) APMC",Onion,Bellary,Local,28/03/2026,2600,2800,2700
"Tamil Nadu",Madurai,"Thirumangalam(Uzhavar Sandhai ) APMC","Bhindi(Ladies Finger)",Bhindi,Local,28/03/2026,6000,6500,6250
"Tamil Nadu",Madurai,"Thirumangalam(Uzhavar Sandhai ) APMC",Amaranthus,Amaranthus,Local,28/03/2026,3000,3600,3300
"Tamil Nadu",Madurai,"Thirumangalam(Uzhavar Sandhai ) APMC","Green Chilli","Green Chilly",Local,28/03/2026,3000,3600,3300
"Tamil Nadu",Madurai,"Thirumangalam(Uzhavar Sandhai ) APMC",Ridgeguard(Tori),Ridgeguard(Tori),Local,28/03/2026,4000,4500,4250
"Tamil Nadu",Madurai,"Thirumangalam(Uzhavar Sandhai ) APMC",Raddish,Raddish,Local,28/03/2026,2000,2500,2250
"Tamil Nadu",Madurai,"Melur(Uzhavar Sandhai ) APMC",Groundnut,"Big (With Shell)",Local,28/03/2026,6000,7000,6500
"Tamil Nadu",Madurai,"Melur(Uzhavar Sandhai ) APMC",Banana,Besrai,Local,28/03/2026,3000,4000,3500
"Tamil Nadu",Madurai,"Melur(Uzhavar Sandhai ) APMC","Green Chilli","Green Chilly",Local,28/03/2026,3000,3600,3300
"Tamil Nadu",Madurai,"Melur(Uzhavar Sandhai ) APMC",Cowpea(Veg),"Cowpea (Veg)",Local,28/03/2026,2500,3000,2750
"Tamil Nadu",Madurai,"Melur(Uzhavar Sandhai ) APMC",Tapioca,Tapioca,Local,28/03/2026,2500,3000,2750
"Tamil Nadu",Madurai,"Melur(Uzhavar Sandhai ) APMC",Coconut,Coconut,Local,28/03/2026,5400,5800,5600
"Tamil Nadu",Madurai,"Melur(Uzhavar Sandhai ) APMC","Sweet Potato","Hosur Red",Local,28/03/2026,3000,3600,3300
"Tamil Nadu",Madurai,"Melur(Uzhavar Sandhai ) APMC",Drumstick,Drumstick,Local,28/03/2026,3000,5000,4000
"Tamil Nadu",Madurai,"Melur(Uzhavar Sandhai ) APMC",Mango(Raw-Ripe),"Mango - Raw-Ripe",Local,28/03/2026,2500,3000,2750
"Tamil Nadu",Madurai,"Anaiyur(Uzhavar Sandhai ) APMC",Apple,American,Local,28/03/2026,20000,23000,21500
"Tamil Nadu",Madurai,"Anaiyur(Uzhavar Sandhai ) APMC",Pineapple,"Pine Apple",Local,28/03/2026,6000,7000,6500
"Tamil Nadu",Madurai,"Anaiyur(Uzhavar Sandhai ) APMC",Onion,Bellary,Local,28/03/2026,2600,2800,2700
"Tamil Nadu",Madurai,"Anaiyur(Uzhavar Sandhai ) APMC",Garlic,Garlic,Local,28/03/2026,11000,20000,15500
"Tamil Nadu",Madurai,"Anaiyur(Uzhavar Sandhai ) APMC",Cauliflower,Ranchi,Local,28/03/2026,2000,2500,2250
"Tamil Nadu",Madurai,"Anaiyur(Uzhavar Sandhai ) APMC","Mousambi(Sweet Lime)",Mousambi,Local,28/03/2026,7000,8000,7500
"Tamil Nadu",Madurai,"Anaiyur(Uzhavar Sandhai ) APMC","Bottle gourd","Bottle Gourd",Local,28/03/2026,1800,2000,1900
"Tamil Nadu",Madurai,"Anaiyur(Uzhavar Sandhai ) APMC",Beetroot,Beetroot,Local,28/03/2026,2600,3600,3100
"Tamil Nadu",Madurai,"Anaiyur(Uzhavar Sandhai ) APMC","Chow Chow","Chow Chow",Local,28/03/2026,2400,2600,2500
"Tamil Nadu",Madurai,"Anaiyur(Uzhavar Sandhai ) APMC",Pomegranate,Pomogranate,Local,28/03/2026,20000,23000,21500
"Tamil Nadu",Madurai,"Anaiyur(Uzhavar Sandhai ) APMC",Mashrooms,Mashrooms,Local,28/03/2026,22500,25000,23750
"Tamil Nadu",Madurai,"Anaiyur(Uzhavar Sandhai ) APMC","Amla(Nelli Kai)",Amla,Local,28/03/2026,6000,6500,6250
"Tamil Nadu",Madurai,"Anaiyur(Uzhavar Sandhai ) APMC",Mint(Pudina),Mint(Pudina),Local,28/03/2026,2000,2500,2250
"Tamil Nadu",Nagapattinam,"Sirkali(Uzhavar Sandhai ) APMC",Pumpkin,Pumpkin,Local,28/03/2026,2000,2200,2100
"Tamil Nadu",Nagapattinam,"Sirkali(Uzhavar Sandhai ) APMC","Bhindi(Ladies Finger)",Bhindi,Local,28/03/2026,4500,5000,4750
"Tamil Nadu",Nagapattinam,"Sirkali(Uzhavar Sandhai ) APMC",Beans,"Beans (Whole)",Local,28/03/2026,6500,7000,6750
"Tamil Nadu",Nagapattinam,"Sirkali(Uzhavar Sandhai ) APMC",Ginger(Green),"Green Ginger",Local,28/03/2026,7000,7000,7000
"Tamil Nadu",Nagapattinam,"Sirkali(Uzhavar Sandhai ) APMC","Sweet Potato","Hosur Red",Local,28/03/2026,5500,6000,5750
"Tamil Nadu",Nagapattinam,"Sirkali(Uzhavar Sandhai ) APMC",Snakeguard,Snakeguard,Local,28/03/2026,4500,5000,4750
"Tamil Nadu",Nagapattinam,"Sirkali(Uzhavar Sandhai ) APMC",Raddish,Raddish,Local,28/03/2026,3600,4000,3800
"Tamil Nadu",Nagapattinam,"Sirkali(Uzhavar Sandhai ) APMC","Chow Chow","Chow Chow",Local,28/03/2026,3000,3000,3000
"Tamil Nadu",Nagapattinam,"Sirkali(Uzhavar Sandhai ) APMC",Drumstick,Drumstick,Local,28/03/2026,5500,6000,5750
"Tamil Nadu",Nagapattinam,"Sirkali(Uzhavar Sandhai ) APMC",Lime,Lime,Local,28/03/2026,3500,4000,3750
"Tamil Nadu",Nagapattinam,"Sirkali(Uzhavar Sandhai ) APMC","Onion Green","Onion Green",Local,28/03/2026,5500,6000,5750
"Tamil Nadu",Namakkal,"Rasipuram(Uzhavar Sandhai ) APMC",Chikoos(Sapota),Sapota,Local,28/03/2026,3500,4000,3750
"Tamil Nadu",Namakkal,"Rasipuram(Uzhavar Sandhai ) APMC",Beans,"Beans (Whole)",Local,28/03/2026,6000,7000,6500
"Tamil Nadu",Namakkal,"Rasipuram(Uzhavar Sandhai ) APMC",Cucumbar(Kheera),Cucumbar,Local,28/03/2026,6000,7000,6500
"Tamil Nadu",Namakkal,"Rasipuram(Uzhavar Sandhai ) APMC","Chow Chow","Chow Chow",Local,28/03/2026,2000,2500,2250
"Tamil Nadu",Namakkal,"Rasipuram(Uzhavar Sandhai ) APMC",Guava,"Guava Allahabad",Local,28/03/2026,5000,6000,5500
"Tamil Nadu",Namakkal,"Kumarapalayam(Uzhavar Sandhai ) APMC",Banana,Besrai,Local,28/03/2026,3500,4000,3750
"Tamil Nadu",Namakkal,"Kumarapalayam(Uzhavar Sandhai ) APMC",Brinjal,Round,Local,28/03/2026,4500,5000,4750
"Tamil Nadu",Namakkal,"Kumarapalayam(Uzhavar Sandhai ) APMC","Cluster beans","Cluster Beans",Local,28/03/2026,4000,4500,4250
"Tamil Nadu",Namakkal,"Kumarapalayam(Uzhavar Sandhai ) APMC","Banana - Green","Banana - Green",Local,28/03/2026,2500,3000,2750
"Tamil Nadu",Namakkal,"Kumarapalayam(Uzhavar Sandhai ) APMC",Ridgeguard(Tori),Ridgeguard(Tori),Local,28/03/2026,5000,5400,5200
"Tamil Nadu",Namakkal,"Kumarapalayam(Uzhavar Sandhai ) APMC","Green Avare(W)","Green Avare (W)",Local,28/03/2026,6800,7200,7000
"Tamil Nadu",Namakkal,"Kumarapalayam(Uzhavar Sandhai ) APMC",Lime,Lime,Local,28/03/2026,3000,3500,3250
"Tamil Nadu",Namakkal,"Kumarapalayam(Uzhavar Sandhai ) APMC","Tender Coconut","Tender Coconut",Local,28/03/2026,3000,3500,3250
"Tamil Nadu",Namakkal,"Kumarapalayam(Uzhavar Sandhai ) APMC","Amla(Nelli Kai)",Amla,Local,28/03/2026,6000,7000,6500
"Tamil Nadu",Namakkal,"Mohanur(Uzhavar Sandhai ) APMC","Bottle gourd","Bottle Gourd",Local,28/03/2026,1200,1400,1300
"Tamil Nadu",Namakkal,"Mohanur(Uzhavar Sandhai ) APMC",Pumpkin,Pumpkin,Local,28/03/2026,1000,2000,1500
"Tamil Nadu",Namakkal,"Mohanur(Uzhavar Sandhai ) APMC",Amaranthus,Amaranthus,Local,28/03/2026,3400,5000,4200
"Tamil Nadu",Namakkal,"Mohanur(Uzhavar Sandhai ) APMC","Banana - Green","Banana - Green",Local,28/03/2026,2800,3200,3000
"Tamil Nadu",Namakkal,"Mohanur(Uzhavar Sandhai ) APMC",Carrot,Pusakesar,Local,28/03/2026,5000,6000,5500
"Tamil Nadu",Namakkal,"Mohanur(Uzhavar Sandhai ) APMC",Snakeguard,Snakeguard,Local,28/03/2026,4200,5200,4700
"Tamil Nadu",Namakkal,"Mohanur(Uzhavar Sandhai ) APMC",Beetroot,Beetroot,Local,28/03/2026,3600,5000,4300
"Tamil Nadu",Namakkal,"Mohanur(Uzhavar Sandhai ) APMC",Mango(Raw-Ripe),"Mango - Raw-Ripe",Local,28/03/2026,5400,6000,5700
"Tamil Nadu",Namakkal,"Mohanur(Uzhavar Sandhai ) APMC",Guava,"Guava Allahabad",Local,28/03/2026,5000,6000,5500
"Tamil Nadu",Namakkal,"Mohanur(Uzhavar Sandhai ) APMC","Tender Coconut","Tender Coconut",Local,28/03/2026,2400,3600,3000
"Tamil Nadu",Namakkal,"Mohanur(Uzhavar Sandhai ) APMC",Lemon,Lemon,Local,28/03/2026,7000,8000,7500
"Tamil Nadu","The Nilgiris","Udhagamandalam(Uzhavar Sandhai ) APMC",Onion,Bellary,Local,28/03/2026,2500,2800,2650
"Tamil Nadu","The Nilgiris","Udhagamandalam(Uzhavar Sandhai ) APMC",Brinjal,Other,Local,28/03/2026,2500,3000,2750
"Tamil Nadu","The Nilgiris","Udhagamandalam(Uzhavar Sandhai ) APMC",Tomato,Deshi,Local,28/03/2026,1500,2000,1750
"Tamil Nadu","The Nilgiris","Udhagamandalam(Uzhavar Sandhai ) APMC","Bhindi(Ladies Finger)",Bhindi,Local,28/03/2026,6000,6500,6250
"Tamil Nadu","The Nilgiris","Udhagamandalam(Uzhavar Sandhai ) APMC",Amaranthus,Amaranthus,Local,28/03/2026,5500,6000,5750
"Tamil Nadu","The Nilgiris","Udhagamandalam(Uzhavar Sandhai ) APMC",Coconut,Coconut,Local,28/03/2026,5000,5400,5200
"Tamil Nadu","The Nilgiris","Udhagamandalam(Uzhavar Sandhai ) APMC",Carrot,Pusakesar,Local,28/03/2026,2000,2500,2250
"Tamil Nadu","The Nilgiris","Udhagamandalam(Uzhavar Sandhai ) APMC",Raddish,Raddish,Local,28/03/2026,2000,2500,2250
"Tamil Nadu","The Nilgiris","Udhagamandalam(Uzhavar Sandhai ) APMC","Green Avare(W)","Green Avare (W)",Local,28/03/2026,5000,5500,5250
"Tamil Nadu","The Nilgiris","Udhagamandalam(Uzhavar Sandhai ) APMC",Mango(Raw-Ripe),"Mango - Raw-Ripe",Local,28/03/2026,4500,5000,4750
"Tamil Nadu","The Nilgiris","Udhagamandalam(Uzhavar Sandhai ) APMC",Guava,"Guava Allahabad",Local,28/03/2026,7000,8000,7500
"Tamil Nadu","The Nilgiris","Udhagamandalam(Uzhavar Sandhai ) APMC","Elephant Yam(Suran)/Amorphophallus","Elephant Yam (Suran)",Local,28/03/2026,3500,4000,3750
"Tamil Nadu",Perambalur,"Perambalur(Uzhavar Sandhai ) APMC",Garlic,Garlic,Local,28/03/2026,13000,14000,13500
"Tamil Nadu",Perambalur,"Perambalur(Uzhavar Sandhai ) APMC",Papaya,Papaya,Local,28/03/2026,3600,3600,3600
"Tamil Nadu",Perambalur,"Perambalur(Uzhavar Sandhai ) APMC","Bottle gourd","Bottle Gourd",Local,28/03/2026,1400,1600,1500
"Tamil Nadu",Perambalur,"Perambalur(Uzhavar Sandhai ) APMC",Yam(Ratalu),"Yam (Ratalu)",Local,28/03/2026,4800,4800,4800
"Tamil Nadu",Perambalur,"Perambalur(Uzhavar Sandhai ) APMC",Lemon,Lemon,Local,28/03/2026,8000,10000,9000
"Tamil Nadu",Perambalur,"Perambalur(Uzhavar Sandhai ) APMC","Sweet Corn ","Sweet Corn ",Local,28/03/2026,4000,5000,4500
"Tamil Nadu",Pudukkottai,"Pudukottai(Uzhavar Sandhai ) APMC",Groundnut,"Big (With Shell)",Local,28/03/2026,5000,6000,5500
"Tamil Nadu",Pudukkottai,"Pudukottai(Uzhavar Sandhai ) APMC",Onion,Bellary,Local,28/03/2026,3000,4000,3500
"Tamil Nadu",Pudukkottai,"Pudukottai(Uzhavar Sandhai ) APMC",Garlic,Garlic,Local,28/03/2026,22000,24000,23000
"Tamil Nadu",Pudukkottai,"Pudukottai(Uzhavar Sandhai ) APMC","Bottle gourd","Bottle Gourd",Local,28/03/2026,1000,1500,1250
"Tamil Nadu",Pudukkottai,"Pudukottai(Uzhavar Sandhai ) APMC",Tapioca,Tapioca,Local,28/03/2026,2000,2500,2250
"Tamil Nadu",Pudukkottai,"Pudukottai(Uzhavar Sandhai ) APMC",Ginger(Green),"Green Ginger",Local,28/03/2026,7000,8000,7500
"Tamil Nadu",Pudukkottai,"Pudukottai(Uzhavar Sandhai ) APMC",Thondekai,Thondekai,Local,28/03/2026,4000,5000,4500
"Tamil Nadu",Pudukkottai,"Pudukottai(Uzhavar Sandhai ) APMC","Jack Fruit(Ripe)","Jack Fruit",Local,28/03/2026,3000,4000,3500
"Tamil Nadu",Pudukkottai,"Pudukottai(Uzhavar Sandhai ) APMC",Colacasia,Colacasia,Local,28/03/2026,4000,5000,4500
"Tamil Nadu",Pudukkottai,"Aranthangi(Uzhavar Sandhai ) APMC",Papaya,Papaya,Local,28/03/2026,2500,3000,2750
"Tamil Nadu",Pudukkottai,"Aranthangi(Uzhavar Sandhai ) APMC",Tomato,Deshi,Local,28/03/2026,1500,2000,1750
"Tamil Nadu",Pudukkottai,"Aranthangi(Uzhavar Sandhai ) APMC",Ashgourd,Gouard,Local,28/03/2026,1000,1500,1250
"Tamil Nadu",Pudukkottai,"Aranthangi(Uzhavar Sandhai ) APMC","Sweet Potato","Hosur Red",Local,28/03/2026,4000,4500,4250
"Tamil Nadu",Pudukkottai,"Aranthangi(Uzhavar Sandhai ) APMC",Ridgeguard(Tori),Ridgeguard(Tori),Local,28/03/2026,3000,3500,3250
"Tamil Nadu",Pudukkottai,"Aranthangi(Uzhavar Sandhai ) APMC","Jack Fruit(Ripe)","Jack Fruit",Local,28/03/2026,4500,5000,4750
"Tamil Nadu",Pudukkottai,"Alangudi(Uzhavar Sandhai ) APMC","Bitter gourd",Other,Local,28/03/2026,3500,4000,3750
"Tamil Nadu",Pudukkottai,"Alangudi(Uzhavar Sandhai ) APMC",Pumpkin,Pumpkin,Local,28/03/2026,1000,1500,1250
"Tamil Nadu",Pudukkottai,"Alangudi(Uzhavar Sandhai ) APMC",Amaranthus,Amaranthus,Local,28/03/2026,1500,2000,1750
"Tamil Nadu",Pudukkottai,"Alangudi(Uzhavar Sandhai ) APMC","Banana - Green","Banana - Green",Local,28/03/2026,2500,3000,2750
"Tamil Nadu",Pudukkottai,"Alangudi(Uzhavar Sandhai ) APMC",Drumstick,Drumstick,Local,28/03/2026,3500,4000,3750
"Tamil Nadu",Ramanathapuram,"Paramakudi(Uzhavar Sandhai ) APMC",Soyabean,Local,Local,28/03/2026,8000,9000,8500
"Tamil Nadu",Ramanathapuram,"Paramakudi(Uzhavar Sandhai ) APMC",Brinjal,Round,Local,28/03/2026,5000,5500,5250
"Tamil Nadu",Ramanathapuram,"Paramakudi(Uzhavar Sandhai ) APMC",Amaranthus,Amaranthus,Local,28/03/2026,4000,4200,4100
"Tamil Nadu",Ramanathapuram,"Paramakudi(Uzhavar Sandhai ) APMC","Green Chilli","Green Chilly",Local,28/03/2026,5500,6000,5750
"Tamil Nadu",Ramanathapuram,"Paramakudi(Uzhavar Sandhai ) APMC",Ginger(Green),"Green Ginger",Local,28/03/2026,9000,10000,9500
"Tamil Nadu",Ramanathapuram,"Paramakudi(Uzhavar Sandhai ) APMC",Cabbage,Cabbage,Local,28/03/2026,2000,2500,2250
"Tamil Nadu",Ramanathapuram,"Paramakudi(Uzhavar Sandhai ) APMC",Beetroot,Beetroot,Local,28/03/2026,4000,4500,4250
"Tamil Nadu",Ramanathapuram,"Paramakudi(Uzhavar Sandhai ) APMC","Green Avare(W)","Green Avare (W)",Local,28/03/2026,6000,6500,6250
"Tamil Nadu",Salem,"Sooramangalam(Uzhavar Sandhai ) APMC",Apple,American,Local,28/03/2026,15000,16000,15500
"Tamil Nadu",Salem,"Sooramangalam(Uzhavar Sandhai ) APMC",Tomato,Other,Local,28/03/2026,800,1000,900
"Tamil Nadu",Salem,"Sooramangalam(Uzhavar Sandhai ) APMC","Cluster beans","Cluster Beans",Local,28/03/2026,4000,4500,4250
"Tamil Nadu",Salem,"Sooramangalam(Uzhavar Sandhai ) APMC","Bhindi(Ladies Finger)",Bhindi,Local,28/03/2026,5000,5400,5200
"Tamil Nadu",Salem,"Sooramangalam(Uzhavar Sandhai ) APMC",Ginger(Green),"Green Ginger",Local,28/03/2026,7500,8000,7750
"Tamil Nadu",Salem,"Sooramangalam(Uzhavar Sandhai ) APMC",Cabbage,Cabbage,Local,28/03/2026,2600,3000,2800
"Tamil Nadu",Salem,"Sooramangalam(Uzhavar Sandhai ) APMC",Snakeguard,Snakeguard,Local,28/03/2026,2800,3000,2900
"Tamil Nadu",Salem,"Sooramangalam(Uzhavar Sandhai ) APMC",Beetroot,Beetroot,Local,28/03/2026,5500,6000,5750
"Tamil Nadu",Salem,"Sooramangalam(Uzhavar Sandhai ) APMC",Ridgeguard(Tori),Ridgeguard(Tori),Local,28/03/2026,4400,4600,4500
"Tamil Nadu",Salem,"Sooramangalam(Uzhavar Sandhai ) APMC","Indian Beans(Seam)","Indian Beans (Seam)",Local,28/03/2026,6500,6800,6650
"Tamil Nadu",Salem,"Thathakapatti(Uzhavar Sandhai ) APMC","Bitter gourd","Bitter Gourd",Local,28/03/2026,3500,4000,3750
"Tamil Nadu",Salem,"Thathakapatti(Uzhavar Sandhai ) APMC",Ashgourd,Gouard,Local,28/03/2026,1400,1400,1400
"Tamil Nadu",Salem,"Thathakapatti(Uzhavar Sandhai ) APMC",Cowpea(Veg),"Cowpea (Veg)",Local,28/03/2026,4000,5000,4500
"Tamil Nadu",Salem,"Thathakapatti(Uzhavar Sandhai ) APMC","Banana - Green","Banana - Green",Local,28/03/2026,2500,3000,2750
"Tamil Nadu",Salem,"Thathakapatti(Uzhavar Sandhai ) APMC",Coconut,Coconut,Local,28/03/2026,5000,5500,5250
"Tamil Nadu",Salem,"Thathakapatti(Uzhavar Sandhai ) APMC","Sweet Potato","Hosur Red",Local,28/03/2026,3000,4000,3500
"Tamil Nadu",Salem,"Thathakapatti(Uzhavar Sandhai ) APMC","Karbuja(Musk Melon)",Karbhuja,Local,28/03/2026,3000,3000,3000
"Tamil Nadu",Salem,"Mettur(Uzhavar Sandhai ) APMC",Banana,"Red Banana",Local,28/03/2026,5000,6000,5500
"Tamil Nadu",Salem,"Mettur(Uzhavar Sandhai ) APMC",Chikoos(Sapota),Sapota,Local,28/03/2026,2500,3000,2750
"Tamil Nadu",Salem,"Mettur(Uzhavar Sandhai ) APMC",Tapioca,Tapioca,Local,28/03/2026,2500,3000,2750
"Tamil Nadu",Salem,"Mettur(Uzhavar Sandhai ) APMC",Coconut,Coconut,Local,28/03/2026,4000,5000,4500
"Tamil Nadu",Salem,"Mettur(Uzhavar Sandhai ) APMC",Capsicum,Capsicum,Local,28/03/2026,6500,7000,6750
"Tamil Nadu",Salem,"Mettur(Uzhavar Sandhai ) APMC","Knool Khol","Knool Khol",Local,28/03/2026,3500,4000,3750
"Tamil Nadu",Salem,"Attayampatti(Uzhavar Sandhai ) APMC",Potato,"Red Nanital",Local,28/03/2026,3600,4000,3800
"Tamil Nadu",Salem,"Attayampatti(Uzhavar Sandhai ) APMC",Brinjal,Round,Local,28/03/2026,2500,3000,2750
"Tamil Nadu",Salem,"Attayampatti(Uzhavar Sandhai ) APMC","Bitter gourd","Bitter Gourd",Local,28/03/2026,4000,4400,4200
"Tamil Nadu",Salem,"Attayampatti(Uzhavar Sandhai ) APMC",Pumpkin,Pumpkin,Local,28/03/2026,2000,2000,2000
"Tamil Nadu",Salem,"Attayampatti(Uzhavar Sandhai ) APMC",Beans,"Beans (Whole)",Local,28/03/2026,8000,9000,8500
"Tamil Nadu",Salem,"Attayampatti(Uzhavar Sandhai ) APMC",Ginger(Green),"Green Ginger",Local,28/03/2026,8000,8000,8000
"Tamil Nadu",Salem,"Attayampatti(Uzhavar Sandhai ) APMC",Coconut,Coconut,Local,28/03/2026,5500,6000,5750
"Tamil Nadu",Salem,"Attayampatti(Uzhavar Sandhai ) APMC",Cabbage,Cabbage,Local,28/03/2026,2500,3000,2750
"Tamil Nadu",Salem,"Attayampatti(Uzhavar Sandhai ) APMC",Cucumbar(Kheera),Cucumbar,Local,28/03/2026,5000,6000,5500
"Tamil Nadu",Salem,"Attayampatti(Uzhavar Sandhai ) APMC",Ridgeguard(Tori),Ridgeguard(Tori),Local,28/03/2026,4000,4600,4300
"Tamil Nadu",Salem,"Attayampatti(Uzhavar Sandhai ) APMC",Raddish,Raddish,Local,28/03/2026,2000,2400,2200
"Tamil Nadu",Salem,"Attayampatti(Uzhavar Sandhai ) APMC",Guava,"Guava Allahabad",Local,28/03/2026,5000,6000,5500
"Tamil Nadu",Salem,"Attayampatti(Uzhavar Sandhai ) APMC","Elephant Yam(Suran)/Amorphophallus","Elephant Yam (Suran)",Local,28/03/2026,4000,4500,4250
"Tamil Nadu",Salem,"Attayampatti(Uzhavar Sandhai ) APMC",Lemon,Lemon,Local,28/03/2026,5000,6000,5500
"Tamil Nadu",Salem,"Hasthampatti(Uzhavar Sandhai ) APMC",Coriander(Leaves),"I Sort",Local,28/03/2026,1600,1800,1700
"Tamil Nadu",Salem,"Hasthampatti(Uzhavar Sandhai ) APMC","Sweet Potato","Hosur Red",Local,28/03/2026,3800,4000,3900
"Tamil Nadu",Salem,"Hasthampatti(Uzhavar Sandhai ) APMC","Green Avare(W)","Green Avare (W)",Local,28/03/2026,6000,6200,6100
"Tamil Nadu",Salem,"Hasthampatti(Uzhavar Sandhai ) APMC","Chow Chow","Chow Chow",Local,28/03/2026,3000,3200,3100
"Tamil Nadu",Salem,"Hasthampatti(Uzhavar Sandhai ) APMC","Elephant Yam(Suran)/Amorphophallus","Elephant Yam (Suran)",Local,28/03/2026,3000,3500,3250
"Tamil Nadu",Salem,"Hasthampatti(Uzhavar Sandhai ) APMC","Indian Beans(Seam)","Indian Beans (Seam)",Local,28/03/2026,5800,6000,5900
"Tamil Nadu",Salem,"Elampillai(Uzhavar Sandhai ) APMC",Brinjal,Other,Local,28/03/2026,2400,2600,2500
"Tamil Nadu",Salem,"Elampillai(Uzhavar Sandhai ) APMC",Coriander(Leaves),"I Sort",Local,28/03/2026,3000,3600,3300
"Tamil Nadu",Salem,"Elampillai(Uzhavar Sandhai ) APMC","Green Peas","Green Peas",Local,28/03/2026,11000,12000,11500
"Tamil Nadu",Salem,"Elampillai(Uzhavar Sandhai ) APMC",Pumpkin,Pumpkin,Local,28/03/2026,1800,2000,1900
"Tamil Nadu",Salem,"Elampillai(Uzhavar Sandhai ) APMC",Amaranthus,Amaranthus,Local,28/03/2026,2000,2400,2200
"Tamil Nadu",Salem,"Elampillai(Uzhavar Sandhai ) APMC",Coconut,Coconut,Local,28/03/2026,5000,5500,5250
"Tamil Nadu",Salem,"Elampillai(Uzhavar Sandhai ) APMC",Cabbage,Cabbage,Local,28/03/2026,2500,3000,2750
"Tamil Nadu",Salem,"Elampillai(Uzhavar Sandhai ) APMC",Snakeguard,Snakeguard,Local,28/03/2026,2800,3000,2900
"Tamil Nadu",Salem,"Elampillai(Uzhavar Sandhai ) APMC",Capsicum,Capsicum,Local,28/03/2026,6000,6400,6200
"Tamil Nadu",Salem,"Elampillai(Uzhavar Sandhai ) APMC",Drumstick,Drumstick,Local,28/03/2026,3000,4000,3500
"Tamil Nadu",Salem,"Elampillai(Uzhavar Sandhai ) APMC",Marigold(Calcutta),Marigold(Calcutta),Local,28/03/2026,14000,15000,14500
"Tamil Nadu",Salem,"Elampillai(Uzhavar Sandhai ) APMC","Onion Green","Onion Green",Local,28/03/2026,3000,3400,3200
"Tamil Nadu",Salem,"Elampillai(Uzhavar Sandhai ) APMC",Mint(Pudina),Mint(Pudina),Local,28/03/2026,2400,2600,2500
"Tamil Nadu",Salem,"Jalagandapuram(Uzhavar Sandhai ) APMC",Apple,American,Local,28/03/2026,18000,20000,19000
"Tamil Nadu",Salem,"Jalagandapuram(Uzhavar Sandhai ) APMC",Tomato,Other,Local,28/03/2026,1200,1500,1350
"Tamil Nadu",Salem,"Jalagandapuram(Uzhavar Sandhai ) APMC","Cluster beans","Cluster Beans",Local,28/03/2026,3500,4000,3750
"Tamil Nadu",Salem,"Jalagandapuram(Uzhavar Sandhai ) APMC","Bottle gourd","Bottle Gourd",Local,28/03/2026,1000,1500,1250
"Tamil Nadu",Salem,"Jalagandapuram(Uzhavar Sandhai ) APMC",Pumpkin,Pumpkin,Local,28/03/2026,1600,1800,1700
"Tamil Nadu",Salem,"Jalagandapuram(Uzhavar Sandhai ) APMC",Carrot,Pusakesar,Local,28/03/2026,5000,5500,5250
"Tamil Nadu",Salem,"Jalagandapuram(Uzhavar Sandhai ) APMC",Drumstick,Drumstick,Local,28/03/2026,3500,4000,3750
"Tamil Nadu",Salem,"Jalagandapuram(Uzhavar Sandhai ) APMC",Pomegranate,Pomogranate,Local,28/03/2026,20000,22000,21000
"Tamil Nadu",Salem,"Edapadi (Uzhavar Sandhai ) APMC",Onion,Bellary,Local,28/03/2026,2600,3000,2800
"Tamil Nadu",Salem,"Edapadi (Uzhavar Sandhai ) APMC",Cauliflower,Ranchi,Local,28/03/2026,2500,3000,2750
"Tamil Nadu",Salem,"Edapadi (Uzhavar Sandhai ) APMC","Green Chilli","Green Chilly",Local,28/03/2026,3500,4000,3750
"Tamil Nadu",Salem,"Edapadi (Uzhavar Sandhai ) APMC","Banana - Green","Banana - Green",Local,28/03/2026,1500,2000,1750
"Tamil Nadu",Salem,"Edapadi (Uzhavar Sandhai ) APMC",Ginger(Green),"Green Ginger",Local,28/03/2026,7000,8000,7500
"Tamil Nadu",Salem,"Edapadi (Uzhavar Sandhai ) APMC",Beetroot,Beetroot,Local,28/03/2026,4500,5000,4750
"Tamil Nadu",Salem,"Edapadi (Uzhavar Sandhai ) APMC","Chow Chow","Chow Chow",Local,28/03/2026,2600,3000,2800
"Tamil Nadu",Salem,"Edapadi (Uzhavar Sandhai ) APMC","Onion Green","Onion Green",Local,28/03/2026,2500,3000,2750
"Tamil Nadu",Sivaganga,"Sivagangai (Uzhavar Sandhai ) APMC",Potato,"Red Nanital",Local,28/03/2026,3200,3200,3200
"Tamil Nadu",Sivaganga,"Sivagangai (Uzhavar Sandhai ) APMC",Brinjal,Other,Local,28/03/2026,3200,3600,3400
"Tamil Nadu",Sivaganga,"Sivagangai (Uzhavar Sandhai ) APMC",Tomato,Deshi,Local,28/03/2026,1600,2000,1800
"Tamil Nadu",Sivaganga,"Sivagangai (Uzhavar Sandhai ) APMC",Ashgourd,Gouard,Local,28/03/2026,1800,2000,1900
"Tamil Nadu",Sivaganga,"Sivagangai (Uzhavar Sandhai ) APMC",Amaranthus,Amaranthus,Local,28/03/2026,3000,4000,3500
"Tamil Nadu",Sivaganga,"Sivagangai (Uzhavar Sandhai ) APMC",Ginger(Green),"Green Ginger",Local,28/03/2026,8200,9200,8700
"Tamil Nadu",Sivaganga,"Devakottai (Uzhavar Sandhai ) APMC",Potato,"Red Nanital",Local,28/03/2026,3200,3500,3350
"Tamil Nadu",Sivaganga,"Devakottai (Uzhavar Sandhai ) APMC","Cluster beans","Cluster Beans",Local,28/03/2026,3500,4000,3750
"Tamil Nadu",Sivaganga,"Devakottai (Uzhavar Sandhai ) APMC",Ashgourd,Gouard,Local,28/03/2026,2000,2200,2100
"Tamil Nadu",Sivaganga,"Devakottai (Uzhavar Sandhai ) APMC",Amaranthus,Amaranthus,Local,28/03/2026,3500,4000,3750
"Tamil Nadu",Sivaganga,"Devakottai (Uzhavar Sandhai ) APMC","Green Chilli","Green Chilly",Local,28/03/2026,3500,4000,3750
"Tamil Nadu",Sivaganga,"Devakottai (Uzhavar Sandhai ) APMC",Coconut,Coconut,Local,28/03/2026,5500,6000,5750
"Tamil Nadu",Sivaganga,"Devakottai (Uzhavar Sandhai ) APMC",Carrot,Pusakesar,Local,28/03/2026,3400,4500,3950
"Tamil Nadu",Sivaganga,"Devakottai (Uzhavar Sandhai ) APMC",Cabbage,Cabbage,Local,28/03/2026,2000,2500,2250
"Tamil Nadu",Sivaganga,"Devakottai (Uzhavar Sandhai ) APMC",Beetroot,Beetroot,Local,28/03/2026,3500,4000,3750
"Tamil Nadu",Sivaganga,"Devakottai (Uzhavar Sandhai ) APMC",Ridgeguard(Tori),Ridgeguard(Tori),Local,28/03/2026,3000,3500,3250
"Tamil Nadu",Sivaganga,"Devakottai (Uzhavar Sandhai ) APMC","Green Avare(W)","Green Avare (W)",Local,28/03/2026,7400,8500,7950
"Tamil Nadu",Sivaganga,"Devakottai (Uzhavar Sandhai ) APMC",Mango(Raw-Ripe),"Mango - Raw-Ripe",Local,28/03/2026,3000,3500,3250
"Tamil Nadu",Sivaganga,"Devakottai (Uzhavar Sandhai ) APMC",Lemon,Lemon,Local,28/03/2026,14400,15500,14950
"Tamil Nadu",Sivaganga,"Devakottai (Uzhavar Sandhai ) APMC","Onion Green","Onion Green",Local,28/03/2026,3500,4000,3750
"Tamil Nadu",Sivaganga,"Karaikudi(Uzhavar Sandhai ) APMC",Coriander(Leaves),"I Sort",Local,28/03/2026,4000,4500,4250
"Tamil Nadu",Sivaganga,"Karaikudi(Uzhavar Sandhai ) APMC","Bottle gourd","Bottle Gourd",Local,28/03/2026,2400,2800,2600
"Tamil Nadu",Sivaganga,"Karaikudi(Uzhavar Sandhai ) APMC",Amaranthus,Amaranthus,Local,28/03/2026,3500,4000,3750
"Tamil Nadu",Sivaganga,"Karaikudi(Uzhavar Sandhai ) APMC",Beans,"Beans (Whole)",Local,28/03/2026,6500,7500,7000
"Tamil Nadu",Sivaganga,"Karaikudi(Uzhavar Sandhai ) APMC",Cabbage,Cabbage,Local,28/03/2026,2000,2500,2250
"Tamil Nadu",Sivaganga,"Karaikudi(Uzhavar Sandhai ) APMC",Raddish,Raddish,Local,28/03/2026,2500,3000,2750
"Tamil Nadu",Sivaganga,"Karaikudi(Uzhavar Sandhai ) APMC",Drumstick,Drumstick,Local,28/03/2026,3000,6000,4500
"Tamil Nadu",Sivaganga,"Karaikudi(Uzhavar Sandhai ) APMC",Mango(Raw-Ripe),"Mango - Raw-Ripe",Local,28/03/2026,4000,4500,4250
"Tamil Nadu",Sivaganga,"Karaikudi(Uzhavar Sandhai ) APMC","Knool Khol","Knool Khol",Local,28/03/2026,3500,4000,3750
"Tamil Nadu",Sivaganga,"Tirupatthur(Uzhavar Sandhai ) APMC",Potato,"Red Nanital",Local,28/03/2026,3200,3500,3350
"Tamil Nadu",Sivaganga,"Tirupatthur(Uzhavar Sandhai ) APMC",Chikoos(Sapota),Sapota,Local,28/03/2026,4400,5500,4950
"Tamil Nadu",Sivaganga,"Tirupatthur(Uzhavar Sandhai ) APMC",Ridgeguard(Tori),Ridgeguard(Tori),Local,28/03/2026,3000,3500,3250
"Tamil Nadu",Sivaganga,"Tirupatthur(Uzhavar Sandhai ) APMC",Mango(Raw-Ripe),"Mango - Raw-Ripe",Local,28/03/2026,3000,3500,3250
"Tamil Nadu",Sivaganga,"Tirupatthur(Uzhavar Sandhai ) APMC",Yam(Ratalu),"Yam (Ratalu)",Local,28/03/2026,6000,6500,6250
"Tamil Nadu",Sivaganga,"Tirupatthur(Uzhavar Sandhai ) APMC","Onion Green","Onion Green",Local,28/03/2026,3500,4000,3750
"Tamil Nadu",Sivaganga,"Singampunari(Uzhavar Sandhai ) APMC",Papaya,Papaya,Local,28/03/2026,3500,4000,3750
"Tamil Nadu",Sivaganga,"Singampunari(Uzhavar Sandhai ) APMC",Pumpkin,Pumpkin,Local,28/03/2026,2000,2000,2000
"Tamil Nadu",Sivaganga,"Singampunari(Uzhavar Sandhai ) APMC",Beans,"Beans (Whole)",Local,28/03/2026,6500,7000,6750
"Tamil Nadu",Sivaganga,"Singampunari(Uzhavar Sandhai ) APMC",Carrot,Pusakesar,Local,28/03/2026,3500,4500,4000
"Tamil Nadu",Sivaganga,"Singampunari(Uzhavar Sandhai ) APMC",Cabbage,Cabbage,Local,28/03/2026,2000,2000,2000
"Tamil Nadu",Sivaganga,"Singampunari(Uzhavar Sandhai ) APMC",Beetroot,Beetroot,Local,28/03/2026,3000,3500,3250
"Tamil Nadu",Sivaganga,"Singampunari(Uzhavar Sandhai ) APMC",Raddish,Raddish,Local,28/03/2026,2500,2500,2500
"Tamil Nadu",Thanjavur,"Pattukottai(Uzhavar Sandhai ) APMC","Bottle gourd","Bottle Gourd",Local,28/03/2026,2600,2600,2600
"Tamil Nadu",Thanjavur,"Pattukottai(Uzhavar Sandhai ) APMC",Ashgourd,Gouard,Local,28/03/2026,3000,3000,3000
"Tamil Nadu",Thanjavur,"Pattukottai(Uzhavar Sandhai ) APMC",Pumpkin,Pumpkin,Local,28/03/2026,2600,2600,2600
"Tamil Nadu",Thanjavur,"Pattukottai(Uzhavar Sandhai ) APMC","Bhindi(Ladies Finger)",Bhindi,Local,28/03/2026,5400,5400,5400
"Tamil Nadu",Thanjavur,"Pattukottai(Uzhavar Sandhai ) APMC",Coconut,Coconut,Local,28/03/2026,6000,6000,6000
"Tamil Nadu",Thanjavur,"Pattukottai(Uzhavar Sandhai ) APMC",Beetroot,Beetroot,Local,28/03/2026,3500,3500,3500
"Tamil Nadu",Thanjavur,"Pattukottai(Uzhavar Sandhai ) APMC",Capsicum,Capsicum,Local,28/03/2026,6000,6000,6000
"Tamil Nadu",Thanjavur,"Pattukottai(Uzhavar Sandhai ) APMC","Green Avare(W)","Green Avare (W)",Local,28/03/2026,6800,6800,6800
"Tamil Nadu",Thanjavur,"Pattukottai(Uzhavar Sandhai ) APMC","Elephant Yam(Suran)/Amorphophallus","Elephant Yam (Suran)",Local,28/03/2026,4600,4600,4600
"Tamil Nadu",Thanjavur,"Pattukottai(Uzhavar Sandhai ) APMC",Colacasia,Colacasia,Local,28/03/2026,8000,8000,8000
"Tamil Nadu",Thanjavur,"Pattukottai(Uzhavar Sandhai ) APMC",Mint(Pudina),Mint(Pudina),Local,28/03/2026,3200,3200,3200
"Tamil Nadu",Theni,"Theni(Uzhavar Sandhai ) APMC",Soyabean,Local,Local,28/03/2026,10000,10000,10000
"Tamil Nadu",Theni,"Theni(Uzhavar Sandhai ) APMC",Mango,Other,Local,28/03/2026,15000,15000,15000
"Tamil Nadu",Theni,"Theni(Uzhavar Sandhai ) APMC",Garlic,Garlic,Local,28/03/2026,10000,20000,15000
"Tamil Nadu",Theni,"Theni(Uzhavar Sandhai ) APMC",Brinjal,Other,Local,28/03/2026,2000,2400,2200
"Tamil Nadu",Theni,"Theni(Uzhavar Sandhai ) APMC","Cluster beans","Cluster Beans",Local,28/03/2026,3000,3000,3000
"Tamil Nadu",Theni,"Theni(Uzhavar Sandhai ) APMC",Pumpkin,Pumpkin,Local,28/03/2026,1000,1500,1250
"Tamil Nadu",Theni,"Theni(Uzhavar Sandhai ) APMC",Amaranthus,Amaranthus,Local,28/03/2026,2000,2500,2250
"Tamil Nadu",Theni,"Theni(Uzhavar Sandhai ) APMC",Cowpea(Veg),"Cowpea (Veg)",Local,28/03/2026,3000,3000,3000
"Tamil Nadu",Theni,"Theni(Uzhavar Sandhai ) APMC","Banana - Green","Banana - Green",Local,28/03/2026,3000,3000,3000
"Tamil Nadu",Theni,"Theni(Uzhavar Sandhai ) APMC",Ginger(Green),"Green Ginger",Local,28/03/2026,6400,6400,6400
"Tamil Nadu",Theni,"Theni(Uzhavar Sandhai ) APMC","Sweet Potato","Hosur Red",Local,28/03/2026,2500,2800,2650
"Tamil Nadu",Theni,"Theni(Uzhavar Sandhai ) APMC",Ridgeguard(Tori),Ridgeguard(Tori),Local,28/03/2026,3000,3200,3100
"Tamil Nadu",Theni,"Theni(Uzhavar Sandhai ) APMC","Chow Chow","Chow Chow",Local,28/03/2026,2400,2400,2400
"Tamil Nadu",Theni,"Theni(Uzhavar Sandhai ) APMC",Lemon,Lemon,Local,28/03/2026,10000,12000,11000
"Tamil Nadu",Theni,"Theni(Uzhavar Sandhai ) APMC",Turnip,Turnip,Local,28/03/2026,3000,3000,3000
"Tamil Nadu",Theni,"Kambam(Uzhavar Sandhai ) APMC",Brinjal,Round,Local,28/03/2026,2000,2600,2300
"Tamil Nadu",Theni,"Kambam(Uzhavar Sandhai ) APMC","Cluster beans","Cluster Beans",Local,28/03/2026,3500,3500,3500
"Tamil Nadu",Theni,"Kambam(Uzhavar Sandhai ) APMC",Pumpkin,Pumpkin,Local,28/03/2026,1500,1500,1500
"Tamil Nadu",Theni,"Kambam(Uzhavar Sandhai ) APMC","Green Chilli","Green Chilly",Local,28/03/2026,3000,3600,3300
"Tamil Nadu",Theni,"Kambam(Uzhavar Sandhai ) APMC","Banana - Green","Banana - Green",Local,28/03/2026,3000,3000,3000
"Tamil Nadu",Theni,"Kambam(Uzhavar Sandhai ) APMC","Betal Leaves",Mysore,Local,28/03/2026,20000,20000,20000
"Tamil Nadu",Theni,"Kambam(Uzhavar Sandhai ) APMC","Sweet Potato","Hosur Red",Local,28/03/2026,3000,3200,3100
"Tamil Nadu",Theni,"Kambam(Uzhavar Sandhai ) APMC",Cucumbar(Kheera),Cucumbar,Local,28/03/2026,2500,2500,2500
"Tamil Nadu",Theni,"Kambam(Uzhavar Sandhai ) APMC",Capsicum,Capsicum,Local,28/03/2026,5000,5000,5000
"Tamil Nadu",Theni,"Kambam(Uzhavar Sandhai ) APMC",Lemon,Lemon,Local,28/03/2026,12500,12500,12500
"Tamil Nadu",Theni,"Bodinayakanur(Uzhavar Sandhai ) APMC",Coriander(Leaves),"I Sort",Local,28/03/2026,3000,3000,3000
"Tamil Nadu",Theni,"Bodinayakanur(Uzhavar Sandhai ) APMC",Ridgeguard(Tori),Ridgeguard(Tori),Local,28/03/2026,3200,3200,3200
"Tamil Nadu",Theni,"Bodinayakanur(Uzhavar Sandhai ) APMC","Onion Green","Onion Green",Local,28/03/2026,3600,3600,3600
"Tamil Nadu",Theni,"Devaram(Uzhavar Sandhai ) APMC",Amaranthus,Amaranthus,Local,28/03/2026,2500,2500,2500
"Tamil Nadu",Theni,"Devaram(Uzhavar Sandhai ) APMC",Tapioca,Tapioca,Local,28/03/2026,2400,2400,2400
"Tamil Nadu",Theni,"Devaram(Uzhavar Sandhai ) APMC",Drumstick,Drumstick,Local,28/03/2026,3500,3500,3500
"Tamil Nadu",Theni,"Devaram(Uzhavar Sandhai ) APMC","Indian Beans(Seam)","Indian Beans (Seam)",Local,28/03/2026,5000,5000,5000
"Tamil Nadu",Theni,"Chinnamanur(Uzhavar Sandhai ) APMC",Soyabean,Local,Local,28/03/2026,10000,10000,10000
"Tamil Nadu",Theni,"Chinnamanur(Uzhavar Sandhai ) APMC",Garlic,Garlic,Local,28/03/2026,10000,20000,15000
"Tamil Nadu",Theni,"Chinnamanur(Uzhavar Sandhai ) APMC",Tomato,Local,Local,28/03/2026,1600,1600,1600
"Tamil Nadu",Theni,"Chinnamanur(Uzhavar Sandhai ) APMC","Cluster beans","Cluster Beans",Local,28/03/2026,3600,3600,3600
"Tamil Nadu",Theni,"Chinnamanur(Uzhavar Sandhai ) APMC","Bitter gourd",Other,Local,28/03/2026,2500,2500,2500
"Tamil Nadu",Theni,"Chinnamanur(Uzhavar Sandhai ) APMC","Bottle gourd","Bottle Gourd",Local,28/03/2026,1500,1500,1500
"Tamil Nadu",Theni,"Chinnamanur(Uzhavar Sandhai ) APMC",Pumpkin,Pumpkin,Local,28/03/2026,1000,1500,1250
"Tamil Nadu",Theni,"Chinnamanur(Uzhavar Sandhai ) APMC","Banana - Green","Banana - Green",Local,28/03/2026,3000,3000,3000
"Tamil Nadu",Theni,"Chinnamanur(Uzhavar Sandhai ) APMC",Beans,"Beans (Whole)",Local,28/03/2026,6000,6000,6000
"Tamil Nadu",Theni,"Chinnamanur(Uzhavar Sandhai ) APMC",Tapioca,Tapioca,Local,28/03/2026,2400,2400,2400
"Tamil Nadu",Theni,"Chinnamanur(Uzhavar Sandhai ) APMC",Raddish,Raddish,Local,28/03/2026,1800,1800,1800
"Tamil Nadu",Theni,"Chinnamanur(Uzhavar Sandhai ) APMC",Lime,Lime,Local,28/03/2026,12000,12000,12000
"Tamil Nadu",Theni,"Chinnamanur(Uzhavar Sandhai ) APMC",Colacasia,Colacasia,Local,28/03/2026,4600,4600,4600
"Tamil Nadu",Theni,"Chinnamanur(Uzhavar Sandhai ) APMC",Mint(Pudina),Mint(Pudina),Local,28/03/2026,2500,2500,2500
"Tamil Nadu",Thirunelveli,"Palayamkottai(Uzhavar Sandhai ) APMC",Apple,American,Local,28/03/2026,16000,20000,18000
"Tamil Nadu",Thirunelveli,"Palayamkottai(Uzhavar Sandhai ) APMC",Banana,"Red Banana",Local,28/03/2026,8000,9000,8500
"Tamil Nadu",Thirunelveli,"Palayamkottai(Uzhavar Sandhai ) APMC",Cauliflower,Ranchi,Local,28/03/2026,3600,3800,3700
"Tamil Nadu",Thirunelveli,"Palayamkottai(Uzhavar Sandhai ) APMC",Amaranthus,Amaranthus,Local,28/03/2026,1200,1500,1350
"Tamil Nadu",Thirunelveli,"Palayamkottai(Uzhavar Sandhai ) APMC",Cowpea(Veg),"Cowpea (Veg)",Local,28/03/2026,1800,2000,1900
"Tamil Nadu",Thirunelveli,"Palayamkottai(Uzhavar Sandhai ) APMC","Green Avare(W)",Other,Local,28/03/2026,8000,8500,8250
"Tamil Nadu",Thirunelveli,"Palayamkottai(Uzhavar Sandhai ) APMC","Elephant Yam(Suran)/Amorphophallus","Elephant Yam (Suran)",Local,28/03/2026,2500,3000,2750
"Tamil Nadu",Thirunelveli,"Melapalayam(Uzhavar Sandhai ) APMC",Garlic,Garlic,Local,28/03/2026,12000,16000,14000
"Tamil Nadu",Thirunelveli,"Melapalayam(Uzhavar Sandhai ) APMC",Chikoos(Sapota),Sapota,Local,28/03/2026,5000,6000,5500
"Tamil Nadu",Thirunelveli,"Melapalayam(Uzhavar Sandhai ) APMC",Papaya,Papaya,Local,28/03/2026,4000,4500,4250
"Tamil Nadu",Thirunelveli,"Melapalayam(Uzhavar Sandhai ) APMC","Green Chilli","Green Chilly",Local,28/03/2026,2500,3000,2750
"Tamil Nadu",Thirunelveli,"Melapalayam(Uzhavar Sandhai ) APMC","Banana - Green","Banana - Green",Local,28/03/2026,2800,3000,2900
"Tamil Nadu",Thirunelveli,"Melapalayam(Uzhavar Sandhai ) APMC",Coconut,Coconut,Local,28/03/2026,5200,5500,5350
"Tamil Nadu",Thirunelveli,"Melapalayam(Uzhavar Sandhai ) APMC",Beetroot,Beetroot,Local,28/03/2026,3400,4000,3700
"Tamil Nadu",Thirunelveli,"Melapalayam(Uzhavar Sandhai ) APMC","Green Avare(W)",Other,Local,28/03/2026,8000,8500,8250
"Tamil Nadu",Thirunelveli,"Melapalayam(Uzhavar Sandhai ) APMC",Drumstick,Drumstick,Local,28/03/2026,2800,3200,3000
"Tamil Nadu",Thirunelveli,"Melapalayam(Uzhavar Sandhai ) APMC",Yam(Ratalu),"Yam (Ratalu)",Local,28/03/2026,7000,8000,7500
"Tamil Nadu",Thirunelveli,"Melapalayam(Uzhavar Sandhai ) APMC",Lemon,Lemon,Local,28/03/2026,10000,11000,10500
"Tamil Nadu",Thirunelveli,"Melapalayam(Uzhavar Sandhai ) APMC",Colacasia,Colacasia,Local,28/03/2026,2500,5000,3750
"Tamil Nadu",Thirunelveli,"Melapalayam(Uzhavar Sandhai ) APMC","Amla(Nelli Kai)",Amla,Local,28/03/2026,4000,4500,4250
"Tamil Nadu",Thirunelveli,"Melapalayam(Uzhavar Sandhai ) APMC",Mint(Pudina),Mint(Pudina),Local,28/03/2026,4000,4600,4300
"Tamil Nadu",Thirunelveli,"NGO Colony(Uzhavar Sandhai ) APMC",Potato,"Red Nanital",Local,28/03/2026,2000,2400,2200
"Tamil Nadu",Thirunelveli,"NGO Colony(Uzhavar Sandhai ) APMC",Cauliflower,Ranchi,Local,28/03/2026,3000,3800,3400
"Tamil Nadu",Thirunelveli,"NGO Colony(Uzhavar Sandhai ) APMC",Ashgourd,Gouard,Local,28/03/2026,800,1000,900
"Tamil Nadu",Thirunelveli,"NGO Colony(Uzhavar Sandhai ) APMC",Pumpkin,Pumpkin,Local,28/03/2026,1000,1400,1200
"Tamil Nadu",Thirunelveli,"NGO Colony(Uzhavar Sandhai ) APMC",Cabbage,Cabbage,Local,28/03/2026,1500,2000,1750
"Tamil Nadu",Thirunelveli,"NGO Colony(Uzhavar Sandhai ) APMC","Chow Chow","Chow Chow",Local,28/03/2026,2000,2500,2250
"Tamil Nadu",Thirunelveli,"NGO Colony(Uzhavar Sandhai ) APMC","Onion Green","Onion Green",Local,28/03/2026,3500,4000,3750
"Tamil Nadu",Thiruvellore,"Ambattur(Uzhavar Sandhai ) APMC","Bottle gourd","Bottle Gourd",Local,28/03/2026,2500,2500,2500
"Tamil Nadu",Thiruvellore,"Ambattur(Uzhavar Sandhai ) APMC",Pumpkin,Pumpkin,Local,28/03/2026,2000,2000,2000
"Tamil Nadu",Thiruvellore,"Ambattur(Uzhavar Sandhai ) APMC",Cabbage,Cabbage,Local,28/03/2026,2000,2000,2000
"Tamil Nadu",Thiruvarur,"Tiruthuraipoondi(Uzhavar Sandhai ) APMC",Banana,Besrai,Local,28/03/2026,4000,4000,4000
"Tamil Nadu",Thiruvarur,"Tiruthuraipoondi(Uzhavar Sandhai ) APMC","Banana - Green","Banana - Green",Local,28/03/2026,3500,3500,3500
"Tamil Nadu",Thiruvarur,"Tiruthuraipoondi(Uzhavar Sandhai ) APMC",Mango(Raw-Ripe),"Mango - Raw-Ripe",Local,28/03/2026,4000,4000,4000
"Tamil Nadu",Thiruvarur,"Tiruthuraipoondi(Uzhavar Sandhai ) APMC",Lime,Lime,Local,28/03/2026,4000,4000,4000
"Tamil Nadu",Thiruvarur,"Mannargudi I(Uzhavar Sandhai ) APMC",Orange,Darjeeling,Local,28/03/2026,12000,16000,14000
"Tamil Nadu",Thiruvarur,"Mannargudi I(Uzhavar Sandhai ) APMC",Pineapple,"Pine Apple",Local,28/03/2026,8000,8000,8000
"Tamil Nadu",Thiruvarur,"Mannargudi I(Uzhavar Sandhai ) APMC",Coriander(Leaves),"I Sort",Local,28/03/2026,4000,4000,4000
"Tamil Nadu",Thiruvarur,"Mannargudi I(Uzhavar Sandhai ) APMC","Bitter gourd",Other,Local,28/03/2026,2800,2800,2800
"Tamil Nadu",Thiruvarur,"Mannargudi I(Uzhavar Sandhai ) APMC","Bottle gourd","Bottle Gourd",Local,28/03/2026,2000,2600,2300
"Tamil Nadu",Thiruvarur,"Mannargudi I(Uzhavar Sandhai ) APMC",Amaranthus,Amaranthus,Local,28/03/2026,2000,2000,2000
"Tamil Nadu",Thiruvarur,"Mannargudi I(Uzhavar Sandhai ) APMC","Green Chilli","Green Chilly",Local,28/03/2026,3000,3000,3000
"Tamil Nadu",Thiruvarur,"Mannargudi I(Uzhavar Sandhai ) APMC","Elephant Yam(Suran)/Amorphophallus","Elephant Yam (Suran)",Local,28/03/2026,4000,4000,4000
"Tamil Nadu",Thiruvarur,"Needamangalam(Uzhavar Sandhai ) APMC",Onion,Bellary,Local,28/03/2026,3400,3400,3400
"Tamil Nadu",Thiruvarur,"Needamangalam(Uzhavar Sandhai ) APMC","Bottle gourd","Bottle Gourd",Local,28/03/2026,2000,2000,2000
"Tamil Nadu",Thiruvarur,"Needamangalam(Uzhavar Sandhai ) APMC",Ashgourd,Gouard,Local,28/03/2026,2200,2200,2200
"Tamil Nadu",Thiruvarur,"Needamangalam(Uzhavar Sandhai ) APMC","Green Chilli","Green Chilly",Local,28/03/2026,3000,3000,3000
"Tamil Nadu",Thiruvarur,"Needamangalam(Uzhavar Sandhai ) APMC","Green Avare(W)","Green Avare (W)",Local,28/03/2026,6400,6400,6400
"Tamil Nadu",Thiruvarur,"Needamangalam(Uzhavar Sandhai ) APMC",Mango(Raw-Ripe),"Mango - Raw-Ripe",Local,28/03/2026,4800,4800,4800
"Tamil Nadu",Thiruvarur,"Muthupettai(Uzhavar Sandhai ) APMC","Bottle gourd","Bottle Gourd",Local,28/03/2026,2000,2000,2000
"Tamil Nadu",Thiruvarur,"Muthupettai(Uzhavar Sandhai ) APMC",Mango(Raw-Ripe),"Mango - Raw-Ripe",Local,28/03/2026,4000,5000,4500
"Tamil Nadu",Thiruvarur,"Muthupettai(Uzhavar Sandhai ) APMC",Lime,Lime,Local,28/03/2026,3000,3000,3000
"Tamil Nadu",Thiruvarur,"Muthupettai(Uzhavar Sandhai ) APMC",Lemon,Lemon,Local,28/03/2026,14000,14000,14000
"Tamil Nadu",Thiruvarur,"Muthupettai(Uzhavar Sandhai ) APMC",Mint(Pudina),Mint(Pudina),Local,28/03/2026,4000,4000,4000
"Tamil Nadu",Thiruvarur,"Mannargudi II(Uzhavar Sandhai ) APMC",Banana,Other,Local,28/03/2026,7000,7000,7000
"Tamil Nadu",Thiruvarur,"Mannargudi II(Uzhavar Sandhai ) APMC",Potato,"Red Nanital",Local,28/03/2026,3000,3400,3200
"Tamil Nadu",Thiruvarur,"Mannargudi II(Uzhavar Sandhai ) APMC","Bottle gourd","Bottle Gourd",Local,28/03/2026,2000,2600,2300
"Tamil Nadu",Thiruvarur,"Mannargudi II(Uzhavar Sandhai ) APMC","Bhindi(Ladies Finger)",Bhindi,Local,28/03/2026,4600,4600,4600
"Tamil Nadu",Thiruvarur,"Mannargudi II(Uzhavar Sandhai ) APMC",Snakeguard,Snakeguard,Local,28/03/2026,2000,2400,2200
"Tamil Nadu",Thiruvarur,"Mannargudi II(Uzhavar Sandhai ) APMC",Raddish,Raddish,Local,28/03/2026,2400,2400,2400
"Tamil Nadu",Thiruvarur,"Mannargudi II(Uzhavar Sandhai ) APMC","Chow Chow","Chow Chow",Local,28/03/2026,3000,3000,3000
"Tamil Nadu",Thiruvarur,"Mannargudi II(Uzhavar Sandhai ) APMC","Onion Green","Onion Green",Local,28/03/2026,4000,4000,4000
"Tamil Nadu",Tuticorin,"Kovilpatti(Uzhavar Sandhai ) APMC","Banana - Green","Banana - Green",Local,28/03/2026,3000,3500,3250
"Tamil Nadu",Tuticorin,"Kovilpatti(Uzhavar Sandhai ) APMC","Green Avare(W)",Other,Local,28/03/2026,8000,8500,8250
"Tamil Nadu",Tuticorin,"Kovilpatti(Uzhavar Sandhai ) APMC","Chow Chow","Chow Chow",Local,28/03/2026,3500,4000,3750
"Tamil Nadu",Thiruvannamalai,"Tiruvannamalai(Uzhavar Sandhai ) APMC",Potato,"Red Nanital",Local,28/03/2026,1500,2000,1750
"Tamil Nadu",Thiruvannamalai,"Tiruvannamalai(Uzhavar Sandhai ) APMC",Chikoos(Sapota),Sapota,Local,28/03/2026,4000,5000,4500
"Tamil Nadu",Thiruvannamalai,"Tiruvannamalai(Uzhavar Sandhai ) APMC",Papaya,Papaya,Local,28/03/2026,3500,4000,3750
"Tamil Nadu",Thiruvannamalai,"Tiruvannamalai(Uzhavar Sandhai ) APMC",Tomato,Deshi,Local,28/03/2026,1200,1500,1350
"Tamil Nadu",Thiruvannamalai,"Tiruvannamalai(Uzhavar Sandhai ) APMC","Bitter gourd","Bitter Gourd",Local,28/03/2026,2400,3000,2700
"Tamil Nadu",Thiruvannamalai,"Tiruvannamalai(Uzhavar Sandhai ) APMC",Ashgourd,Gouard,Local,28/03/2026,1500,2000,1750
"Tamil Nadu",Thiruvannamalai,"Tiruvannamalai(Uzhavar Sandhai ) APMC","Green Chilli","Green Chilly",Local,28/03/2026,2500,3000,2750
"Tamil Nadu",Thiruvannamalai,"Tiruvannamalai(Uzhavar Sandhai ) APMC",Ginger(Green),"Green Ginger",Local,28/03/2026,8000,10000,9000
"Tamil Nadu",Thiruvannamalai,"Tiruvannamalai(Uzhavar Sandhai ) APMC",Coconut,Coconut,Local,28/03/2026,4000,5000,4500
"Tamil Nadu",Thiruvannamalai,"Tiruvannamalai(Uzhavar Sandhai ) APMC","Sweet Potato","Hosur Red",Local,28/03/2026,2500,3000,2750
"Tamil Nadu",Thiruvannamalai,"Tiruvannamalai(Uzhavar Sandhai ) APMC",Raddish,Raddish,Local,28/03/2026,1500,2000,1750
"Tamil Nadu",Thiruvannamalai,"Tiruvannamalai(Uzhavar Sandhai ) APMC",Lemon,Lemon,Local,28/03/2026,14000,16000,15000
"Tamil Nadu",Thiruvannamalai,"Tiruvannamalai(Uzhavar Sandhai ) APMC","Amla(Nelli Kai)",Amla,Local,28/03/2026,7000,8000,7500
"Tamil Nadu",Thiruvannamalai,"Polur(Uzhavar Sandhai ) APMC",Coriander(Leaves),"I Sort",Local,28/03/2026,4200,5000,4600
"Tamil Nadu",Thiruvannamalai,"Polur(Uzhavar Sandhai ) APMC",Papaya,Papaya,Local,28/03/2026,2500,3000,2750
"Tamil Nadu",Thiruvannamalai,"Polur(Uzhavar Sandhai ) APMC",Tomato,Deshi,Local,28/03/2026,1200,1500,1350
"Tamil Nadu",Thiruvannamalai,"Polur(Uzhavar Sandhai ) APMC","Cluster beans","Cluster Beans",Local,28/03/2026,4200,5000,4600
"Tamil Nadu",Thiruvannamalai,"Polur(Uzhavar Sandhai ) APMC","Bitter gourd","Bitter Gourd",Local,28/03/2026,4000,4800,4400
"Tamil Nadu",Thiruvannamalai,"Polur(Uzhavar Sandhai ) APMC",Pumpkin,Pumpkin,Local,28/03/2026,1600,2000,1800
"Tamil Nadu",Thiruvannamalai,"Polur(Uzhavar Sandhai ) APMC",Ginger(Green),"Green Ginger",Local,28/03/2026,7000,8400,7700
"Tamil Nadu",Thiruvannamalai,"Polur(Uzhavar Sandhai ) APMC","Sweet Potato","Hosur Red",Local,28/03/2026,3300,4000,3650
"Tamil Nadu",Thiruvannamalai,"Polur(Uzhavar Sandhai ) APMC",Snakeguard,Snakeguard,Local,28/03/2026,2500,3000,2750
"Tamil Nadu",Thiruvannamalai,"Polur(Uzhavar Sandhai ) APMC",Guava,"Guava Allahabad",Local,28/03/2026,4200,5000,4600
"Tamil Nadu",Thiruvannamalai,"Polur(Uzhavar Sandhai ) APMC","Tender Coconut","Tender Coconut",Local,28/03/2026,1500,2000,1750
"Tamil Nadu",Thiruvannamalai,"Arani(Uzhavar Sandhai ) APMC","Cluster beans","Cluster Beans",Local,28/03/2026,4000,4800,4400
"Tamil Nadu",Thiruvannamalai,"Arani(Uzhavar Sandhai ) APMC",Ashgourd,Gouard,Local,28/03/2026,2000,2500,2250
"Tamil Nadu",Thiruvannamalai,"Arani(Uzhavar Sandhai ) APMC",Beans,"Beans (Whole)",Local,28/03/2026,3000,4000,3500
"Tamil Nadu",Thiruvannamalai,"Arani(Uzhavar Sandhai ) APMC",Cabbage,Cabbage,Local,28/03/2026,2000,2400,2200
"Tamil Nadu",Thiruvannamalai,"Arani(Uzhavar Sandhai ) APMC",Ridgeguard(Tori),Ridgeguard(Tori),Local,28/03/2026,2500,3000,2750
"Tamil Nadu",Thiruvannamalai,"Arani(Uzhavar Sandhai ) APMC",Lemon,Lemon,Local,28/03/2026,7000,8000,7500
"Tamil Nadu",Thiruvannamalai,"Chengam(Uzhavar Sandhai ) APMC",Groundnut,"Big (With Shell)",Local,28/03/2026,7000,8000,7500
"Tamil Nadu",Thiruvannamalai,"Chengam(Uzhavar Sandhai ) APMC",Potato,"Red Nanital",Local,28/03/2026,3000,3600,3300
"Tamil Nadu",Thiruvannamalai,"Chengam(Uzhavar Sandhai ) APMC",Tomato,Deshi,Local,28/03/2026,800,1000,900
"Tamil Nadu",Thiruvannamalai,"Chengam(Uzhavar Sandhai ) APMC",Ginger(Green),"Green Ginger",Local,28/03/2026,8000,10000,9000
"Tamil Nadu",Thiruvannamalai,"Chengam(Uzhavar Sandhai ) APMC",Coconut,Coconut,Local,28/03/2026,4200,5000,4600
"Tamil Nadu",Thiruvannamalai,"Chengam(Uzhavar Sandhai ) APMC",Cabbage,Cabbage,Local,28/03/2026,2500,3000,2750
"Tamil Nadu",Thiruvannamalai,"Chengam(Uzhavar Sandhai ) APMC",Beetroot,Beetroot,Local,28/03/2026,2500,3000,2750
"Tamil Nadu",Thiruvannamalai,"Chengam(Uzhavar Sandhai ) APMC",Thondekai,Thondekai,Local,28/03/2026,7000,8000,7500
"Tamil Nadu",Thiruvannamalai,"Chengam(Uzhavar Sandhai ) APMC",Yam(Ratalu),"Yam (Ratalu)",Local,28/03/2026,3300,4000,3650
"Tamil Nadu",Thiruvannamalai,"Chengam(Uzhavar Sandhai ) APMC",Lemon,Lemon,Local,28/03/2026,10000,12000,11000
"Tamil Nadu",Thiruvannamalai,"Vandavasi(Uzhavar Sandhai ) APMC",Onion,Bellary,Local,28/03/2026,2000,2500,2250
"Tamil Nadu",Thiruvannamalai,"Vandavasi(Uzhavar Sandhai ) APMC",Papaya,Papaya,Local,28/03/2026,3000,4000,3500
"Tamil Nadu",Thiruvannamalai,"Vandavasi(Uzhavar Sandhai ) APMC","Bitter gourd",Other,Local,28/03/2026,3500,4000,3750
"Tamil Nadu",Thiruvannamalai,"Vandavasi(Uzhavar Sandhai ) APMC",Ashgourd,Gouard,Local,28/03/2026,2000,2500,2250
"Tamil Nadu",Thiruvannamalai,"Vandavasi(Uzhavar Sandhai ) APMC","Bhindi(Ladies Finger)",Bhindi,Local,28/03/2026,2500,3000,2750
"Tamil Nadu",Thiruvannamalai,"Vandavasi(Uzhavar Sandhai ) APMC",Mango(Raw-Ripe),"Mango - Raw-Ripe",Local,28/03/2026,4000,5000,4500
"Tamil Nadu",Thiruvannamalai,"Vandavasi(Uzhavar Sandhai ) APMC",Lemon,Lemon,Local,28/03/2026,7000,8000,7500
"Tamil Nadu",Thiruvannamalai,"Tamarainagar(Uzhavar Sandhai ) APMC",Chikoos(Sapota),Sapota,Local,28/03/2026,3500,4000,3750
"Tamil Nadu",Thiruvannamalai,"Tamarainagar(Uzhavar Sandhai ) APMC","Water Melon","Water Melon",Local,28/03/2026,1500,2000,1750
"Tamil Nadu",Thiruvannamalai,"Tamarainagar(Uzhavar Sandhai ) APMC","Bitter gourd","Bitter Gourd",Local,28/03/2026,2500,3000,2750
"Tamil Nadu",Thiruvannamalai,"Tamarainagar(Uzhavar Sandhai ) APMC",Ashgourd,Gouard,Local,28/03/2026,1500,2000,1750
"Tamil Nadu",Thiruvannamalai,"Tamarainagar(Uzhavar Sandhai ) APMC",Pumpkin,Pumpkin,Local,28/03/2026,1500,2000,1750
"Tamil Nadu",Thiruvannamalai,"Tamarainagar(Uzhavar Sandhai ) APMC",Lemon,Lemon,Local,28/03/2026,12000,14000,13000
"Tamil Nadu",Thiruvannamalai,"Tamarainagar(Uzhavar Sandhai ) APMC",Colacasia,Colacasia,Local,28/03/2026,2500,3000,2750
"Tamil Nadu",Thiruvannamalai,"Tamarainagar(Uzhavar Sandhai ) APMC","Sweet Corn ","Sweet Corn ",Local,28/03/2026,1500,2000,1750
"Tamil Nadu",Thiruchirappalli,"Musiri(Uzhavar Sandhai ) APMC",Tomato,Local,Local,28/03/2026,1600,1600,1600
"Tamil Nadu",Thiruchirappalli,"Musiri(Uzhavar Sandhai ) APMC","Cluster beans","Cluster Beans",Local,28/03/2026,3000,3600,3300
"Tamil Nadu",Thiruchirappalli,"Musiri(Uzhavar Sandhai ) APMC","Bitter gourd","Bitter Gourd",Local,28/03/2026,3000,3600,3300
"Tamil Nadu",Thiruchirappalli,"Musiri(Uzhavar Sandhai ) APMC","Bhindi(Ladies Finger)",Bhindi,Local,28/03/2026,5000,5500,5250
"Tamil Nadu",Thiruchirappalli,"Musiri(Uzhavar Sandhai ) APMC","Banana - Green","Banana - Green",Local,28/03/2026,2500,2500,2500
"Tamil Nadu",Thiruchirappalli,"Musiri(Uzhavar Sandhai ) APMC",Ginger(Green),"Green Ginger",Local,28/03/2026,7000,8000,7500
"Tamil Nadu",Thiruchirappalli,"Musiri(Uzhavar Sandhai ) APMC",Coconut,Coconut,Local,28/03/2026,5000,6000,5500
"Tamil Nadu",Thiruchirappalli,"Musiri(Uzhavar Sandhai ) APMC",Beetroot,Beetroot,Local,28/03/2026,3000,3500,3250
"Tamil Nadu",Thiruchirappalli,"Musiri(Uzhavar Sandhai ) APMC",Mango(Raw-Ripe),"Mango - Raw-Ripe",Local,28/03/2026,3000,4000,3500
"Tamil Nadu",Thiruchirappalli,"Musiri(Uzhavar Sandhai ) APMC",Lemon,Lemon,Local,28/03/2026,10000,12000,11000
"Tamil Nadu",Thiruchirappalli,"Musiri(Uzhavar Sandhai ) APMC",Colacasia,Colacasia,Local,28/03/2026,4000,4600,4300
"Tamil Nadu",Thiruchirappalli,"Musiri(Uzhavar Sandhai ) APMC",Mashrooms,Mashrooms,Local,28/03/2026,18000,20000,19000
"Tamil Nadu",Thiruchirappalli,"Thiruverumbur(Uzhavar Sandhai ) APMC","Bottle gourd","Bottle Gourd",Local,28/03/2026,2000,2000,2000
"Tamil Nadu",Thiruchirappalli,"Thiruverumbur(Uzhavar Sandhai ) APMC","Green Chilli","Green Chilly",Local,28/03/2026,3600,3600,3600
"Tamil Nadu",Thiruchirappalli,"Thiruverumbur(Uzhavar Sandhai ) APMC",Beans,"Beans (Whole)",Local,28/03/2026,7000,7000,7000
"Tamil Nadu",Thiruchirappalli,"Thiruverumbur(Uzhavar Sandhai ) APMC",Cabbage,Cabbage,Local,28/03/2026,2500,2500,2500
"Tamil Nadu",Thiruchirappalli,"Thiruverumbur(Uzhavar Sandhai ) APMC",Thondekai,Thondekai,Local,28/03/2026,3600,3600,3600
"Tamil Nadu",Thiruchirappalli,"Thiruverumbur(Uzhavar Sandhai ) APMC","Chow Chow","Chow Chow",Local,28/03/2026,2500,2500,2500
"Tamil Nadu",Thiruchirappalli,"Thiruverumbur(Uzhavar Sandhai ) APMC",Mango(Raw-Ripe),"Mango - Raw-Ripe",Local,28/03/2026,4000,4000,4000
"Tamil Nadu",Thiruchirappalli,"Thiruverumbur(Uzhavar Sandhai ) APMC",Colacasia,Colacasia,Local,28/03/2026,5000,5000,5000
"Tamil Nadu",Thiruchirappalli,"Lalgudi(Uzhavar Sandhai ) APMC","Chow Chow","Chow Chow",Local,28/03/2026,2600,2600,2600
"Tamil Nadu",Thiruchirappalli,"Lalgudi(Uzhavar Sandhai ) APMC",Drumstick,Drumstick,Local,28/03/2026,3600,3600,3600
"Tamil Nadu",Thiruchirappalli,"Lalgudi(Uzhavar Sandhai ) APMC",Guava,"Guava Allahabad",Local,28/03/2026,7000,7000,7000
"Tamil Nadu",Thiruchirappalli,"Lalgudi(Uzhavar Sandhai ) APMC","Elephant Yam(Suran)/Amorphophallus","Elephant Yam (Suran)",Local,28/03/2026,4000,4000,4000
"Tamil Nadu",Thiruchirappalli,"Lalgudi(Uzhavar Sandhai ) APMC","Indian Beans(Seam)","Indian Beans (Seam)",Local,28/03/2026,6000,6000,6000
"Tamil Nadu",Thiruchirappalli,"Lalgudi(Uzhavar Sandhai ) APMC","Amla(Nelli Kai)",Amla,Local,28/03/2026,8000,8000,8000
"Tamil Nadu",Thiruchirappalli,"Manachanallur(Uzhavar Sandhai ) APMC",Potato,Other,Local,28/03/2026,2800,2800,2800
"Tamil Nadu",Thiruchirappalli,"Manachanallur(Uzhavar Sandhai ) APMC","Bitter gourd",Other,Local,28/03/2026,3000,3000,3000
"Tamil Nadu",Thiruchirappalli,"Manachanallur(Uzhavar Sandhai ) APMC",Ginger(Green),"Green Ginger",Local,28/03/2026,7600,7600,7600
"Tamil Nadu",Thiruchirappalli,"Manachanallur(Uzhavar Sandhai ) APMC",Beetroot,Beetroot,Local,28/03/2026,3000,3000,3000
"Tamil Nadu",Thiruchirappalli,"Manachanallur(Uzhavar Sandhai ) APMC","Chow Chow","Chow Chow",Local,28/03/2026,2600,2600,2600
"Tamil Nadu",Thiruchirappalli,"Manachanallur(Uzhavar Sandhai ) APMC",Drumstick,Drumstick,Local,28/03/2026,3600,3600,3600
"Tamil Nadu",Vellore,"Gudiyatham(Uzhavar Sandhai ) APMC",Potato,"Red Nanital",Local,28/03/2026,2400,2400,2400
"Tamil Nadu",Vellore,"Gudiyatham(Uzhavar Sandhai ) APMC",Ashgourd,Gouard,Local,28/03/2026,1800,1800,1800
"Tamil Nadu",Vellore,"Gudiyatham(Uzhavar Sandhai ) APMC",Pumpkin,Pumpkin,Local,28/03/2026,1800,1800,1800
"Tamil Nadu",Vellore,"Gudiyatham(Uzhavar Sandhai ) APMC",Amaranthus,Amaranthus,Local,28/03/2026,4000,4000,4000
"Tamil Nadu",Vellore,"Gudiyatham(Uzhavar Sandhai ) APMC",Carrot,Pusakesar,Local,28/03/2026,3000,3000,3000
"Tamil Nadu",Vellore,"Gudiyatham(Uzhavar Sandhai ) APMC","Green Avare(W)","Green Avare (W)",Local,28/03/2026,4600,4600,4600
"Tamil Nadu",Vellore,"Gudiyatham(Uzhavar Sandhai ) APMC","Chow Chow","Chow Chow",Local,28/03/2026,3000,3000,3000
"Tamil Nadu",Vellore,"Gudiyatham(Uzhavar Sandhai ) APMC",Drumstick,Drumstick,Local,28/03/2026,3000,3000,3000
"Tamil Nadu",Vellore,"Gudiyatham(Uzhavar Sandhai ) APMC",Lime,Lime,Local,28/03/2026,3000,3000,3000
"Tamil Nadu",Vellore,"Gudiyatham(Uzhavar Sandhai ) APMC",Guava,"Guava Allahabad",Local,28/03/2026,3500,3500,3500
"Tamil Nadu",Vellore,"Gudiyatham(Uzhavar Sandhai ) APMC",Yam(Ratalu),"Yam (Ratalu)",Local,28/03/2026,4600,4600,4600
"Tamil Nadu",Vellore,"Gudiyatham(Uzhavar Sandhai ) APMC",Colacasia,Colacasia,Local,28/03/2026,4000,4000,4000
"Tamil Nadu",Vellore,"Gudiyatham(Uzhavar Sandhai ) APMC","Onion Green","Onion Green",Local,28/03/2026,4600,4600,4600
"Tamil Nadu",Vellore,"Gudiyatham(Uzhavar Sandhai ) APMC","Sweet Corn ","Sweet Corn ",Local,28/03/2026,3000,3000,3000
"Tamil Nadu",Vellore,"Kahithapattarai(Uzhavar Sandhai ) APMC",Cauliflower,Ranchi,Local,28/03/2026,2000,2000,2000
"Tamil Nadu",Vellore,"Kahithapattarai(Uzhavar Sandhai ) APMC","Green Peas","Green Peas",Local,28/03/2026,9000,9000,9000
"Tamil Nadu",Vellore,"Kahithapattarai(Uzhavar Sandhai ) APMC",Cowpea(Veg),"Cowpea (Veg)",Local,28/03/2026,4500,4500,4500
"Tamil Nadu",Vellore,"Kahithapattarai(Uzhavar Sandhai ) APMC","Banana - Green","Banana - Green",Local,28/03/2026,3200,3200,3200
"Tamil Nadu",Vellore,"Kahithapattarai(Uzhavar Sandhai ) APMC",Coconut,Coconut,Local,28/03/2026,2000,3000,2500
"Tamil Nadu",Vellore,"Kahithapattarai(Uzhavar Sandhai ) APMC",Snakeguard,Snakeguard,Local,28/03/2026,3600,3600,3600
"Tamil Nadu",Vellore,"Kahithapattarai(Uzhavar Sandhai ) APMC",Thondekai,Thondekai,Local,28/03/2026,3500,3500,3500
"Tamil Nadu",Vellore,"Kahithapattarai(Uzhavar Sandhai ) APMC",Mango(Raw-Ripe),"Mango - Raw-Ripe",Local,28/03/2026,4500,4500,4500
"Tamil Nadu",Vellore,"Kahithapattarai(Uzhavar Sandhai ) APMC",Mint(Pudina),Mint(Pudina),Local,28/03/2026,4000,4000,4000
"Tamil Nadu",Villupuram,"Villupuram(Uzhavar Sandhai ) APMC",Banana,Besrai,Local,28/03/2026,4000,10000,7000
"Tamil Nadu",Villupuram,"Villupuram(Uzhavar Sandhai ) APMC",Cauliflower,Ranchi,Local,28/03/2026,2500,3000,2750
"Tamil Nadu",Villupuram,"Villupuram(Uzhavar Sandhai ) APMC",Coriander(Leaves),"I Sort",Local,28/03/2026,6000,6000,6000
"Tamil Nadu",Villupuram,"Villupuram(Uzhavar Sandhai ) APMC",Papaya,Papaya,Local,28/03/2026,4000,4000,4000
"Tamil Nadu",Villupuram,"Villupuram(Uzhavar Sandhai ) APMC","Cluster beans","Cluster Beans",Local,28/03/2026,4000,4000,4000
"Tamil Nadu",Villupuram,"Villupuram(Uzhavar Sandhai ) APMC",Ashgourd,Gouard,Local,28/03/2026,2000,2000,2000
"Tamil Nadu",Villupuram,"Villupuram(Uzhavar Sandhai ) APMC","Green Chilli","Green Chilly",Local,28/03/2026,4000,4000,4000
"Tamil Nadu",Villupuram,"Villupuram(Uzhavar Sandhai ) APMC",Ginger(Green),"Green Ginger",Local,28/03/2026,7000,7000,7000
"Tamil Nadu",Villupuram,"Villupuram(Uzhavar Sandhai ) APMC",Cabbage,Cabbage,Local,28/03/2026,2500,2500,2500
"Tamil Nadu",Villupuram,"Villupuram(Uzhavar Sandhai ) APMC",Raddish,Raddish,Local,28/03/2026,2500,2500,2500
"Tamil Nadu",Villupuram,"Villupuram(Uzhavar Sandhai ) APMC",Mango(Raw-Ripe),"Mango - Raw-Ripe",Local,28/03/2026,3000,5000,4000
"Tamil Nadu",Villupuram,"Villupuram(Uzhavar Sandhai ) APMC","Knool Khol","Knool Khol",Local,28/03/2026,4000,4000,4000
"Tamil Nadu",Villupuram,"Villupuram(Uzhavar Sandhai ) APMC",Lemon,Lemon,Local,28/03/2026,12000,12000,12000
"Tamil Nadu",Villupuram,"Villupuram(Uzhavar Sandhai ) APMC",Colacasia,Colacasia,Local,28/03/2026,4500,4500,4500
"Tamil Nadu",Villupuram,"Gingee(Uzhavar Sandhai ) APMC","Bitter gourd",Other,Local,28/03/2026,7000,7000,7000
"Tamil Nadu",Villupuram,"Gingee(Uzhavar Sandhai ) APMC",Ashgourd,Gouard,Local,28/03/2026,2000,2000,2000
"Tamil Nadu",Villupuram,"Gingee(Uzhavar Sandhai ) APMC",Pumpkin,Pumpkin,Local,28/03/2026,2000,2000,2000
"Tamil Nadu",Villupuram,"Gingee(Uzhavar Sandhai ) APMC","Banana - Green","Banana - Green",Local,28/03/2026,5000,5000,5000
"Tamil Nadu",Villupuram,"Gingee(Uzhavar Sandhai ) APMC",Carrot,Pusakesar,Local,28/03/2026,3500,3500,3500
"Tamil Nadu",Villupuram,"Gingee(Uzhavar Sandhai ) APMC",Cucumbar(Kheera),Cucumbar,Local,28/03/2026,4000,4000,4000
"Tamil Nadu",Villupuram,"Gingee(Uzhavar Sandhai ) APMC",Raddish,Raddish,Local,28/03/2026,2500,2500,2500
"Tamil Nadu",Villupuram,"Gingee(Uzhavar Sandhai ) APMC",Thondekai,Thondekai,Local,28/03/2026,3500,3500,3500
"Tamil Nadu",Villupuram,"Gingee(Uzhavar Sandhai ) APMC",Mango(Raw-Ripe),"Mango - Raw-Ripe",Local,28/03/2026,3000,5000,4000
"Tamil Nadu",Villupuram,"Gingee(Uzhavar Sandhai ) APMC",Yam(Ratalu),"Yam (Ratalu)",Local,28/03/2026,5000,5000,5000
"Tamil Nadu",Virudhunagar,"Aruppukottai(Uzhavar Sandhai ) APMC","Bitter gourd",Other,Local,28/03/2026,4500,5000,4750
"Tamil Nadu",Virudhunagar,"Aruppukottai(Uzhavar Sandhai ) APMC","Banana - Green","Banana - Green",Local,28/03/2026,3000,3500,3250
"Tamil Nadu",Virudhunagar,"Aruppukottai(Uzhavar Sandhai ) APMC",Snakeguard,Snakeguard,Local,28/03/2026,2500,3000,2750
"Tamil Nadu",Virudhunagar,"Aruppukottai(Uzhavar Sandhai ) APMC",Ridgeguard(Tori),Ridgeguard(Tori),Local,28/03/2026,5500,6000,5750
"Tamil Nadu",Virudhunagar,"Aruppukottai(Uzhavar Sandhai ) APMC",Mango(Raw-Ripe),"Mango - Raw-Ripe",Local,28/03/2026,7500,8000,7750
"Tamil Nadu",Virudhunagar,"Aruppukottai(Uzhavar Sandhai ) APMC",Lime,Lime,Local,28/03/2026,15000,16000,15500
"Tamil Nadu",Virudhunagar,"Aruppukottai(Uzhavar Sandhai ) APMC",Lemon,Lemon,Local,28/03/2026,13000,14000,13500
"Tamil Nadu",Virudhunagar,"Aruppukottai(Uzhavar Sandhai ) APMC",Mint(Pudina),Mint(Pudina),Local,28/03/2026,3000,3500,3250
"Tamil Nadu",Virudhunagar,"Rajapalayam(Uzhavar Sandhai ) APMC",Banana,Besrai,Local,28/03/2026,3500,4000,3750
"Tamil Nadu",Virudhunagar,"Rajapalayam(Uzhavar Sandhai ) APMC",Cauliflower,Ranchi,Local,28/03/2026,2500,3000,2750
"Tamil Nadu",Virudhunagar,"Rajapalayam(Uzhavar Sandhai ) APMC",Chikoos(Sapota),Sapota,Local,28/03/2026,3000,3600,3300
"Tamil Nadu",Virudhunagar,"Rajapalayam(Uzhavar Sandhai ) APMC","Green Chilli","Green Chilly",Local,28/03/2026,4500,5000,4750
"Tamil Nadu",Virudhunagar,"Rajapalayam(Uzhavar Sandhai ) APMC",Beans,"Beans (Whole)",Local,28/03/2026,7000,8000,7500
"Tamil Nadu",Virudhunagar,"Rajapalayam(Uzhavar Sandhai ) APMC","Green Avare(W)","Green Avare (W)",Local,28/03/2026,6000,7000,6500
"Tamil Nadu",Virudhunagar,"Rajapalayam(Uzhavar Sandhai ) APMC","Chow Chow","Chow Chow",Local,28/03/2026,2800,3200,3000
"Tamil Nadu",Virudhunagar,"Rajapalayam(Uzhavar Sandhai ) APMC",Guava,"Guava Allahabad",Local,28/03/2026,3500,4000,3750
"Tamil Nadu",Virudhunagar,"Sivakasi(Uzhavar Sandhai ) APMC",Tomato,Deshi,Local,28/03/2026,2200,2500,2350
"Tamil Nadu",Virudhunagar,"Sivakasi(Uzhavar Sandhai ) APMC","Bitter gourd","Bitter Gourd",Local,28/03/2026,5500,6000,5750
"Tamil Nadu",Virudhunagar,"Sivakasi(Uzhavar Sandhai ) APMC","Banana - Green","Banana - Green",Local,28/03/2026,3500,4000,3750
"Tamil Nadu",Virudhunagar,"Sivakasi(Uzhavar Sandhai ) APMC",Coconut,Coconut,Local,28/03/2026,5500,6000,5750
"Tamil Nadu",Virudhunagar,"Sivakasi(Uzhavar Sandhai ) APMC",Snakeguard,Snakeguard,Local,28/03/2026,1800,2000,1900
"Tamil Nadu",Virudhunagar,"Sivakasi(Uzhavar Sandhai ) APMC",Ridgeguard(Tori),Ridgeguard(Tori),Local,28/03/2026,3500,4000,3750
"Tamil Nadu",Virudhunagar,"Sivakasi(Uzhavar Sandhai ) APMC","Green Avare(W)","Green Avare (W)",Local,28/03/2026,5500,6000,5750
"Tamil Nadu",Virudhunagar,"Sivakasi(Uzhavar Sandhai ) APMC","Onion Green","Onion Green",Local,28/03/2026,3500,4000,3750
"Tamil Nadu",Virudhunagar,"Sathur(Uzhavar Sandhai ) APMC",Onion,Bellary,Local,28/03/2026,3500,4000,3750
"Tamil Nadu",Virudhunagar,"Sathur(Uzhavar Sandhai ) APMC","Cluster beans","Cluster Beans",Local,28/03/2026,4500,5000,4750
"Tamil Nadu",Virudhunagar,"Sathur(Uzhavar Sandhai ) APMC","Bottle gourd","Bottle Gourd",Local,28/03/2026,1600,2000,1800
"Tamil Nadu",Virudhunagar,"Sathur(Uzhavar Sandhai ) APMC",Amaranthus,Amaranthus,Local,28/03/2026,2500,3000,2750
"Tamil Nadu",Virudhunagar,"Sathur(Uzhavar Sandhai ) APMC","Banana - Green","Banana - Green",Local,28/03/2026,2500,3000,2750
"Tamil Nadu",Virudhunagar,"Sathur(Uzhavar Sandhai ) APMC",Snakeguard,Snakeguard,Local,28/03/2026,2500,3000,2750
"Tamil Nadu",Virudhunagar,"Sathur(Uzhavar Sandhai ) APMC","Green Avare(W)","Green Avare (W)",Local,28/03/2026,7500,8000,7750
"Tamil Nadu",Virudhunagar,"Sathur(Uzhavar Sandhai ) APMC","Chow Chow","Chow Chow",Local,28/03/2026,2500,3000,2750
"Tamil Nadu",Virudhunagar,"Sathur(Uzhavar Sandhai ) APMC",Guava,"Guava Allahabad",Local,28/03/2026,4500,5000,4750
"Tamil Nadu",Virudhunagar,"Kariyapatti(Uzhavar Sandhai ) APMC",Cauliflower,Ranchi,Local,28/03/2026,3000,3500,3250
"Tamil Nadu",Virudhunagar,"Kariyapatti(Uzhavar Sandhai ) APMC",Brinjal,Round,Local,28/03/2026,3500,4000,3750
"Tamil Nadu",Virudhunagar,"Kariyapatti(Uzhavar Sandhai ) APMC","Banana - Green","Banana - Green",Local,28/03/2026,3000,3500,3250
"Tamil Nadu",Virudhunagar,"Kariyapatti(Uzhavar Sandhai ) APMC",Cabbage,Cabbage,Local,28/03/2026,2500,3000,2750
"Tamil Nadu",Virudhunagar,"Kariyapatti(Uzhavar Sandhai ) APMC",Ridgeguard(Tori),Ridgeguard(Tori),Local,28/03/2026,5500,6000,5750
"Tamil Nadu",Virudhunagar,"Kariyapatti(Uzhavar Sandhai ) APMC",Guava,"Guava Allahabad",Local,28/03/2026,4500,5000,4750
"Tamil Nadu",Virudhunagar,"Kariyapatti(Uzhavar Sandhai ) APMC",Yam(Ratalu),"Yam (Ratalu)",Local,28/03/2026,7500,8000,7750
"Tamil Nadu",Virudhunagar,"Kariyapatti(Uzhavar Sandhai ) APMC","Onion Green","Onion Green",Local,28/03/2026,3500,4000,3750
"Tamil Nadu",Virudhunagar,"Thalavaipuram(Uzhavar Sandhai ) APMC",Banana,Besrai,Local,28/03/2026,3200,4000,3600
"Tamil Nadu",Virudhunagar,"Thalavaipuram(Uzhavar Sandhai ) APMC",Brinjal,Round,Local,28/03/2026,4000,5000,4500
"Tamil Nadu",Virudhunagar,"Thalavaipuram(Uzhavar Sandhai ) APMC",Coriander(Leaves),"I Sort",Local,28/03/2026,4000,5000,4500
"Tamil Nadu",Virudhunagar,"Thalavaipuram(Uzhavar Sandhai ) APMC","Cluster beans","Cluster Beans",Local,28/03/2026,2800,3500,3150
"Tamil Nadu",Virudhunagar,"Thalavaipuram(Uzhavar Sandhai ) APMC","Bottle gourd","Bottle Gourd",Local,28/03/2026,800,1000,900
"Tamil Nadu",Virudhunagar,"Thalavaipuram(Uzhavar Sandhai ) APMC",Amaranthus,Amaranthus,Local,28/03/2026,2800,3500,3150
"Tamil Nadu",Virudhunagar,"Thalavaipuram(Uzhavar Sandhai ) APMC",Ginger(Green),"Green Ginger",Local,28/03/2026,6000,7500,6750
"Tamil Nadu",Virudhunagar,"Thalavaipuram(Uzhavar Sandhai ) APMC","Green Avare(W)","Green Avare (W)",Local,28/03/2026,5500,7000,6250
"Tamil Nadu",Virudhunagar,"Thalavaipuram(Uzhavar Sandhai ) APMC","Elephant Yam(Suran)/Amorphophallus","Elephant Yam (Suran)",Local,28/03/2026,3200,4000,3600
"Tamil Nadu",Virudhunagar,"Thalavaipuram(Uzhavar Sandhai ) APMC",Colacasia,Colacasia,Local,28/03/2026,5500,7000,6250
"Tamil Nadu",Chengalpattu,"Jameenrayapettai(Uzhavar Sandhai ) APMC",Onion,Bellary,Local,28/03/2026,2000,3800,2900
"Tamil Nadu",Chengalpattu,"Jameenrayapettai(Uzhavar Sandhai ) APMC",Ashgourd,Gouard,Local,28/03/2026,1800,2000,1900
"Tamil Nadu",Chengalpattu,"Jameenrayapettai(Uzhavar Sandhai ) APMC","Bhindi(Ladies Finger)",Bhindi,Local,28/03/2026,6000,7000,6500
"Tamil Nadu",Chengalpattu,"Jameenrayapettai(Uzhavar Sandhai ) APMC","Banana - Green","Banana - Green",Local,28/03/2026,3500,4000,3750
"Tamil Nadu",Chengalpattu,"Jameenrayapettai(Uzhavar Sandhai ) APMC",Beetroot,Beetroot,Local,28/03/2026,3500,4000,3750
"Tamil Nadu",Ranipet,"Ranipettai(Uzhavar Sandhai ) APMC",Banana,Karpura,Local,28/03/2026,5000,6000,5500
"Tamil Nadu",Ranipet,"Ranipettai(Uzhavar Sandhai ) APMC",Onion,Bellary,Local,28/03/2026,2000,2200,2100
"Tamil Nadu",Ranipet,"Ranipettai(Uzhavar Sandhai ) APMC",Potato,Other,Local,28/03/2026,2000,2000,2000
"Tamil Nadu",Ranipet,"Ranipettai(Uzhavar Sandhai ) APMC","Bitter gourd",Other,Local,28/03/2026,3000,3500,3250
"Tamil Nadu",Ranipet,"Ranipettai(Uzhavar Sandhai ) APMC",Pumpkin,Pumpkin,Local,28/03/2026,1500,1500,1500
"Tamil Nadu",Ranipet,"Ranipettai(Uzhavar Sandhai ) APMC",Amaranthus,Amaranthus,Local,28/03/2026,2500,2500,2500
"Tamil Nadu",Ranipet,"Ranipettai(Uzhavar Sandhai ) APMC",Beans,"Beans (Whole)",Local,28/03/2026,5000,6000,5500
"Tamil Nadu",Ranipet,"Ranipettai(Uzhavar Sandhai ) APMC","Sweet Potato","Hosur Red",Local,28/03/2026,3000,3500,3250
"Tamil Nadu",Ranipet,"Ranipettai(Uzhavar Sandhai ) APMC",Snakeguard,Snakeguard,Local,28/03/2026,2800,2800,2800
"Tamil Nadu",Ranipet,"Ranipettai(Uzhavar Sandhai ) APMC",Cucumbar(Kheera),Cucumbar,Local,28/03/2026,2500,3500,3000
"Tamil Nadu",Ranipet,"Ranipettai(Uzhavar Sandhai ) APMC",Ridgeguard(Tori),Ridgeguard(Tori),Local,28/03/2026,3500,4000,3750
"Tamil Nadu",Ranipet,"Ranipettai(Uzhavar Sandhai ) APMC",Capsicum,Capsicum,Local,28/03/2026,5000,5000,5000
"Tamil Nadu",Ranipet,"Ranipettai(Uzhavar Sandhai ) APMC","Chow Chow","Chow Chow",Local,28/03/2026,2400,2400,2400
"Tamil Nadu",Ranipet,"Ranipettai(Uzhavar Sandhai ) APMC",Drumstick,Drumstick,Local,28/03/2026,3000,4000,3500
"Tamil Nadu",Ranipet,"Ranipettai(Uzhavar Sandhai ) APMC",Guava,"Guava Allahabad",Local,28/03/2026,4000,6000,5000
"Tamil Nadu",Ranipet,"Ranipettai(Uzhavar Sandhai ) APMC","Indian Beans(Seam)","Indian Beans (Seam)",Local,28/03/2026,4500,4500,4500
"Tamil Nadu",Ranipet,"Arcot(Uzhavar Sandhai ) APMC",Chikoos(Sapota),Sapota,Local,28/03/2026,4000,4000,4000
"Tamil Nadu",Ranipet,"Arcot(Uzhavar Sandhai ) APMC","Bhindi(Ladies Finger)",Bhindi,Local,28/03/2026,3600,3600,3600
"Tamil Nadu",Ranipet,"Arcot(Uzhavar Sandhai ) APMC",Amaranthus,Amaranthus,Local,28/03/2026,2000,2500,2250
"Tamil Nadu",Ranipet,"Arcot(Uzhavar Sandhai ) APMC","Banana - Green","Banana - Green",Local,28/03/2026,4000,5000,4500
"Tamil Nadu",Ranipet,"Arcot(Uzhavar Sandhai ) APMC","Karbuja(Musk Melon)",Karbhuja,Local,28/03/2026,4000,4000,4000
"Tamil Nadu",Ranipet,"Arcot(Uzhavar Sandhai ) APMC","Elephant Yam(Suran)/Amorphophallus","Elephant Yam (Suran)",Local,28/03/2026,4000,4000,4000
"Tamil Nadu",Ranipet,"Arcot(Uzhavar Sandhai ) APMC","Amla(Nelli Kai)",Amla,Local,28/03/2026,10000,10000,10000
"Tamil Nadu",Thirupur,"Palladam(Uzhavar Sandhai ) APMC",Chikoos(Sapota),Sapota,Local,28/03/2026,3500,4000,3750
"Tamil Nadu",Thirupur,"Palladam(Uzhavar Sandhai ) APMC",Tomato,Local,Local,28/03/2026,1200,1600,1400
"Tamil Nadu",Thirupur,"Palladam(Uzhavar Sandhai ) APMC","Bitter gourd",Other,Local,28/03/2026,4500,5000,4750
"Tamil Nadu",Thirupur,"Palladam(Uzhavar Sandhai ) APMC",Ashgourd,Gouard,Local,28/03/2026,1600,2200,1900
"Tamil Nadu",Thirupur,"Palladam(Uzhavar Sandhai ) APMC",Pumpkin,Pumpkin,Local,28/03/2026,1500,2000,1750
"Tamil Nadu",Thirupur,"Palladam(Uzhavar Sandhai ) APMC",Carrot,Pusakesar,Local,28/03/2026,4000,4500,4250
"Tamil Nadu",Thirupur,"Palladam(Uzhavar Sandhai ) APMC","Onion Green","Onion Green",Local,28/03/2026,2500,3000,2750
"Tamil Nadu",Thirupur,"Tiruppur (South) (Uzhavar Sandhai ) APMC",Coriander(Leaves),"I Sort",Local,28/03/2026,4000,5000,4500
"Tamil Nadu",Thirupur,"Tiruppur (South) (Uzhavar Sandhai ) APMC","Bottle gourd","Bottle Gourd",Local,28/03/2026,1000,1500,1250
"Tamil Nadu",Thirupur,"Tiruppur (South) (Uzhavar Sandhai ) APMC",Amaranthus,Amaranthus,Local,28/03/2026,2500,3000,2750
"Tamil Nadu",Thirupur,"Tiruppur (South) (Uzhavar Sandhai ) APMC",Beans,"Beans (Whole)",Local,28/03/2026,6000,7000,6500
"Tamil Nadu",Thirupur,"Tiruppur (South) (Uzhavar Sandhai ) APMC",Beetroot,Beetroot,Local,28/03/2026,3000,4000,3500
"Tamil Nadu",Thirupur,"Tiruppur (South) (Uzhavar Sandhai ) APMC",Ridgeguard(Tori),Ridgeguard(Tori),Local,28/03/2026,4000,5000,4500
"Tamil Nadu",Thirupur,"Tiruppur (South) (Uzhavar Sandhai ) APMC",Drumstick,Drumstick,Local,28/03/2026,2000,2600,2300
"Tamil Nadu",Thirupur,"Dharapuram(Uzhavar Sandhai ) APMC",Onion,Bellary,Local,28/03/2026,2200,2700,2450
"Tamil Nadu",Thirupur,"Dharapuram(Uzhavar Sandhai ) APMC",Tomato,Local,Local,28/03/2026,1200,1600,1400
"Tamil Nadu",Thirupur,"Dharapuram(Uzhavar Sandhai ) APMC","Green Chilli","Green Chilly",Local,28/03/2026,4800,5200,5000
"Tamil Nadu",Thirupur,"Dharapuram(Uzhavar Sandhai ) APMC",Carrot,Pusakesar,Local,28/03/2026,4500,5000,4750
"Tamil Nadu",Thirupur,"Dharapuram(Uzhavar Sandhai ) APMC","Chow Chow","Chow Chow",Local,28/03/2026,2500,3000,2750
"Tamil Nadu",Thirupur,"Dharapuram(Uzhavar Sandhai ) APMC",Drumstick,Drumstick,Local,28/03/2026,2500,3000,2750
"Tamil Nadu",Thirupur,"Dharapuram(Uzhavar Sandhai ) APMC",Mint(Pudina),Mint(Pudina),Local,28/03/2026,5500,6000,5750
"Tamil Nadu",Thirupur,"Tiruppur (North) (Uzhavar Sandhai ) APMC",Onion,Bellary,Local,28/03/2026,2000,2500,2250
"Tamil Nadu",Thirupur,"Tiruppur (North) (Uzhavar Sandhai ) APMC",Garlic,Garlic,Local,28/03/2026,14000,15000,14500
"Tamil Nadu",Thirupur,"Tiruppur (North) (Uzhavar Sandhai ) APMC",Tomato,Deshi,Local,28/03/2026,1400,1600,1500
"Tamil Nadu",Thirupur,"Tiruppur (North) (Uzhavar Sandhai ) APMC","Bhindi(Ladies Finger)",Bhindi,Local,28/03/2026,5500,6000,5750
"Tamil Nadu",Thirupur,"Tiruppur (North) (Uzhavar Sandhai ) APMC","Green Chilli","Green Chilly",Local,28/03/2026,4000,4500,4250
"Tamil Nadu",Thirupur,"Tiruppur (North) (Uzhavar Sandhai ) APMC",Cowpea(Veg),"Cowpea (Veg)",Local,28/03/2026,2500,3000,2750
"Tamil Nadu",Thirupur,"Tiruppur (North) (Uzhavar Sandhai ) APMC",Drumstick,Drumstick,Local,28/03/2026,2500,3000,2750
"Tamil Nadu",Thirupur,"Tiruppur (North) (Uzhavar Sandhai ) APMC",Mango(Raw-Ripe),"Mango - Raw-Ripe",Local,28/03/2026,4500,5000,4750
"Tamil Nadu",Thirupur,"Tiruppur (North) (Uzhavar Sandhai ) APMC",Yam(Ratalu),"Yam (Ratalu)",Local,28/03/2026,4500,5000,4750
"Tamil Nadu",Thirupur,"Kangayam(Uzhavar Sandhai ) APMC",Cauliflower,Ranchi,Local,28/03/2026,2500,3000,2750
"Tamil Nadu",Thirupur,"Kangayam(Uzhavar Sandhai ) APMC","Bitter gourd","Bitter Gourd",Local,28/03/2026,4200,4800,4500
"Tamil Nadu",Thirupur,"Kangayam(Uzhavar Sandhai ) APMC",Pumpkin,Pumpkin,Local,28/03/2026,1500,2000,1750
"Tamil Nadu",Thirupur,"Kangayam(Uzhavar Sandhai ) APMC",Snakeguard,Snakeguard,Local,28/03/2026,3200,3600,3400
"Tamil Nadu",Thirupur,"Kangayam(Uzhavar Sandhai ) APMC",Ridgeguard(Tori),Ridgeguard(Tori),Local,28/03/2026,4200,4600,4400
"Tamil Nadu",Thirupur,"Kangayam(Uzhavar Sandhai ) APMC","Onion Green","Onion Green",Local,28/03/2026,3000,3500,3250
"Tamil Nadu",Kallakuruchi,"Kallakurichi(Uzhavar Sandhai ) APMC",Pumpkin,Pumpkin,Local,28/03/2026,2500,2500,2500
"Tamil Nadu",Kallakuruchi,"Kallakurichi(Uzhavar Sandhai ) APMC",Tapioca,Tapioca,Local,28/03/2026,3000,3000,3000
"Tamil Nadu",Kallakuruchi,"Kallakurichi(Uzhavar Sandhai ) APMC",Ginger(Green),"Green Ginger",Local,28/03/2026,9000,9000,9000
"Tamil Nadu",Kallakuruchi,"Kallakurichi(Uzhavar Sandhai ) APMC",Coconut,Coconut,Local,28/03/2026,6000,6000,6000
"Tamil Nadu",Kallakuruchi,"Kallakurichi(Uzhavar Sandhai ) APMC",Cucumbar(Kheera),Cucumbar,Local,28/03/2026,8000,8000,8000
"Tamil Nadu",Kallakuruchi,"Kallakurichi(Uzhavar Sandhai ) APMC",Ridgeguard(Tori),Ridgeguard(Tori),Local,28/03/2026,4000,4000,4000
"Tamil Nadu",Kallakuruchi,"Kallakurichi(Uzhavar Sandhai ) APMC","Chow Chow","Chow Chow",Local,28/03/2026,3000,3000,3000
"Tamil Nadu",Kallakuruchi,"Kallakurichi(Uzhavar Sandhai ) APMC","Elephant Yam(Suran)/Amorphophallus","Elephant Yam (Suran)",Local,28/03/2026,4000,4000,4000
"Tamil Nadu",Kallakuruchi,"Kallakurichi(Uzhavar Sandhai ) APMC",Yam(Ratalu),"Yam (Ratalu)",Local,28/03/2026,4000,4000,4000
"Tamil Nadu",Kallakuruchi,"Kallakurichi(Uzhavar Sandhai ) APMC","Onion Green","Onion Green",Local,28/03/2026,3000,3000,3000
"Tamil Nadu",Kallakuruchi,"Sankarapuram(Uzhavar Sandhai ) APMC",Banana,Besrai,Local,28/03/2026,4000,4000,4000
"Tamil Nadu",Kallakuruchi,"Sankarapuram(Uzhavar Sandhai ) APMC",Coriander(Leaves),"I Sort",Local,28/03/2026,4000,4000,4000
"Tamil Nadu",Kallakuruchi,"Sankarapuram(Uzhavar Sandhai ) APMC",Tomato,Deshi,Local,28/03/2026,1500,1500,1500
"Tamil Nadu",Kallakuruchi,"Sankarapuram(Uzhavar Sandhai ) APMC","Bottle gourd","Bottle Gourd",Local,28/03/2026,1500,1500,1500
"Tamil Nadu",Kallakuruchi,"Sankarapuram(Uzhavar Sandhai ) APMC",Ashgourd,Gouard,Local,28/03/2026,3000,3000,3000
"Tamil Nadu",Kallakuruchi,"Sankarapuram(Uzhavar Sandhai ) APMC",Snakeguard,Snakeguard,Local,28/03/2026,4000,4000,4000
"Tamil Nadu",Kallakuruchi,"Sankarapuram(Uzhavar Sandhai ) APMC",Thondekai,Thondekai,Local,28/03/2026,5000,5000,5000
"Tamil Nadu",Tuticorin,"Tuticorin(Uzhavar Sandhai ) APMC",Grapes,Annabesahai,Local,28/03/2026,9000,10000,9500
"Tamil Nadu",Tuticorin,"Tuticorin(Uzhavar Sandhai ) APMC",Onion,Bellary,Local,28/03/2026,2500,3000,2750
"Tamil Nadu",Tuticorin,"Tuticorin(Uzhavar Sandhai ) APMC",Chikoos(Sapota),Sapota,Local,28/03/2026,3500,4000,3750
"Tamil Nadu",Tuticorin,"Tuticorin(Uzhavar Sandhai ) APMC",Papaya,Papaya,Local,28/03/2026,4500,5000,4750
"Tamil Nadu",Tuticorin,"Tuticorin(Uzhavar Sandhai ) APMC",Tapioca,Tapioca,Local,28/03/2026,3000,3500,3250
"Tamil Nadu",Tuticorin,"Tuticorin(Uzhavar Sandhai ) APMC",Mango(Raw-Ripe),"Mango - Raw-Ripe",Local,28/03/2026,6000,7000,6500
"Tamil Nadu","Nagercoil (Kannyiakumari)","Vadaseri APMC",Banana,Besrai,Local,28/03/2026,3500,4000,3750
"Tamil Nadu","Nagercoil (Kannyiakumari)","Vadaseri APMC",Pineapple,"Pine Apple",Local,28/03/2026,5500,6000,5750
"Tamil Nadu","Nagercoil (Kannyiakumari)","Vadaseri APMC",Papaya,Papaya,Local,28/03/2026,3500,4000,3750
"Tamil Nadu","Nagercoil (Kannyiakumari)","Vadaseri APMC",Tomato,Deshi,Local,28/03/2026,1600,1800,1700
"Tamil Nadu","Nagercoil (Kannyiakumari)","Vadaseri APMC","Bitter gourd","Bitter Gourd",Local,28/03/2026,4500,5000,4750
"Tamil Nadu","Nagercoil (Kannyiakumari)","Vadaseri APMC","Bottle gourd","Bottle Gourd",Local,28/03/2026,1300,1500,1400
"Tamil Nadu","Nagercoil (Kannyiakumari)","Vadaseri APMC",Ginger(Green),"Green Ginger",Local,28/03/2026,8500,9000,8750
"Tamil Nadu","Nagercoil (Kannyiakumari)","Vadaseri APMC",Coconut,Coconut,Local,28/03/2026,5000,5200,5100
"Tamil Nadu","Nagercoil (Kannyiakumari)","Vadaseri APMC",Snakeguard,Snakeguard,Local,28/03/2026,3000,3500,3250
"Tamil Nadu","Nagercoil (Kannyiakumari)","Vadaseri APMC",Drumstick,Drumstick,Local,28/03/2026,3000,3500,3250
"Tamil Nadu","Nagercoil (Kannyiakumari)","Vadaseri APMC",Lime,Lime,Local,28/03/2026,3500,4000,3750
"Tamil Nadu","Nagercoil (Kannyiakumari)","Vadaseri APMC","Tamarind Fruit","Tamarind Fruit",Local,28/03/2026,13000,14000,13500
"Tamil Nadu","Nagercoil (Kannyiakumari)","Vadaseri APMC",Lemon,Lemon,Local,28/03/2026,11000,12000,11500
"Tamil Nadu","Nagercoil (Kannyiakumari)","Vadaseri APMC",Colacasia,Colacasia,Local,28/03/2026,6500,7000,6750
"Tamil Nadu","Nagercoil (Kannyiakumari)","Vadaseri APMC","Amla(Nelli Kai)",Amla,Local,28/03/2026,5500,6000,5750
"Tamil Nadu","Nagercoil (Kannyiakumari)","Vadaseri APMC","Onion Green","Onion Green",Local,28/03/2026,4500,5000,4750
"Tamil Nadu","Nagercoil (Kannyiakumari)","Vadaseri APMC",Mint(Pudina),Mint(Pudina),Local,28/03/2026,4500,5000,4750
"Tamil Nadu",Pudukkottai,"Karambakkudi(Uzhavar Sandhai ) APMC",Onion,Bellary,Local,28/03/2026,2500,3000,2750
"Tamil Nadu",Pudukkottai,"Karambakkudi(Uzhavar Sandhai ) APMC","Cluster beans","Cluster Beans",Local,28/03/2026,4500,5000,4750
"Tamil Nadu",Pudukkottai,"Karambakkudi(Uzhavar Sandhai ) APMC",Lemon,Lemon,Local,28/03/2026,12000,13000,12500
"Tamil Nadu",Pudukkottai,"Karambakkudi(Uzhavar Sandhai ) APMC","Onion Green","Onion Green",Local,28/03/2026,3500,4000,3750
"Tamil Nadu",Salem,"Ammapet(Uzhavar Sandhai ) APMC",Groundnut,"Big (With Shell)",Local,28/03/2026,6500,7000,6750
"Tamil Nadu",Salem,"Ammapet(Uzhavar Sandhai ) APMC",Potato,Other,Local,28/03/2026,3000,3500,3250
"Tamil Nadu",Salem,"Ammapet(Uzhavar Sandhai ) APMC",Brinjal,Other,Local,28/03/2026,2400,2600,2500
"Tamil Nadu",Salem,"Ammapet(Uzhavar Sandhai ) APMC",Coriander(Leaves),"I Sort",Local,28/03/2026,3200,3600,3400
"Tamil Nadu",Salem,"Ammapet(Uzhavar Sandhai ) APMC",Tomato,Local,Local,28/03/2026,1200,1500,1350
"Tamil Nadu",Salem,"Ammapet(Uzhavar Sandhai ) APMC","Bitter gourd",Other,Local,28/03/2026,3600,4000,3800
"Tamil Nadu",Salem,"Ammapet(Uzhavar Sandhai ) APMC",Ashgourd,Gouard,Local,28/03/2026,1400,1600,1500
"Tamil Nadu",Salem,"Ammapet(Uzhavar Sandhai ) APMC",Cowpea(Veg),"Cowpea (Veg)",Local,28/03/2026,5500,6000,5750
"Tamil Nadu",Salem,"Ammapet(Uzhavar Sandhai ) APMC","Sweet Potato","Hosur Red",Local,28/03/2026,3500,4000,3750
"Tamil Nadu",Salem,"Ammapet(Uzhavar Sandhai ) APMC",Cucumbar(Kheera),Cucumbar,Local,28/03/2026,3500,4000,3750
"Tamil Nadu",Salem,"Ammapet(Uzhavar Sandhai ) APMC",Ridgeguard(Tori),Ridgeguard(Tori),Local,28/03/2026,3600,4000,3800
"Tamil Nadu",Salem,"Ammapet(Uzhavar Sandhai ) APMC",Capsicum,Capsicum,Local,28/03/2026,6000,6500,6250
"Tamil Nadu",Salem,"Ammapet(Uzhavar Sandhai ) APMC",Pomegranate,Pomogranate,Local,28/03/2026,20000,24000,22000
"Tamil Nadu",Salem,"Ammapet(Uzhavar Sandhai ) APMC","Tender Coconut","Tender Coconut",Local,28/03/2026,3000,3500,3250
"Tamil Nadu",Salem,"Ammapet(Uzhavar Sandhai ) APMC","Indian Beans(Seam)","Indian Beans (Seam)",Local,28/03/2026,6000,6500,6250
"Tamil Nadu",Salem,"Athur(Uzhavar Sandhai ) APMC",Onion,Bellary,Local,28/03/2026,2500,3000,2750
"Tamil Nadu",Salem,"Athur(Uzhavar Sandhai ) APMC",Brinjal,Other,Local,28/03/2026,1500,1800,1650
"Tamil Nadu",Salem,"Athur(Uzhavar Sandhai ) APMC",Ashgourd,Gouard,Local,28/03/2026,1500,1800,1650
"Tamil Nadu",Salem,"Athur(Uzhavar Sandhai ) APMC",Amaranthus,Amaranthus,Local,28/03/2026,2000,2400,2200
"Tamil Nadu",Salem,"Athur(Uzhavar Sandhai ) APMC","Green Chilli","Green Chilly",Local,28/03/2026,3500,3800,3650
"Tamil Nadu",Salem,"Athur(Uzhavar Sandhai ) APMC","Chow Chow","Chow Chow",Local,28/03/2026,2500,3000,2750
"Tamil Nadu",Salem,"Athur(Uzhavar Sandhai ) APMC",Yam(Ratalu),"Yam (Ratalu)",Local,28/03/2026,3500,4500,4000
"Tamil Nadu",Theni,"Periyakulam(Uzhavar Sandhai ) APMC",Coriander(Leaves),"I Sort",Local,28/03/2026,3000,3000,3000
"Tamil Nadu",Theni,"Periyakulam(Uzhavar Sandhai ) APMC","Bottle gourd","Bottle Gourd",Local,28/03/2026,1200,1600,1400
"Tamil Nadu",Theni,"Periyakulam(Uzhavar Sandhai ) APMC",Ashgourd,Gouard,Local,28/03/2026,1000,1200,1100
"Tamil Nadu",Theni,"Periyakulam(Uzhavar Sandhai ) APMC",Beans,"Beans (Whole)",Local,28/03/2026,5600,5800,5700
"Tamil Nadu",Theni,"Periyakulam(Uzhavar Sandhai ) APMC",Ridgeguard(Tori),Ridgeguard(Tori),Local,28/03/2026,3000,3200,3100
"Tamil Nadu",Theni,"Periyakulam(Uzhavar Sandhai ) APMC",Raddish,Raddish,Local,28/03/2026,1600,1800,1700
"Tamil Nadu",Theni,"Periyakulam(Uzhavar Sandhai ) APMC","Elephant Yam(Suran)/Amorphophallus","Elephant Yam (Suran)",Local,28/03/2026,2600,2800,2700
"Tamil Nadu",Theni,"Periyakulam(Uzhavar Sandhai ) APMC",Turnip,Turnip,Local,28/03/2026,2800,3000,2900
"Tamil Nadu",Theni,"Periyakulam(Uzhavar Sandhai ) APMC","Onion Green","Onion Green",Local,28/03/2026,3000,3600,3300
"Tamil Nadu",Theni,"Periyakulam(Uzhavar Sandhai ) APMC",Mint(Pudina),Mint(Pudina),Local,28/03/2026,2300,2500,2400
"Tamil Nadu",Vellore,"Thirupathur APMC",Groundnut,"Big (With Shell)",Local,28/03/2026,6000,6000,6000
"Tamil Nadu",Vellore,"Thirupathur APMC","Bottle gourd","Bottle Gourd",Local,28/03/2026,1500,1500,1500
"Tamil Nadu",Vellore,"Thirupathur APMC",Ridgeguard(Tori),Ridgeguard(Tori),Local,28/03/2026,3500,3500,3500
"Tamil Nadu",Vellore,"Thirupathur APMC",Thondekai,Thondekai,Local,28/03/2026,4000,4000,4000
"Tamil Nadu",Vellore,"Thirupathur APMC","Indian Beans(Seam)","Indian Beans (Seam)",Local,28/03/2026,6000,6000,6000
"Tamil Nadu",Vellore,"Thirupathur APMC","Onion Green","Onion Green",Local,28/03/2026,4000,4000,4000
"Tamil Nadu",Vellore,"Thirupathur APMC",Mint(Pudina),Mint(Pudina),Local,28/03/2026,3000,3000,3000
"Tamil Nadu",Dharmapuri,"Harur(Uzhavar Sandhai ) APMC",Onion,Bellary,Local,28/03/2026,2000,2800,2400
"Tamil Nadu",Dharmapuri,"Harur(Uzhavar Sandhai ) APMC",Papaya,Papaya,Local,28/03/2026,2000,2500,2250
"Tamil Nadu",Dharmapuri,"Harur(Uzhavar Sandhai ) APMC",Ginger(Green),"Green Ginger",Local,28/03/2026,7500,8000,7750
"Tamil Nadu",Dharmapuri,"Harur(Uzhavar Sandhai ) APMC",Coconut,Coconut,Local,28/03/2026,6000,6500,6250
"Tamil Nadu",Dharmapuri,"Harur(Uzhavar Sandhai ) APMC",Snakeguard,Snakeguard,Local,28/03/2026,2500,3000,2750
"Tamil Nadu",Dharmapuri,"Harur(Uzhavar Sandhai ) APMC","Green Avare(W)",Other,Local,28/03/2026,3500,4500,4000
"Tamil Nadu",Dharmapuri,"Harur(Uzhavar Sandhai ) APMC",Mango(Raw-Ripe),"Mango - Raw-Ripe",Local,28/03/2026,6000,7000,6500
"Tamil Nadu","The Nilgiris","Coonoor(Uzhavar Sandhai ) APMC",Onion,Bellary,Local,28/03/2026,2500,2800,2650
"Tamil Nadu","The Nilgiris","Coonoor(Uzhavar Sandhai ) APMC",Garlic,Garlic,Local,28/03/2026,15000,16000,15500
"Tamil Nadu","The Nilgiris","Coonoor(Uzhavar Sandhai ) APMC",Coriander(Leaves),"I Sort",Local,28/03/2026,6000,7000,6500
"Tamil Nadu","The Nilgiris","Coonoor(Uzhavar Sandhai ) APMC","Bhindi(Ladies Finger)",Bhindi,Local,28/03/2026,6000,6500,6250
"Tamil Nadu","The Nilgiris","Coonoor(Uzhavar Sandhai ) APMC","Banana - Green","Banana - Green",Local,28/03/2026,4500,5000,4750
"Tamil Nadu","The Nilgiris","Coonoor(Uzhavar Sandhai ) APMC",Snakeguard,Snakeguard,Local,28/03/2026,3000,3400,3200
"Tamil Nadu","The Nilgiris","Coonoor(Uzhavar Sandhai ) APMC",Capsicum,Capsicum,Local,28/03/2026,6000,6500,6250
"Tamil Nadu","The Nilgiris","Coonoor(Uzhavar Sandhai ) APMC","Elephant Yam(Suran)/Amorphophallus","Elephant Yam (Suran)",Local,28/03/2026,3600,4000,3800
"Tamil Nadu","The Nilgiris","Coonoor(Uzhavar Sandhai ) APMC",Lemon,Lemon,Local,28/03/2026,14000,15000,14500
"Tamil Nadu","The Nilgiris","Gudalur(Uzhavar Sandhai ) APMC",Tomato,Deshi,Local,28/03/2026,1500,2000,1750
"Tamil Nadu","The Nilgiris","Gudalur(Uzhavar Sandhai ) APMC","Cluster beans","Cluster Beans",Local,28/03/2026,2500,3000,2750
"Tamil Nadu","The Nilgiris","Gudalur(Uzhavar Sandhai ) APMC",Tapioca,Tapioca,Local,28/03/2026,3000,3500,3250
"Tamil Nadu","The Nilgiris","Gudalur(Uzhavar Sandhai ) APMC",Coconut,Coconut,Local,28/03/2026,5600,6000,5800
"Tamil Nadu","The Nilgiris","Gudalur(Uzhavar Sandhai ) APMC",Cucumbar(Kheera),Cucumbar,Local,28/03/2026,3500,4000,3750
"Tamil Nadu","The Nilgiris","Gudalur(Uzhavar Sandhai ) APMC",Thondekai,Thondekai,Local,28/03/2026,3500,4000,3750
"Tamil Nadu","The Nilgiris","Gudalur(Uzhavar Sandhai ) APMC",Drumstick,Drumstick,Local,28/03/2026,2500,3000,2750
"Tamil Nadu","The Nilgiris","Gudalur(Uzhavar Sandhai ) APMC","Onion Green","Onion Green",Local,28/03/2026,3000,3400,3200
"Tamil Nadu",Theni,"Andipatti(Uzhavar Sandhai ) APMC",Potato,Other,Local,28/03/2026,2500,2500,2500
"Tamil Nadu",Theni,"Andipatti(Uzhavar Sandhai ) APMC",Coriander(Leaves),"I Sort",Local,28/03/2026,3000,3000,3000
"Tamil Nadu",Theni,"Andipatti(Uzhavar Sandhai ) APMC",Papaya,Papaya,Local,28/03/2026,3000,3500,3250
"Tamil Nadu",Theni,"Andipatti(Uzhavar Sandhai ) APMC","Bitter gourd",Other,Local,28/03/2026,2200,2400,2300
"Tamil Nadu",Theni,"Andipatti(Uzhavar Sandhai ) APMC",Ginger(Green),"Green Ginger",Local,28/03/2026,6000,6400,6200
"Tamil Nadu",Theni,"Andipatti(Uzhavar Sandhai ) APMC",Lime,Lime,Local,28/03/2026,10000,11500,10750
"Tamil Nadu",Theni,"Andipatti(Uzhavar Sandhai ) APMC",Mashrooms,Mashrooms,Local,28/03/2026,23000,23000,23000
"Tamil Nadu",Theni,"Andipatti(Uzhavar Sandhai ) APMC",Mint(Pudina),Mint(Pudina),Local,28/03/2026,2300,2500,2400
"Tamil Nadu",Virudhunagar,"Srivilliputhur(Uzhavar Sandhai ) APMC",Onion,Bellary,Local,28/03/2026,2500,3000,2750
"Tamil Nadu",Virudhunagar,"Srivilliputhur(Uzhavar Sandhai ) APMC",Cauliflower,Ranchi,Local,28/03/2026,2500,3000,2750
"Tamil Nadu",Virudhunagar,"Srivilliputhur(Uzhavar Sandhai ) APMC","Cluster beans","Cluster Beans",Local,28/03/2026,3000,3500,3250
"Tamil Nadu",Virudhunagar,"Srivilliputhur(Uzhavar Sandhai ) APMC","Banana - Green","Banana - Green",Local,28/03/2026,2500,3000,2750
"Tamil Nadu",Virudhunagar,"Srivilliputhur(Uzhavar Sandhai ) APMC","Chow Chow","Chow Chow",Local,28/03/2026,2500,3000,2750
Kerala,Ernakulam,"Mookkannur  VFPCK APMC",Banana,"Nendra Bale","Grade A",28/03/2026,1500,3300,2500
Kerala,Palakad,"Vaniyamkulam  VFPCK APMC",Tapioca,Other,"Grade A",28/03/2026,1500,1700,1600
Kerala,Kannur,"Pattiyam  VFPCK APMC","Banana - Green","Banana - Green","Grade A",28/03/2026,4800,4800,4800
Haryana,Karnal,"Tarori APMC",Banana,Other,"Grade A",28/03/2026,1800,2200,2000
Haryana,Karnal,"Tarori APMC",Tomato,Deshi,"Grade A",28/03/2026,2500,3200,3000
Haryana,Kurukshetra,"Ladwa APMC",Kinnow,Kinnow,Medium,28/03/2026,5000,7000,6500
Haryana,Kurukshetra,"Ladwa APMC","Mousambi(Sweet Lime)",Mousambi,Medium,28/03/2026,5000,6500,6500
Haryana,Kurukshetra,"Ladwa APMC","Water Melon","Water Melon",Medium,28/03/2026,2500,3000,3000
Haryana,Kurukshetra,"Ladwa APMC",Onion,Onion,Medium,28/03/2026,2500,2800,2800
Haryana,Kurukshetra,"Ladwa APMC","Green Chilli","Green Chilly",Medium,28/03/2026,7000,8000,8000
Haryana,Kurukshetra,"Ladwa APMC",Pineapple,"Pine Apple",Medium,28/03/2026,4500,5000,5000
Haryana,Kurukshetra,"Ladwa APMC",Capsicum,Capsicum,Medium,28/03/2026,7000,8000,8000
Haryana,Kurukshetra,"Ladwa APMC",Pumpkin,Pumpkin,Medium,28/03/2026,3000,4000,3500
Haryana,Kurukshetra,"Ladwa APMC",Carrot,Carrot,Medium,28/03/2026,3500,4000,4000
Haryana,Kurukshetra,"Ladwa APMC","Peas Wet","Peas Wet",Medium,28/03/2026,3000,3500,3500
Haryana,Kurukshetra,"Pehowa APMC",Onion,Other,Medium,28/03/2026,1500,2000,1800
Kerala,Ernakulam,"Ernakulam APMC",Amaranthus,Amaranthus,FAQ,28/03/2026,2800,3200,3000
Kerala,Ernakulam,"Ernakulam APMC","Elephant Yam(Suran)/Amorphophallus",Amorphophallus,FAQ,28/03/2026,2400,3200,2800
Kerala,Ernakulam,"Aluva APMC",Ashgourd,Ashgourd,FAQ,28/03/2026,1200,2000,1600
Odisha,Bargarh,"Bargarh APMC",Brinjal,Brinjal,"Grade C",28/03/2026,1500,2200,1800
"Himachal Pradesh",Chamba,"PMY Chamba",Papaya,Papaya,Medium,28/03/2026,5000,5500,5250
"Himachal Pradesh",Chamba,"PMY Chamba",Garlic,Other,"Grade Range-2",28/03/2026,10000,12000,11000
"Himachal Pradesh",Hamirpur,"PMY Hamirpur",Onion,Other,"Grade B",28/03/2026,2000,2200,2100
"Himachal Pradesh",Hamirpur,"PMY Hamirpur","Green Chilli","Green Chilly","Grade B",28/03/2026,8000,9000,8500
"Himachal Pradesh",Hamirpur,"PMY Hamirpur",Carrot,Other,"Grade B",28/03/2026,2500,3000,2750
"Himachal Pradesh",Hamirpur,"PMY Hamirpur",Turnip,Turnip,"Grade B",28/03/2026,1500,2000,1750
"Himachal Pradesh",Hamirpur,"PMY Hamirpur",Brinjal,Round/Long,"Grade B",28/03/2026,3300,3500,3400
"Himachal Pradesh",Hamirpur,"PMY Hamirpur",Papaya,Other,"Grade B",28/03/2026,5500,6000,5750
"Himachal Pradesh",Hamirpur,"PMY Hamirpur","Water Melon","Water Melon","Grade B",28/03/2026,2500,3000,2750
"Himachal Pradesh",Kangra,"SMY Palampur",Lemon,Other,FAQ,28/03/2026,13000,14000,13500
"Himachal Pradesh",Kangra,"SMY Palampur",Capsicum,Capsicum,FAQ,28/03/2026,5000,5500,5200
"Himachal Pradesh",Kangra,"SMY Palampur",Cabbage,Cabbage,FAQ,28/03/2026,1000,1100,1050
"Himachal Pradesh",Kangra,"SMY Palampur",Banana,"Banana - Ripe",Medium,28/03/2026,4600,5000,4800
"Himachal Pradesh",Kangra,"SMY Palampur","Karbuja(Musk Melon)",Karbhuja,Medium,28/03/2026,3500,4000,3800
"Himachal Pradesh",Kangra,"SMY Palampur",Tomato,Tomato,FAQ,28/03/2026,1800,2000,1900
"Himachal Pradesh",Kangra,"SMY Palampur",Potato,Potato,FAQ,28/03/2026,800,1000,900
Rajasthan,Jalore,"Jalore APMC",Ginger(Green),Other,Local,28/03/2026,3000,3500,3300
Rajasthan,Jalore,"Jalore APMC",Coriander(Leaves),Coriander,Local,28/03/2026,1200,1500,1300
Rajasthan,Jalore,"Jalore APMC","Green Chilli","Green Chilly",Local,28/03/2026,1500,2000,1800
Rajasthan,Jalore,"Jalore APMC",Cucumbar(Kheera),Cucumbar,Local,28/03/2026,1000,1400,1200
Rajasthan,Jalore,"Jalore APMC",Tomato,Tomato,Local,28/03/2026,800,1000,900
Uttarakhand,Haridwar,"Manglaur APMC","Bottle gourd",Other,Local,28/03/2026,600,800,700
Haryana,Gurgaon,"Sohna APMC",Tomato,Tomato,Local,28/03/2026,1000,1800,1500
Haryana,Gurgaon,"Sohna APMC",Potato,Potato,Local,28/03/2026,800,1000,1000
Haryana,Gurgaon,"Sohna APMC",Brinjal,Brinjal,Local,28/03/2026,1500,2000,1800
Haryana,Gurgaon,"Sohna APMC","Karbuja(Musk Melon)",Karbhuja,Local,28/03/2026,1800,2500,2500
Telangana,"Ranga Reddy","Kukatpally,RBZ APMC",Capsicum,Capsicum,FAQ,28/03/2026,2500,3500,3200
Telangana,"Ranga Reddy","Kukatpally,RBZ APMC",Carrot,Carrot,FAQ,28/03/2026,1200,1200,1200
Telangana,"Ranga Reddy","Kukatpally,RBZ APMC",Colacasia,Colacasia,FAQ,28/03/2026,2500,2500,2500
Telangana,"Ranga Reddy","Kukatpally,RBZ APMC",Cucumbar(Kheera),Cucumbar,FAQ,28/03/2026,1000,1000,1000
Telangana,"Ranga Reddy","Kukatpally,RBZ APMC",Carrot,Other,FAQ,28/03/2026,1000,1500,1300
Telangana,"Ranga Reddy","Kukatpally,RBZ APMC",Potato,Other,Medium,28/03/2026,800,1300,1050
Punjab,Fatehgarh,"Khamano APMC",Cauliflower,Cauliflower,FAQ,28/03/2026,1000,1000,1000
Punjab,Amritsar,"Rayya APMC",Cauliflower,Local,FAQ,28/03/2026,780,780,780
Punjab,Amritsar,"Rayya APMC",Carrot,Carrot,FAQ,28/03/2026,1245,1245,1245
Odisha,Ganjam,"Digapahandi APMC",Cauliflower,Other,FAQ,28/03/2026,2000,2500,2300
"Uttar Pradesh",Mau(Maunathbhanjan),"Kopaganj APMC",Cauliflower,Cauliflower,FAQ,28/03/2026,2200,2200,2200
"Uttar Pradesh",Mau(Maunathbhanjan),"Kopaganj APMC",Apple,Apple,"Grade B",28/03/2026,7300,7300,7300
Nagaland,Dimapur,"Dimapur APMC","Green Chilli","Green Chilly",Local,28/03/2026,7000,9000,8000
Uttarakhand,Udhamsinghnagar,"Sitarganj APMC",Carrot,Carrot,Local,28/03/2026,1500,2200,1800
Kerala,Thiruvananthapuram,"Vamanapuram APMC",Brinjal,Other,Local,28/03/2026,3500,4000,3500
Kerala,Thiruvananthapuram,"Vamanapuram APMC",Cucumbar(Kheera),Other,Local,28/03/2026,3500,4000,3500
Kerala,Thiruvananthapuram,"Vamanapuram APMC",Potato,Other,FAQ,28/03/2026,3500,4000,3500
Kerala,Thiruvananthapuram,"Vamanapuram APMC",Cowpea(Veg),Other,Local,28/03/2026,5500,6000,5500
Kerala,Thiruvananthapuram,"Vamanapuram APMC","Bhindi(Ladies Finger)",Other,Local,28/03/2026,4000,4500,4500
Haryana,Mewat,"FerozpurZirkha(Nagina) APMC",Cauliflower,Other,Local,28/03/2026,600,1000,800
Kerala,Kollam,"Chathanoor APMC",Banana,"Red Banana",Medium,28/03/2026,6800,7200,7000
Kerala,Kollam,"Chathanoor APMC",Snakeguard,Other,FAQ,28/03/2026,3800,4200,4000
Kerala,Kollam,"Chathanoor APMC",Banana,Palayamthodan,Medium,28/03/2026,3800,4200,4000
Kerala,Alappuzha,"Mannar APMC",Ashgourd,Other,FAQ,28/03/2026,3000,3200,3100
Kerala,Alappuzha,"Mannar APMC","Banana - Green","Banana - Green",FAQ,28/03/2026,4500,5000,4600
Kerala,Alappuzha,"Mannar APMC","Bitter gourd",Other,FAQ,28/03/2026,4000,4300,4100
Kerala,Ernakulam,"Perumbavoor APMC",Ashgourd,Ashgourd,Medium,28/03/2026,2000,2800,2400
Kerala,Ernakulam,"Perumbavoor APMC",Beetroot,Beetroot,Medium,28/03/2026,2500,3500,3000
Kerala,Ernakulam,"Perumbavoor APMC",Brinjal,Brinjal,Medium,28/03/2026,2500,3500,3000
Kerala,Ernakulam,"Perumbavoor APMC",Carrot,Carrot,Medium,28/03/2026,3500,4500,4000
Kerala,Ernakulam,"Perumbavoor APMC","Elephant Yam(Suran)/Amorphophallus",Other,Large,28/03/2026,2500,3500,3000
Kerala,Ernakulam,"Perumbavoor APMC",Snakeguard,Snakeguard,Large,28/03/2026,2500,3500,3000
Kerala,Ernakulam,"Perumbavoor APMC",Colacasia,Other,Medium,28/03/2026,3000,4200,3600
Kerala,Ernakulam,"Perumbavoor APMC",Drumstick,Drumstick,Large,28/03/2026,11500,13500,12500
Kerala,Ernakulam,"Perumbavoor APMC",Onion,Onion,Medium,28/03/2026,2000,3000,2500
Kerala,Ernakulam,"Perumbavoor APMC",Ginger(Green),"Green Ginger",Medium,28/03/2026,4500,5500,5000
Kerala,Ernakulam,"Perumbavoor APMC",Banana,Palayamthodan,Medium,28/03/2026,2000,3000,2500
Kerala,Ernakulam,"Perumbavoor APMC",Pumpkin,Pumpkin,Large,28/03/2026,1500,2500,2000
Kerala,Palakad,"Vadakkenchery APMC",Ashgourd,Ashgourd,FAQ,28/03/2026,2500,3500,3000
Kerala,Kozhikode(Calicut),"Perambra APMC","Bitter gourd",Other,FAQ,28/03/2026,4000,4500,4200
Kerala,Kozhikode(Calicut),"Perambra APMC",Banana,Robusta,Local,28/03/2026,1500,1700,1500
"Himachal Pradesh",Kangra,"SMY Jwalaji",Capsicum,Capsicum,FAQ,28/03/2026,5000,5300,5200
Uttarakhand,Haridwar,"Bhagwanpur(Naveen Mandi Sthal) APMC",Banana,Other,"Grade A",28/03/2026,600,1000,800
"Himachal Pradesh",Kangra,"SMY Dharamshala","Bhindi(Ladies Finger)",Bhindi,FAQ,28/03/2026,5500,6000,5750
"Himachal Pradesh",Kangra,"SMY Dharamshala",Cauliflower,Cauliflower,FAQ,28/03/2026,3400,3600,3500
"Himachal Pradesh",Kangra,"SMY Dharamshala",Cucumbar(Kheera),Cucumbar,FAQ,28/03/2026,2500,3000,2750
"Himachal Pradesh",Kangra,"SMY Dharamshala","French Beans(Frasbean)","French Beans (Frasbean)",FAQ,28/03/2026,5000,5500,5250
"Himachal Pradesh",Kangra,"SMY Dharamshala",Garlic,Garlic,FAQ,28/03/2026,11500,12500,12000
"Himachal Pradesh",Kangra,"SMY Dharamshala",Onion,Onion,FAQ,28/03/2026,2000,2500,2250
Kerala,Thiruvananthapuram,"Balaramapuram  VFPCK APMC",Banana,"Nendra Bale","Grade A",28/03/2026,4200,4700,4500
Kerala,Thiruvananthapuram,"Vengannore  VFPCK APMC",Banana,"Nendra Bale","Grade A",28/03/2026,4200,4700,4500
Kerala,Kollam,"Anchal VFPCK APMC",Banana,"Nendra Bale","Grade A",28/03/2026,6000,6000,6000
Kerala,Kollam,"Anchal VFPCK APMC",Banana,Palayamthodan,"Grade A",28/03/2026,2000,2000,2000
"Himachal Pradesh",Una,"SMY Takarla",Cabbage,Cabbage,FAQ,28/03/2026,800,1000,900
"Himachal Pradesh",Una,"SMY Takarla",Guava,Guava,"Grade A",28/03/2026,7000,9000,8000
"Himachal Pradesh",Una,"SMY Takarla",Cauliflower,Cauliflower,FAQ,28/03/2026,2000,3000,2500
"Himachal Pradesh",Una,"SMY Takarla",Onion,Other,FAQ,28/03/2026,1600,2000,1800
"Madhya Pradesh",Indore,"Indore(F&V) APMC",Pomegranate,Pomogranate,Local,28/03/2026,4000,12000,8000
"Madhya Pradesh",Indore,"Indore(F&V) APMC",Banana,Other,Local,28/03/2026,600,1200,800
"Madhya Pradesh",Indore,"Indore(F&V) APMC",Apple,Apple,Local,28/03/2026,4000,12000,8000
"Madhya Pradesh",Indore,"Indore(F&V) APMC",Cauliflower,Local,Local,28/03/2026,600,1200,800
"Madhya Pradesh",Indore,"Indore(F&V) APMC","Bitter gourd","Bitter Gourd",Local,28/03/2026,1500,3000,2500
"Madhya Pradesh",Indore,"Indore(F&V) APMC",Lemon,Lemon,Local,28/03/2026,1500,5000,3500
Rajasthan,Beawar,"Bijaynagar APMC","Bengal Gram(Gram)(Whole)",Other,Local,28/03/2026,4800,5150,5000
Rajasthan,Ajmer,"Madanganj Kishangarh APMC",Jowar(Sorghum),Other,Local,28/03/2026,1750,4100,2300
Rajasthan,Ganganagar,"Sriganganagar (F&V) APMC",Potato,Potato,Medium,28/03/2026,400,800,600
Rajasthan,Ganganagar,"Sriganganagar (F&V) APMC",Mango(Raw-Ripe),"Mango - Raw-Ripe",Medium,28/03/2026,5800,6200,6000
Rajasthan,Ganganagar,"Sriganganagar (F&V) APMC",Coriander(Leaves),Coriander,Medium,28/03/2026,1900,2300,2100
Rajasthan,Ganganagar,"Sriganganagar (F&V) APMC",Methi(Leaves),Methi,Medium,28/03/2026,1200,1600,1400
Rajasthan,Ganganagar,"Sriganganagar (F&V) APMC",Banana,Banana-Organic,Medium,28/03/2026,3000,3400,3200
Rajasthan,Ganganagar,"Sriganganagar (F&V) APMC",Papaya,Papaya,Medium,28/03/2026,2800,3200,3000
Rajasthan,Ganganagar,"Sriganganagar (F&V) APMC","Mousambi(Sweet Lime)",Mousambi,Medium,28/03/2026,4600,5000,4800
Rajasthan,Ganganagar,"Sriganganagar (F&V) APMC",Garlic,Garlic,Local,28/03/2026,9800,10200,10000
Assam,Kamrup,"Fancy Bazaar APMC",Rice,Common,FAQ,28/03/2026,3150,3950,3250
Assam,Kamrup,"Fancy Bazaar APMC","Arhar Dal(Tur Dal)","Arhar Dal(Tur)",FAQ,28/03/2026,9100,12000,11500
Assam,Kamrup,"Fancy Bazaar APMC","Green Gram Dal(Moong Dal)",Green,FAQ,28/03/2026,7100,7200,7150
"Uttar Pradesh",Etah,"Awagarh APMC",Brinjal,Brinjal,FAQ,28/03/2026,1900,2200,2000
"Uttar Pradesh",Etah,"Awagarh APMC",Cauliflower,Cauliflower,FAQ,28/03/2026,1600,1800,1650
"Uttar Pradesh",Badaun,"Babrala APMC",Wheat,Other,Local,28/03/2026,2410,2430,2420
"Tamil Nadu",Dharmapuri,"Karimangalam(Uzhavar Sandhai)",Banana,Karpura,Local,28/03/2026,4500,5000,4750
"Tamil Nadu",Dharmapuri,"Karimangalam(Uzhavar Sandhai)",Onion,Bellary,Local,28/03/2026,2400,2600,2500
"Tamil Nadu",Dharmapuri,"Karimangalam(Uzhavar Sandhai)","Green Peas","Green Peas",Local,28/03/2026,8000,8500,8250
"Tamil Nadu",Dharmapuri,"Karimangalam(Uzhavar Sandhai)",Amaranthus,Amaranthus,Local,28/03/2026,2300,2500,2400
"Tamil Nadu",Dharmapuri,"Karimangalam(Uzhavar Sandhai)","Sweet Potato","Hosur Red",Local,28/03/2026,1800,2000,1900
"Tamil Nadu",Dharmapuri,"Karimangalam(Uzhavar Sandhai)","Knool Khol","Knool Khol",Local,28/03/2026,3800,4000,3900
"Tamil Nadu",Dharmapuri,"Karimangalam(Uzhavar Sandhai)","Indian Beans(Seam)","Indian Beans (Seam)",Local,28/03/2026,4500,5000,4750
"Tamil Nadu",Dharmapuri,"Karimangalam(Uzhavar Sandhai)","Amla(Nelli Kai)",Amla,Local,28/03/2026,7000,7500,7250
"Tamil Nadu",Dharmapuri,"Karimangalam(Uzhavar Sandhai)","Onion Green","Onion Green",Local,28/03/2026,3000,3200,3100
"Tamil Nadu",Salem,"Mecheri(Uzhavar Sandhai)","Bhindi(Ladies Finger)",Bhindi,Local,28/03/2026,4500,5000,4750
"Tamil Nadu",Salem,"Mecheri(Uzhavar Sandhai)","Green Chilli","Green Chilly",Local,28/03/2026,3000,3500,3250
"Tamil Nadu",Salem,"Mecheri(Uzhavar Sandhai)",Coconut,Coconut,Local,28/03/2026,5000,5500,5250
"Tamil Nadu",Salem,"Mecheri(Uzhavar Sandhai)","Onion Green","Onion Green",Local,28/03/2026,3000,3400,3200
"Tamil Nadu",Vellore,"Pallikonda(Uzhavar Sandhai)",Groundnut,"Big (With Shell)",Local,28/03/2026,7000,7000,7000
"Tamil Nadu",Vellore,"Pallikonda(Uzhavar Sandhai)",Brinjal,Other,Local,28/03/2026,2000,2000,2000
"Tamil Nadu",Vellore,"Pallikonda(Uzhavar Sandhai)",Chikoos(Sapota),Sapota,Local,28/03/2026,3800,3800,3800
"Tamil Nadu",Vellore,"Pallikonda(Uzhavar Sandhai)",Ashgourd,Gouard,Local,28/03/2026,1800,1800,1800
"Tamil Nadu",Vellore,"Pallikonda(Uzhavar Sandhai)",Ridgeguard(Tori),Ridgeguard(Tori),Local,28/03/2026,3000,3000,3000
"Tamil Nadu",Vellore,"Pallikonda(Uzhavar Sandhai)",Raddish,Raddish,Local,28/03/2026,1500,1500,1500
"Tamil Nadu",Vellore,"Pallikonda(Uzhavar Sandhai)",Mango(Raw-Ripe),"Mango - Raw-Ripe",Local,28/03/2026,3500,3500,3500
"Tamil Nadu",Vellore,"Pallikonda(Uzhavar Sandhai)",Lemon,Lemon,Local,28/03/2026,6000,6000,6000
"Tamil Nadu",Vellore,"Pallikonda(Uzhavar Sandhai)",Colacasia,Colacasia,Local,28/03/2026,3500,3500,3500
"Tamil Nadu",Vellore,"Pallikonda(Uzhavar Sandhai)","Onion Green","Onion Green",Local,28/03/2026,3800,3800,3800
"Tamil Nadu",Vellore,"Pallikonda(Uzhavar Sandhai)",Mint(Pudina),Mint(Pudina),Local,28/03/2026,2000,2000,2000
"Tamil Nadu",Vellore,"Perampet(Uzhavar Sandhai)",Onion,Bellary,Local,28/03/2026,2400,2400,2400
"Tamil Nadu",Vellore,"Perampet(Uzhavar Sandhai)",Potato,"Red Nanital",Local,28/03/2026,2500,2500,2500
"Tamil Nadu",Vellore,"Perampet(Uzhavar Sandhai)",Chikoos(Sapota),Sapota,Local,28/03/2026,3000,3000,3000
"Tamil Nadu",Vellore,"Perampet(Uzhavar Sandhai)","Bhindi(Ladies Finger)",Bhindi,Local,28/03/2026,3500,3500,3500
"Tamil Nadu",Vellore,"Perampet(Uzhavar Sandhai)",Cowpea(Veg),"Cowpea (Veg)",Local,28/03/2026,4000,4000,4000
"Tamil Nadu",Vellore,"Perampet(Uzhavar Sandhai)",Beans,"Beans (Whole)",Local,28/03/2026,5500,5500,5500
"Tamil Nadu",Vellore,"Perampet(Uzhavar Sandhai)",Tapioca,Tapioca,Local,28/03/2026,2500,2500,2500
"Tamil Nadu",Vellore,"Perampet(Uzhavar Sandhai)","Sweet Potato","Hosur Red",Local,28/03/2026,3000,3000,3000
"Tamil Nadu",Vellore,"Perampet(Uzhavar Sandhai)",Raddish,Raddish,Local,28/03/2026,2000,2000,2000
"Tamil Nadu",Salem,"Vazhapadi(Uzhavar Sandhai)",Garlic,Garlic,Local,28/03/2026,18000,20000,19000
"Tamil Nadu",Salem,"Vazhapadi(Uzhavar Sandhai)",Papaya,Papaya,Local,28/03/2026,2500,3000,2750
"Tamil Nadu",Salem,"Vazhapadi(Uzhavar Sandhai)",Ashgourd,Gouard,Local,28/03/2026,1800,2000,1900
"Tamil Nadu",Salem,"Vazhapadi(Uzhavar Sandhai)","Bhindi(Ladies Finger)",Bhindi,Local,28/03/2026,4000,4500,4250
"Tamil Nadu",Salem,"Vazhapadi(Uzhavar Sandhai)",Ridgeguard(Tori),Ridgeguard(Tori),Local,28/03/2026,3500,3500,3500
"Tamil Nadu",Salem,"Vazhapadi(Uzhavar Sandhai)",Raddish,Raddish,Local,28/03/2026,2000,2400,2200
"Tamil Nadu",Salem,"Vazhapadi(Uzhavar Sandhai)",Drumstick,Drumstick,Local,28/03/2026,2500,3000,2750
"Tamil Nadu",Salem,"Vazhapadi(Uzhavar Sandhai)",Mango(Raw-Ripe),"Mango - Raw-Ripe",Local,28/03/2026,5500,6000,5750
"Tamil Nadu",Salem,"Vazhapadi(Uzhavar Sandhai)",Guava,"Guava Allahabad",Local,28/03/2026,5000,5000,5000
"Tamil Nadu",Salem,"Vazhapadi(Uzhavar Sandhai)","Tamarind Fruit","Tamarind Fruit",Local,28/03/2026,15000,16000,15500
"Tamil Nadu",Salem,"Vazhapadi(Uzhavar Sandhai)",Colacasia,Colacasia,Local,28/03/2026,5000,5000,5000
"Tamil Nadu",Karur,"Gandhigramam(Uzhavar Sandhai)",Banana,Other,Local,28/03/2026,5000,6000,5500
"Tamil Nadu",Karur,"Gandhigramam(Uzhavar Sandhai)",Coriander(Leaves),"I Sort",Local,28/03/2026,5500,6000,5750
"Tamil Nadu",Karur,"Gandhigramam(Uzhavar Sandhai)","Bottle gourd","Bottle Gourd",Local,28/03/2026,500,1000,750
"Tamil Nadu",Karur,"Gandhigramam(Uzhavar Sandhai)",Coconut,Coconut,Local,28/03/2026,5000,5500,5250
"Tamil Nadu",Karur,"Gandhigramam(Uzhavar Sandhai)",Carrot,Pusakesar,Local,28/03/2026,4500,5000,4750
"Tamil Nadu",Karur,"Gandhigramam(Uzhavar Sandhai)",Beetroot,Beetroot,Local,28/03/2026,4500,5000,4750
"Tamil Nadu",Karur,"Gandhigramam(Uzhavar Sandhai)",Ridgeguard(Tori),Ridgeguard(Tori),Local,28/03/2026,3500,4000,3750
"Tamil Nadu",Karur,"Gandhigramam(Uzhavar Sandhai)","Chow Chow","Chow Chow",Local,28/03/2026,2500,3000,2750
"Tamil Nadu",Karur,"Gandhigramam(Uzhavar Sandhai)",Lemon,Lemon,Local,28/03/2026,16000,17000,16500
"Tamil Nadu",Karur,"Gandhigramam(Uzhavar Sandhai)","Baby Corn","Baby Corn","Grade A",28/03/2026,3500,4000,3750
"Uttar Pradesh",Aligarh,"Charra APMC","Bottle gourd","Bottle Gourd",FAQ,28/03/2026,1200,1300,1250
"Uttar Pradesh",Aligarh,"Charra APMC",Mustard,Sarson(Black),FAQ,28/03/2026,6000,6200,6100
"Uttar Pradesh",Aligarh,"Charra APMC",Maize,Hybrid,FAQ,28/03/2026,1900,2000,1950
"Uttar Pradesh",Saharanpur,"Chutmalpur APMC",Spinach,Spinach,Local,28/03/2026,700,900,800
"Uttar Pradesh",Saharanpur,"Chutmalpur APMC","Green Chilli","Green Chilly",Medium,28/03/2026,3200,3600,3400
"Uttar Pradesh",Saharanpur,"Chutmalpur APMC",Cucumbar(Kheera),Cucumbar,Medium,28/03/2026,1000,1200,1100
"Uttar Pradesh",Mau(Maunathbhanjan),"Doharighat APMC","Green Chilli","Green Chilly",FAQ,28/03/2026,6600,6600,6600
"Uttar Pradesh",Mau(Maunathbhanjan),"Doharighat APMC",Gur(Jaggery),Achhu,FAQ,28/03/2026,4600,4600,4600
"Uttar Pradesh",Fatehpur,"Fatehpur APMC",Paddy(Common),Fine,FAQ,28/03/2026,2000,2010,2005
"Uttar Pradesh",Fatehpur,"Fatehpur APMC",Onion,Red,FAQ,28/03/2026,1200,1210,1205
"Uttar Pradesh",Sitapur,"Hargaon (Laharpur) APMC",Paddy(Common),Other,Local,28/03/2026,1900,1900,1900
"Uttar Pradesh",Sitapur,"Hargaon (Laharpur) APMC",Wheat,Dara,Local,28/03/2026,2350,2350,2350
"Uttar Pradesh",Sitapur,"Hargaon (Laharpur) APMC",Onion,Nasik,Local,28/03/2026,1200,1200,1200
"Uttar Pradesh","Kanpur Dehat","Jhijhank APMC",Maize,Other,FAQ,28/03/2026,2100,2500,2400
"Uttar Pradesh",Baghpat,"Khekda APMC",Onion,Red,FAQ,28/03/2026,1200,1200,1200
"Uttar Pradesh",Baghpat,"Khekda APMC",Raddish,Raddish,FAQ,28/03/2026,400,400,400
"Uttar Pradesh",Baghpat,"Khekda APMC",Pumpkin,Pumpkin,FAQ,28/03/2026,900,900,900
"Uttar Pradesh",Balrampur,"Panchpedwa APMC",Rice,III,FAQ,28/03/2026,2600,2800,2700
"Uttar Pradesh",Balrampur,"Panchpedwa APMC",Wheat,Dara,FAQ,28/03/2026,2450,2520,2500
"Uttar Pradesh",Shravasti,"Payagpur APMC",Pumpkin,Pumpkin,FAQ,28/03/2026,1600,1800,1700
"Uttar Pradesh",Shravasti,"Payagpur APMC",Tomato,Other,FAQ,28/03/2026,1200,1400,1300
"Uttar Pradesh",Pratapgarh,"Pratapgarh APMC",Carrot,Carrot,FAQ,28/03/2026,1430,1430,1430
"Uttar Pradesh",Pratapgarh,"Pratapgarh APMC",Brinjal,Brinjal,FAQ,28/03/2026,1700,1700,1700
"Uttar Pradesh",Pratapgarh,"Pratapgarh APMC",Garlic,Garlic,FAQ,28/03/2026,7250,7250,7250
"Uttar Pradesh",Badaun,"Shahaswan APMC",Apple,Apple,Medium,28/03/2026,8000,8000,8000
"Uttar Pradesh",Badaun,"Shahaswan APMC",Potato,Potato,Medium,28/03/2026,800,800,800
"Uttar Pradesh",Badaun,"Shahaswan APMC",Banana,Amruthapani,Medium,28/03/2026,2000,2000,2000
"Uttar Pradesh",Bulandshahar,"Sikarpur APMC",Lemon,Lemon,FAQ,28/03/2026,4800,5000,4900
"Uttar Pradesh",Firozabad,"Sirsaganj APMC",Grapes,Green,Medium,28/03/2026,5700,5700,5700
Tripura,Dhalai,"Kulai APMC","Bottle gourd","Bottle Gourd","Grade B",28/03/2026,2000,2500,2300
Tripura,Dhalai,"Kulai APMC",Brinjal,Round/Long,"Grade B",28/03/2026,2500,3000,2700
"Tamil Nadu",Coimbatore,"Sulur(Uzhavar Sandhai ) APMC",Onion,Bellary,Local,28/03/2026,2000,2300,2150
"Tamil Nadu",Coimbatore,"Sulur(Uzhavar Sandhai ) APMC",Cauliflower,Ranchi,Local,28/03/2026,2600,3000,2800
"Tamil Nadu",Coimbatore,"Sulur(Uzhavar Sandhai ) APMC",Pumpkin,Pumpkin,Local,28/03/2026,1800,2200,2000
"Tamil Nadu",Coimbatore,"Sulur(Uzhavar Sandhai ) APMC","Bhindi(Ladies Finger)",Bhindi,Local,28/03/2026,6000,6600,6300
"Tamil Nadu",Coimbatore,"Sulur(Uzhavar Sandhai ) APMC",Tapioca,Tapioca,Local,28/03/2026,2400,2800,2600
"Tamil Nadu",Coimbatore,"Sulur(Uzhavar Sandhai ) APMC",Cabbage,Cabbage,Local,28/03/2026,1800,2200,2000
"Tamil Nadu",Coimbatore,"Sulur(Uzhavar Sandhai ) APMC",Snakeguard,Snakeguard,Local,28/03/2026,3200,3500,3350
"Tamil Nadu",Coimbatore,"Sulur(Uzhavar Sandhai ) APMC",Ridgeguard(Tori),Ridgeguard(Tori),Local,28/03/2026,4400,5000,4700
"Tamil Nadu",Coimbatore,"Sulur(Uzhavar Sandhai ) APMC","Green Avare(W)","Green Avare (W)",Local,28/03/2026,5400,6000,5700
"Tamil Nadu",Coimbatore,"Sulur(Uzhavar Sandhai ) APMC","Chow Chow","Chow Chow",Local,28/03/2026,2400,2800,2600
"Tamil Nadu",Coimbatore,"Sulur(Uzhavar Sandhai ) APMC",Mint(Pudina),Mint(Pudina),Local,28/03/2026,3600,4000,3800
"Tamil Nadu",Pudukkottai,"Gandarvakottai(Uzhavar Sandhai ) APMC",Ashgourd,Gouard,Local,28/03/2026,1000,1000,1000
"Tamil Nadu",Pudukkottai,"Gandarvakottai(Uzhavar Sandhai ) APMC","Banana - Green","Banana - Green",Local,28/03/2026,2500,3000,2750
"Tamil Nadu",Pudukkottai,"Gandarvakottai(Uzhavar Sandhai ) APMC",Coconut,Coconut,Local,28/03/2026,3500,4000,3750
"Tamil Nadu",Pudukkottai,"Gandarvakottai(Uzhavar Sandhai ) APMC",Lemon,Lemon,Local,28/03/2026,11000,13000,12000
"Tamil Nadu",Pudukkottai,"Gandarvakottai(Uzhavar Sandhai ) APMC","Onion Green","Onion Green",Local,28/03/2026,3000,4000,3500
"Tamil Nadu",Nagapattinam,"Mayiladuthurai(Uzhavar Sandhai ) APMC","Cluster beans","Cluster Beans",Local,28/03/2026,4500,5000,4750
"Tamil Nadu",Nagapattinam,"Mayiladuthurai(Uzhavar Sandhai ) APMC",Beans,"Beans (Whole)",Local,28/03/2026,7000,7000,7000
"Tamil Nadu",Nagapattinam,"Mayiladuthurai(Uzhavar Sandhai ) APMC",Beetroot,Beetroot,Local,28/03/2026,4000,4000,4000
"Tamil Nadu",Nagapattinam,"Mayiladuthurai(Uzhavar Sandhai ) APMC","Green Avare(W)","Green Avare (W)",Local,28/03/2026,5500,6000,5750
"Tamil Nadu",Nagapattinam,"Mayiladuthurai(Uzhavar Sandhai ) APMC",Mango(Raw-Ripe),"Mango - Raw-Ripe",Local,28/03/2026,7000,8000,7500
"Tamil Nadu",Nagapattinam,"Mayiladuthurai(Uzhavar Sandhai ) APMC",Mint(Pudina),Mint(Pudina),Local,28/03/2026,4000,4500,4250
"Tamil Nadu",Namakkal,"Paramathivelur(Uzhavar Sandhai ) APMC",Pumpkin,Pumpkin,Local,28/03/2026,1200,1600,1400
"Tamil Nadu",Namakkal,"Paramathivelur(Uzhavar Sandhai ) APMC","Bhindi(Ladies Finger)",Bhindi,Local,28/03/2026,5500,6000,5750
"Tamil Nadu",Namakkal,"Paramathivelur(Uzhavar Sandhai ) APMC","Onion Green","Onion Green",Local,28/03/2026,3000,3200,3100
"Tamil Nadu",Salem,"Thammampatti (Uzhavar Sandhai ) APMC",Coriander(Leaves),"I Sort",Local,28/03/2026,2000,2000,2000
"Tamil Nadu",Salem,"Thammampatti (Uzhavar Sandhai ) APMC",Tomato,Deshi,Local,28/03/2026,1000,1500,1250
"Tamil Nadu",Salem,"Thammampatti (Uzhavar Sandhai ) APMC","Green Chilli","Green Chilly",Local,28/03/2026,4000,4000,4000
"Tamil Nadu",Salem,"Thammampatti (Uzhavar Sandhai ) APMC",Snakeguard,Snakeguard,Local,28/03/2026,2000,2500,2250
"Tamil Nadu",Salem,"Thammampatti (Uzhavar Sandhai ) APMC","Knool Khol","Knool Khol",Local,28/03/2026,3500,3500,3500
"Tamil Nadu",Salem,"Thammampatti (Uzhavar Sandhai ) APMC",Lime,Lime,Local,28/03/2026,2500,3000,2750
"Tamil Nadu",Salem,"Thammampatti (Uzhavar Sandhai ) APMC","Tender Coconut","Tender Coconut",Local,28/03/2026,3000,4000,3500
"Tamil Nadu",Thiruvarur,"Tiruvarur(Uzhavar Sandhai ) APMC",Banana,Poovan,Local,28/03/2026,5000,5000,5000
"Tamil Nadu",Thiruvarur,"Tiruvarur(Uzhavar Sandhai ) APMC",Onion,Bellary,Local,28/03/2026,3600,3600,3600
"Tamil Nadu",Thiruvarur,"Tiruvarur(Uzhavar Sandhai ) APMC","Cluster beans","Cluster Beans",Local,28/03/2026,4000,4000,4000
"Tamil Nadu",Thiruvarur,"Tiruvarur(Uzhavar Sandhai ) APMC",Ashgourd,Gouard,Local,28/03/2026,3000,3000,3000
"Tamil Nadu",Thiruvarur,"Tiruvarur(Uzhavar Sandhai ) APMC","Green Chilli","Green Chilly",Local,28/03/2026,6000,6000,6000
"Tamil Nadu",Thiruvarur,"Tiruvarur(Uzhavar Sandhai ) APMC","Banana - Green","Banana - Green",Local,28/03/2026,3500,3500,3500
"Tamil Nadu",Thiruvarur,"Tiruvarur(Uzhavar Sandhai ) APMC","Green Avare(W)","Green Avare (W)",Local,28/03/2026,4000,4000,4000
"Tamil Nadu",Thiruvarur,"Tiruvarur(Uzhavar Sandhai ) APMC",Mango(Raw-Ripe),"Mango - Raw-Ripe",Local,28/03/2026,6000,6000,6000
"Tamil Nadu",Coimbatore,"Udumalpet APMC",Coriander(Leaves),"I Sort",Local,28/03/2026,4000,5000,4500
"Tamil Nadu",Coimbatore,"Udumalpet APMC","Water Melon","Water Melon",Local,28/03/2026,1500,1800,1650
"Tamil Nadu",Coimbatore,"Udumalpet APMC","Bitter gourd","Bitter Gourd",Local,28/03/2026,4000,4800,4400
"Tamil Nadu",Coimbatore,"Udumalpet APMC",Cowpea(Veg),"Cowpea (Veg)",Local,28/03/2026,3600,4000,3800
"Tamil Nadu",Coimbatore,"Udumalpet APMC",Tapioca,Tapioca,Local,28/03/2026,3000,3500,3250
"Tamil Nadu",Coimbatore,"Udumalpet APMC",Cabbage,Cabbage,Local,28/03/2026,2000,2500,2250
"Tamil Nadu",Coimbatore,"Udumalpet APMC",Snakeguard,Snakeguard,Local,28/03/2026,2500,3000,2750
"Tamil Nadu",Coimbatore,"Udumalpet APMC",Cucumbar(Kheera),Cucumbar,Local,28/03/2026,3000,7000,5000
"Tamil Nadu",Coimbatore,"Udumalpet APMC","Karbuja(Musk Melon)",Karbhuja,Local,28/03/2026,3000,3500,3250
"Tamil Nadu",Coimbatore,"Udumalpet APMC","Indian Beans(Seam)","Indian Beans (Seam)",Local,28/03/2026,4000,5000,4500
"Tamil Nadu",Coimbatore,"Udumalpet APMC",Colacasia,Colacasia,Local,28/03/2026,4000,5000,4500
"Tamil Nadu",Coimbatore,"Udumalpet APMC","Amla(Nelli Kai)",Amla,Local,28/03/2026,7000,8000,7500
"Tamil Nadu",Coimbatore,"Udumalpet APMC",Mint(Pudina),Mint(Pudina),Local,28/03/2026,4000,5000,4500
"Tamil Nadu",Vellore,"Katpadi (Uzhavar Sandhai ) APMC",Garlic,Garlic,Local,28/03/2026,14500,15000,14750
"Tamil Nadu",Vellore,"Katpadi (Uzhavar Sandhai ) APMC",Ashgourd,Gouard,Local,28/03/2026,2000,2000,2000
"Tamil Nadu",Vellore,"Katpadi (Uzhavar Sandhai ) APMC",Carrot,Pusakesar,Local,28/03/2026,2400,2400,2400
"Tamil Nadu",Vellore,"Katpadi (Uzhavar Sandhai ) APMC",Drumstick,Drumstick,Local,28/03/2026,4000,4000,4000
"Tamil Nadu",Vellore,"Katpadi (Uzhavar Sandhai ) APMC",Mango(Raw-Ripe),"Mango - Raw-Ripe",Local,28/03/2026,3500,4000,3750
"Tamil Nadu",Vellore,"Katpadi (Uzhavar Sandhai ) APMC",Guava,"Guava Allahabad",Local,28/03/2026,3500,4000,3750
"Tamil Nadu",Vellore,"Katpadi (Uzhavar Sandhai ) APMC",Jasmine,Jasmine,Local,28/03/2026,55000,60000,57500
"Tamil Nadu",Thanjavur,"Kumbakonam (Uzhavar Sandhai ) APMC",Potato,"Red Nanital",Local,28/03/2026,3000,3600,3300
"Tamil Nadu",Thanjavur,"Kumbakonam (Uzhavar Sandhai ) APMC","Cluster beans","Cluster Beans",Local,28/03/2026,4200,4200,4200
"Tamil Nadu",Thanjavur,"Kumbakonam (Uzhavar Sandhai ) APMC",Ginger(Green),"Green Ginger",Local,28/03/2026,8400,8400,8400
"Tamil Nadu",Thanjavur,"Kumbakonam (Uzhavar Sandhai ) APMC",Lime,Lime,Local,28/03/2026,4000,4000,4000
"Tamil Nadu",Thanjavur,"Kumbakonam (Uzhavar Sandhai ) APMC","Elephant Yam(Suran)/Amorphophallus","Elephant Yam (Suran)",Local,28/03/2026,3600,3600,3600
"Tamil Nadu",Thanjavur,"Kumbakonam (Uzhavar Sandhai ) APMC",Mashrooms,Mashrooms,Local,28/03/2026,25000,25000,25000
"Tamil Nadu",Thanjavur,"Kumbakonam (Uzhavar Sandhai ) APMC",Mint(Pudina),Mint(Pudina),Local,28/03/2026,3600,3600,3600
"Tamil Nadu",Villupuram,"Tindivanam APMC","Green Avare(W)","Green Avare (W)",Local,28/03/2026,4000,4500,4250
"Tamil Nadu",Villupuram,"Ulundurpettai APMC",Onion,Bellary,Local,28/03/2026,3500,3500,3500
"Tamil Nadu",Villupuram,"Ulundurpettai APMC",Coconut,Coconut,Local,28/03/2026,3000,4000,3500
"Tamil Nadu",Villupuram,"Ulundurpettai APMC","Tender Coconut","Tender Coconut",Local,28/03/2026,3000,3000,3000
Gujarat,Dahod,"Dahod(Veg. Market) APMC","Bitter gourd","Bitter Gourd",Local,28/03/2026,2000,3000,2500
Gujarat,Dahod,"Dahod(Veg. Market) APMC",Coriander(Leaves),Coriander,Local,28/03/2026,1000,3500,2500
Gujarat,Dahod,"Dahod(Veg. Market) APMC",Cowpea(Veg),"Cowpea (Veg)",Local,28/03/2026,2000,4000,3000
Gujarat,Dahod,"Dahod(Veg. Market) APMC","Pointed gourd(Parval)","Pointed gourd (Parval)",Local,28/03/2026,6000,7000,6500
Gujarat,Dahod,"Dahod(Veg. Market) APMC","Sweet Potato","Sweet Potato",Local,28/03/2026,1500,1500,1500
Gujarat,Dahod,"Dahod(Veg. Market) APMC",Tomato,Tomato,Local,28/03/2026,500,1300,1000
Gujarat,Dahod,"Dahod(Veg. Market) APMC","Little gourd(Kundru)","Little gourd (Kundru)",Local,28/03/2026,2500,5000,4000
Gujarat,Anand,"Anand(Veg,Yard,Anand) APMC","Bottle gourd","Bottle Gourd","Grade B",28/03/2026,750,1000,875
Gujarat,Anand,"Anand(Veg,Yard,Anand) APMC",Cauliflower,Cauliflower,"Grade B",28/03/2026,500,1000,750
Gujarat,"Chhota Udaipur","Kalediya APMC",Cotton,"Shanker 6 (B) 30mm FIne",FAQ,28/03/2026,7275,7900,7650
"Himachal Pradesh",Bilaspur,"PMY Bilaspur",Papaya,Papaya,"Grade B",28/03/2026,4000,5000,4500
Gujarat,Banaskanth,"Deesa(Deesa Veg Yard) APMC",Cauliflower,Other,FAQ,28/03/2026,2000,2750,2375
Gujarat,Banaskanth,"Deesa(Deesa Veg Yard) APMC",Potato,Other,FAQ,28/03/2026,375,800,600
Gujarat,Banaskanth,"Deesa(Deesa Veg Yard) APMC",Guar,Other,FAQ,28/03/2026,3500,6250,4875
Gujarat,Banaskanth,"Deesa(Deesa Veg Yard) APMC",Apple,Other,Medium,28/03/2026,12500,15100,13800
Gujarat,Surendranagar,"Vadhvan APMC",Wheat,Local,Local,28/03/2026,2600,2750,2675
Gujarat,Surendranagar,"Vadhvan APMC","Green Chilli","Green Chilly",Medium,28/03/2026,2500,3500,3000
Gujarat,Surendranagar,"Vadhvan APMC","Onion Green","Onion Green",Local,28/03/2026,1000,1500,1250
Gujarat,Surendranagar,"Vadhvan APMC",Cucumbar(Kheera),Cucumbar,Local,28/03/2026,1000,1500,1250
Gujarat,Surendranagar,"Vadhvan APMC",Potato,Potato,Medium,28/03/2026,1000,1500,1250
Gujarat,Surendranagar,"Vadhvan APMC",Tomato,Hybrid,Medium,28/03/2026,250,500,375
Gujarat,Porbandar,"Porbandar APMC","Bhindi(Ladies Finger)",Bhindi,Local,28/03/2026,3000,4000,3500
Gujarat,Porbandar,"Porbandar APMC",Apple,Apple,"Grade A",28/03/2026,10000,12000,11000
Gujarat,Porbandar,"Porbandar APMC",Cauliflower,"African Sarson",Local,28/03/2026,1500,2000,1750
Gujarat,Porbandar,"Porbandar APMC","Green Chilli","Green Chilly",Local,28/03/2026,3000,4000,3500
Gujarat,Amreli,"Damnagar APMC","Bottle gourd","Bottle Gourd",Local,28/03/2026,3200,3200,3200
Gujarat,Rajkot,"Gondal(Veg.market Gondal) APMC","Sweet Potato","Sweet Potato",Local,28/03/2026,1000,2000,1500
Gujarat,Surat,"Surat APMC","Green Chilli","Green Chilly",FAQ,28/03/2026,2500,5500,4000
Gujarat,Surat,"Surat APMC","Sponge gourd",Other,FAQ,28/03/2026,1000,3000,2000
Gujarat,Surat,"Surat APMC","Surat Beans(Papadi)",Other,FAQ,28/03/2026,3000,9000,6000
Gujarat,Surat,"Surat APMC",Cabbage,Cabbage,FAQ,28/03/2026,400,1100,750
Gujarat,Surat,"Surat APMC",Ginger(Green),"Green Ginger",FAQ,28/03/2026,3000,4800,3900
Gujarat,Surat,"Surat APMC",Turmeric(raw),Other,FAQ,28/03/2026,2500,6000,4250
Gujarat,Surat,"Surat APMC",Yam(Ratalu),Other,FAQ,28/03/2026,4000,6000,5000
Telangana,Warangal,"Warangal APMC",Beetroot,Beetroot,FAQ,28/03/2026,1600,2000,1800
Telangana,Warangal,"Warangal APMC",Colacasia,Colacasia,FAQ,28/03/2026,2500,3000,2750
Telangana,Warangal,"Warangal APMC",Guava,Guava,Large,28/03/2026,4000,4000,4000
Haryana,Fatehabad,"Fatehabad APMC",Kinnow,Other,Local,28/03/2026,2000,2500,2000
Haryana,Fatehabad,"Fatehabad APMC","Karbuja(Musk Melon)",Other,Local,28/03/2026,2000,3000,2500
"Jammu and Kashmir",Udhampur,"Udhampur APMC",Pomegranate,Other,"Grade B",28/03/2026,15000,15000,15000
"Jammu and Kashmir",Udhampur,"Udhampur APMC","Bhindi(Ladies Finger)",Other,"Grade B",28/03/2026,5250,5250,5250
"Jammu and Kashmir",Udhampur,"Udhampur APMC",Potato,Other,"Grade B",28/03/2026,800,800,800
Kerala,Kannur,"Kannur APMC",Cowpea(Veg),"Cowpea (Veg)","Grade A",28/03/2026,5800,6200,6000
Kerala,Kottayam,"Kottayam APMC",Rice,Other,FAQ,28/03/2026,4500,5100,4800
Kerala,Kottayam,"Kottayam APMC",Banana,Palayamthodan,Medium,28/03/2026,1800,2200,2000
Kerala,Palakad,"Palakkad APMC",Banana,"Nendra Bale",Small,28/03/2026,2300,3300,2900
Kerala,Palakad,"Palakkad APMC","Arhar(Tur/Red Gram)(Whole)","Arhar Dal(Tur)",FAQ,28/03/2026,11500,12800,12200
Kerala,Palakad,"Palakkad APMC","Green Gram(Moong)(Whole)","Green Gram Dhall-I",FAQ,28/03/2026,12000,14000,13100
Kerala,Wayanad,"Sultan bathery APMC",Coconut,Other,Local,28/03/2026,6595,6600,6600
Kerala,Wayanad,"Sultan bathery APMC","Banana - Green",Other,Local,28/03/2026,1695,1700,1700
Punjab,Patiala,"Patiala APMC",Potato,Potato,"Grade B",28/03/2026,100,300,200
Punjab,Patiala,"Patiala APMC",Methi(Leaves),Other,"Grade A",28/03/2026,600,1000,800
Punjab,Patiala,"Patiala APMC",Pumpkin,Other,"Grade C",28/03/2026,1200,1600,1400
Punjab,Patiala,"Patiala APMC","Amla(Nelli Kai)",Amla,"Grade B",28/03/2026,3200,3600,3400
Punjab,Patiala,"Patiala APMC",Chikoos(Sapota),Sapota,"Grade C",28/03/2026,2800,3200,3000
Punjab,Patiala,"Patiala APMC","Bhindi(Ladies Finger)",Bhindi,"Grade B",28/03/2026,6000,7000,6500
Punjab,Patiala,"Patiala APMC",Brinjal,Brinjal,"Grade A",28/03/2026,2000,2400,2200
"Uttar Pradesh",Sitapur,"Sitapur APMC",Paddy(Common),Common,Local,28/03/2026,1785,1800,1790
"Uttar Pradesh",Sitapur,"Sitapur APMC",Wheat,Dara,Local,28/03/2026,2390,2400,2395
Gujarat,"Chhota Udaipur","Bodeliu APMC",Cotton,Other,FAQ,28/03/2026,6500,8231,8055
Uttarakhand,Udhamsinghnagar,"Rudrapur APMC","Bottle gourd",Other,Medium,28/03/2026,1500,2000,1600
Uttarakhand,Udhamsinghnagar,"Rudrapur APMC",Capsicum,Other,Medium,28/03/2026,3000,5000,4000
Uttarakhand,Udhamsinghnagar,"Rudrapur APMC",Carrot,Other,Medium,28/03/2026,1500,2000,1800
Gujarat,Valsad,"Valsad APMC",Chikoos(Sapota),Sapota,Medium,28/03/2026,1375,1750,1500
Gujarat,Valsad,"Valsad APMC",Banana,Other,Medium,28/03/2026,1200,1300,1250
"Andhra Pradesh",Palnadu,"Gurazala APMC","Chili Red",Red,Local,28/03/2026,10000,19100,18100
Haryana,Rewari,"Rewari APMC",Tomato,Other,Medium,28/03/2026,800,1600,1200
"Himachal Pradesh",Solan,"PMY Kather Solan",Guava,Other,Medium,28/03/2026,7000,8500,8000
"Himachal Pradesh",Solan,"PMY Kather Solan",Carrot,Other,Medium,28/03/2026,1200,3000,2000
"Himachal Pradesh",Solan,"PMY Kather Solan","Bottle gourd",Other,Medium,28/03/2026,1400,2500,2000
"Himachal Pradesh",Solan,"PMY Kather Solan",Cauliflower,Other,Medium,28/03/2026,2500,3500,3000
"Himachal Pradesh",Solan,"PMY Kather Solan",Colacasia,Other,Medium,28/03/2026,2500,2600,2500
"Himachal Pradesh",Solan,"PMY Kather Solan","Green Chilli",Other,Medium,28/03/2026,8000,10000,9000
"Himachal Pradesh",Solan,"PMY Kather Solan",Lemon,Other,Medium,28/03/2026,10000,15000,12000
"Himachal Pradesh",Solan,"PMY Kather Solan","Pea Pod/Pea Cod/हरी मटर",Other,Medium,28/03/2026,1500,4200,4000
Rajasthan,Udaipur,"Udaipur (Grain) APMC",Maize,"White (SAFED)",FAQ,28/03/2026,2200,2200,2200
Tripura,Unokoti,"Pabiacherra APMC",Brinjal,Other,FAQ,28/03/2026,3400,3600,3500
Tripura,Unokoti,"Pabiacherra APMC",Fish,Rahu(Andhra),FAQ,28/03/2026,15200,15400,15300
Tripura,Unokoti,"Pabiacherra APMC",Tomato,Other,FAQ,28/03/2026,1400,1600,1500
Tripura,Sepahijala,"Melaghar APMC",Fish,Katla(Big),Local,28/03/2026,32000,34000,33000
Goa,"North Goa","Mapusa APMC","Water Melon","Water Melon",Medium,28/03/2026,2000,2500,2250
Goa,"North Goa","Mapusa APMC",Grapes,Green,Medium,28/03/2026,3000,5000,4000
"Tamil Nadu",Thiruvannamalai,"Cheyyar(Uzhavar Sandhai ) APMC",Potato,Other,Local,28/03/2026,2500,3000,2750
"Tamil Nadu",Thiruvannamalai,"Cheyyar(Uzhavar Sandhai ) APMC","Bottle gourd","Bottle Gourd",Local,28/03/2026,1500,2000,1750
"Tamil Nadu",Thiruvannamalai,"Cheyyar(Uzhavar Sandhai ) APMC",Beans,"Beans (Whole)",Local,28/03/2026,3200,4000,3600
"Tamil Nadu",Thiruvannamalai,"Cheyyar(Uzhavar Sandhai ) APMC",Cucumbar(Kheera),Cucumbar,Local,28/03/2026,2500,3000,2750
"Tamil Nadu",Thiruvannamalai,"Cheyyar(Uzhavar Sandhai ) APMC",Thondekai,Thondekai,Local,28/03/2026,3200,4000,3600
"Tamil Nadu",Thiruvannamalai,"Cheyyar(Uzhavar Sandhai ) APMC","Chow Chow","Chow Chow",Local,28/03/2026,2500,3000,2750
"Tamil Nadu",Thiruvannamalai,"Cheyyar(Uzhavar Sandhai ) APMC",Yam(Ratalu),"Yam (Ratalu)",Local,28/03/2026,3000,3600,3300
"Tamil Nadu",Thiruvannamalai,"Cheyyar(Uzhavar Sandhai ) APMC",Lemon,Lemon,Local,28/03/2026,6500,8000,7250
"Tamil Nadu",Thiruvannamalai,"Cheyyar(Uzhavar Sandhai ) APMC",Colacasia,Colacasia,Local,28/03/2026,2500,3000,2750
"Tamil Nadu",Thanjavur,"Papanasam(Uzhavar Sandhai ) APMC",Tomato,Deshi,Local,28/03/2026,1800,2200,2000
"Tamil Nadu",Thanjavur,"Papanasam(Uzhavar Sandhai ) APMC","Bitter gourd","Bitter Gourd",Local,28/03/2026,3600,3600,3600
"Tamil Nadu",Thanjavur,"Papanasam(Uzhavar Sandhai ) APMC","Banana - Green","Banana - Green",Local,28/03/2026,4000,4000,4000
"Tamil Nadu",Thanjavur,"Papanasam(Uzhavar Sandhai ) APMC",Snakeguard,Snakeguard,Local,28/03/2026,3000,3600,3300
Uttarakhand,Udhamsinghnagar,"Bazpur APMC",Wheat,Other,FAQ,28/03/2026,2440,2440,2440
Uttarakhand,Udhamsinghnagar,"Bazpur APMC",Potato,Other,FAQ,28/03/2026,600,620,610
Uttarakhand,Udhamsinghnagar,"Gadarpur APMC",Paddy(Common),Other,Local,28/03/2026,2410,2410,2410
Uttarakhand,"Garhwal (Pauri)","Kotadwara APMC",Apple,Apple,Medium,28/03/2026,3600,3600,3600
Uttarakhand,"Garhwal (Pauri)","Kotadwara APMC",Grapes,Other,Small,28/03/2026,3900,3900,3900
Uttarakhand,"Garhwal (Pauri)","Kotadwara APMC","Pea Pod/Pea Cod/हरी मटर","Peas cod",FAQ,28/03/2026,1600,1600,1600
Uttarakhand,Nanital,"Ramnagar APMC","Bottle gourd",Other,Local,28/03/2026,1200,1500,1300
Uttarakhand,Nanital,"Ramnagar APMC",Cucumbar(Kheera),Other,Local,28/03/2026,2000,3000,2500
"Andhra Pradesh",Nellore,"Sarvepalli APMC",Lime,Lime,"Grade A",28/03/2026,6600,9000,7800
Haryana,Sonipat,"Sonepat APMC",Banana,Other,Medium,28/03/2026,3000,4500,3500
Haryana,Sonipat,"Sonepat APMC",Guava,Guava,Medium,28/03/2026,2000,2900,2500
Uttarakhand,Haridwar,"Haridwar Union APMC",Papaya,Other,"Grade B",28/03/2026,1800,2200,2000
Uttarakhand,Haridwar,"Haridwar Union APMC",Chikoos(Sapota),Other,"Grade C",28/03/2026,1800,2100,1900
Uttarakhand,Haridwar,"Haridwar Union APMC","Bhindi(Ladies Finger)",Bhindi,"Grade A",28/03/2026,1500,3000,2000
Uttarakhand,Haridwar,"Haridwar Union APMC",Potato,Potato,FAQ,28/03/2026,700,800,750
Telangana,Karimnagar,"V.Saidapur APMC",Paddy(Common),1001,Non-FAQ,28/03/2026,2369,2369,2369
Telangana,Karimnagar,"V.Saidapur APMC",Paddy(Common),MTU-1010,FAQ,28/03/2026,2389,2389,2389
Rajasthan,Jhunjhunu,"Surajgarh APMC",Mustard,Other,FAQ,28/03/2026,6250,6250,6250
Punjab,Hoshiarpur,"Tanda Urmur APMC",Onion,Onion,"Grade A",28/03/2026,1600,2000,1800
Punjab,Hoshiarpur,"Tanda Urmur APMC",Grapes,Green,"Grade A",28/03/2026,7000,8000,7500
Punjab,Hoshiarpur,"Tanda Urmur APMC",Pumpkin,Pumpkin,"Grade A",28/03/2026,2000,2500,2200
Punjab,Hoshiarpur,"Tanda Urmur APMC",Lemon,Other,"Grade A",28/03/2026,6000,7000,6500
Punjab,Hoshiarpur,"Tanda Urmur APMC",Cucumbar(Kheera),Cucumbar,"Grade A",28/03/2026,3000,4000,3500
"Uttar Pradesh",Badaun,"Bisoli APMC",Wheat,Dara,Local,28/03/2026,2350,2350,2350
Punjab,Jalandhar,"Bhogpur APMC",Pumpkin,Pumpkin,Small,28/03/2026,1400,1400,1400
Odisha,Gajapati,"Parlakhemundi APMC",Tomato,Local,"Grade A",28/03/2026,1000,1000,1000
Odisha,Gajapati,"Parlakhemundi APMC","Banana - Green","Banana - Green","Grade A",28/03/2026,1500,1500,1500
Odisha,Gajapati,"Parlakhemundi APMC",Ridgeguard(Tori),Ridgeguard(Tori),"Grade A",28/03/2026,2000,2000,2000
Odisha,Boudh,"Boudh APMC",Tomato,Other,Local,28/03/2026,800,1000,900
Odisha,Sundergarh,"Sargipali APMC",Onion,Other,FAQ,28/03/2026,1300,1500,1400
Odisha,Sundergarh,"Sargipali APMC",Tomato,Local,FAQ,28/03/2026,400,800,500
Odisha,Mayurbhanja,"Betnoti APMC",Brinjal,Brinjal,FAQ,28/03/2026,1200,1600,1400
Odisha,Mayurbhanja,"Betnoti APMC",Tomato,Tomato,FAQ,28/03/2026,800,1200,1000
Odisha,Keonjhar,"Anandapur APMC","Water Melon","Water Melon",Local,28/03/2026,1200,1200,1200
Punjab,Tarntaran,"Naushera Pannuan APMC",Capsicum,Capsicum,"Grade B",28/03/2026,2000,2000,2000
Punjab,Tarntaran,"Naushera Pannuan APMC",Cauliflower,Other,"Grade B",28/03/2026,1000,1000,1000
"Tamil Nadu",Coimbatore,"Vadavalli(Uzhavar Sandhai ) APMC",Orange,Darjeeling,Local,28/03/2026,11000,12000,11500
"Tamil Nadu",Coimbatore,"Vadavalli(Uzhavar Sandhai ) APMC",Grapes,Annabesahai,Local,28/03/2026,8000,9000,8500
"Tamil Nadu",Coimbatore,"Vadavalli(Uzhavar Sandhai ) APMC",Potato,Other,Local,28/03/2026,3000,3500,3250
"Tamil Nadu",Coimbatore,"Vadavalli(Uzhavar Sandhai ) APMC",Brinjal,Round,Local,28/03/2026,2500,4200,3350
"Tamil Nadu",Coimbatore,"Vadavalli(Uzhavar Sandhai ) APMC",Coriander(Leaves),"I Sort",Local,28/03/2026,4200,4800,4500
"Tamil Nadu",Coimbatore,"Vadavalli(Uzhavar Sandhai ) APMC","Cluster beans","Cluster Beans",Local,28/03/2026,3000,3800,3400
"Tamil Nadu",Coimbatore,"Vadavalli(Uzhavar Sandhai ) APMC","Bhindi(Ladies Finger)",Bhindi,Local,28/03/2026,6000,6600,6300
"Tamil Nadu",Coimbatore,"Vadavalli(Uzhavar Sandhai ) APMC","Banana - Green","Banana - Green",Local,28/03/2026,2800,3200,3000
"Tamil Nadu",Coimbatore,"Vadavalli(Uzhavar Sandhai ) APMC",Coconut,Coconut,Local,28/03/2026,4800,5300,5050
"Tamil Nadu",Coimbatore,"Vadavalli(Uzhavar Sandhai ) APMC","Sweet Potato","Hosur Red",Local,28/03/2026,2200,2600,2400
"Tamil Nadu",Coimbatore,"Vadavalli(Uzhavar Sandhai ) APMC",Cabbage,Cabbage,Local,28/03/2026,1500,1800,1650
"Tamil Nadu",Coimbatore,"Vadavalli(Uzhavar Sandhai ) APMC","Chow Chow","Chow Chow",Local,28/03/2026,2000,2400,2200
"Tamil Nadu",Coimbatore,"Vadavalli(Uzhavar Sandhai ) APMC","Indian Beans(Seam)","Indian Beans (Seam)",Local,28/03/2026,6000,6400,6200
Nagaland,Kohima,"Kohima APMC",Cabbage,Cabbage,Local,28/03/2026,3000,3000,3000
Tripura,"North Tripura","Dasda APMC",Rice,Other,FAQ,28/03/2026,3200,3300,3250
"Himachal Pradesh",Mandi,"PMY Kangni Mandi",Banana,"Banana - Ripe","Grade B",28/03/2026,3400,4000,3600
"Himachal Pradesh",Mandi,"PMY Kangni Mandi",Cauliflower,Cauliflower,"Grade B",28/03/2026,1500,4000,3000
"Himachal Pradesh",Mandi,"PMY Kangni Mandi",Beetroot,Beetroot,"Grade B",28/03/2026,1500,1500,1500
"Himachal Pradesh",Mandi,"PMY Kangni Mandi",Cabbage,Cabbage,"Grade B",28/03/2026,500,800,600
"Himachal Pradesh",Mandi,"PMY Kangni Mandi",Coriander(Leaves),Coriander,"Grade B",28/03/2026,2000,5000,3000
"Himachal Pradesh",Mandi,"PMY Kangni Mandi",Spinach,Spinach,"Grade B",28/03/2026,1500,3000,2000
"Himachal Pradesh",Mandi,"PMY Kangni Mandi",Pumpkin,Pumpkin,"Grade B",28/03/2026,3000,3000,3000
"Himachal Pradesh",Mandi,"PMY Kangni Mandi","Green Chilli","Green Chilly","Grade B",28/03/2026,4000,8000,7000
"Uttar Pradesh",Kaushambi,"Bharwari APMC",Potato,Desi,FAQ,28/03/2026,400,500,450
"Tamil Nadu",Dindigul,"Vedasanthur(Uzhavar Sandhai ) APMC",Pumpkin,Pumpkin,Local,28/03/2026,1000,1800,1400
"Tamil Nadu",Dindigul,"Vedasanthur(Uzhavar Sandhai ) APMC",Ridgeguard(Tori),Ridgeguard(Tori),Local,28/03/2026,4000,4500,4250
Gujarat,Vadodara(Baroda),"Padra APMC",Cauliflower,Other,FAQ,28/03/2026,1500,2500,2000
Gujarat,Vadodara(Baroda),"Padra APMC",Cucumbar(Kheera),Other,FAQ,28/03/2026,500,2500,1500
Gujarat,Vadodara(Baroda),"Padra APMC",Tomato,Other,FAQ,28/03/2026,600,1000,800
Kerala,Thiruvananthapuram,"Pappanchani VFPCK APMC",Cowpea(Veg),"Bean Barbati","Grade A",28/03/2026,8000,8000,8000
Haryana,"Yamuna Nagar","Sadhaura APMC",Cabbage,Cabbage,Local,28/03/2026,500,600,550
Haryana,Hissar,"Barwala(Hisar) APMC",Onion,Onion,Local,28/03/2026,800,1000,900
Haryana,Hissar,"Barwala(Hisar) APMC",Tomato,Tomato,Local,28/03/2026,900,2000,1500
Haryana,Hissar,"Barwala(Hisar) APMC",Cauliflower,Cauliflower,Local,28/03/2026,800,1000,900
Haryana,Hissar,"Barwala(Hisar) APMC",Cabbage,Cabbage,Local,28/03/2026,400,500,500
Haryana,Hissar,"Barwala(Hisar) APMC",Banana,Other,Local,28/03/2026,2000,2500,2250
Haryana,Hissar,"Barwala(Hisar) APMC","Round gourd",Other,Local,28/03/2026,1700,2000,1800
Haryana,Hissar,"Barwala(Hisar) APMC",Chikoos(Sapota),Sapota,Local,28/03/2026,4000,5000,4500
Haryana,Hissar,"Barwala(Hisar) APMC",Ber(Zizyphus/Borehannu),Ber(Zizyphus),Local,28/03/2026,1500,2000,1800
Haryana,Hissar,"Barwala(Hisar) APMC",Grapes,Other,Local,28/03/2026,9000,10000,9500
Haryana,Kaithal,"Dhand APMC",Banana,Other,Medium,28/03/2026,3000,4000,3700
Haryana,Sonipat,"Ganaur APMC",Tomato,Tomato,FAQ,28/03/2026,1000,1200,1000
Haryana,Sonipat,"Ganaur APMC","Green Chilli","Green Chilly",Medium,28/03/2026,7500,8000,7800
Haryana,Sonipat,"Ganaur APMC",Garlic,Average,Local,28/03/2026,10000,12000,10000
Haryana,Sonipat,"Ganaur APMC",Cabbage,Cabbage,Medium,28/03/2026,1000,1200,1000
Kerala,Kollam,"Chathannoore VFPCK APMC","Banana - Green","Banana - Green","Grade A",28/03/2026,5200,5800,5500
Kerala,Alappuzha,"Aroor APMC",Ashgourd,Other,FAQ,28/03/2026,2600,2800,2700
Kerala,Wayanad,"Pulpally APMC","Black pepper",Ungrabled,Local,28/03/2026,69400,69600,69500
Kerala,Wayanad,"Pulpally APMC",Rubber,Other,Local,28/03/2026,19500,19700,19600
Kerala,Wayanad,"Pulpally APMC",Cowpea(Veg),Other,Local,28/03/2026,1700,1900,1800
"Andhra Pradesh","East Godavari","Jaggampet APMC",Paddy(Common),Common,FAQ,28/03/2026,2369,2379,2369
Haryana,Gurgaon,"Gurgaon APMC",Potato,Other,"Grade B",28/03/2026,500,600,550
Kerala,Thiruvananthapuram,"Neyyatinkara APMC",Cabbage,Other,FAQ,28/03/2026,3400,4000,3600
Kerala,Thiruvananthapuram,"Neyyatinkara APMC",Colacasia,Colacasia,FAQ,28/03/2026,3400,4000,3600
Kerala,Thiruvananthapuram,"Neyyatinkara APMC","Green Chilli","Green Chilly",FAQ,28/03/2026,7500,8000,7700
Kerala,Thiruvananthapuram,"Neyyatinkara APMC","Duster Beans",Other,FAQ,28/03/2026,5400,6000,5600
Kerala,Thiruvananthapuram,"Neyyatinkara APMC","Elephant Yam(Suran)/Amorphophallus",Amorphophallus,FAQ,28/03/2026,3400,4000,3600
Kerala,Alappuzha,"Chengannur APMC","Elephant Yam(Suran)/Amorphophallus",Amorphophallus,FAQ,28/03/2026,3500,4000,3800
Kerala,Alappuzha,"Chengannur APMC",Coconut,Big,FAQ,28/03/2026,4900,5200,5000
Kerala,Alappuzha,"Chengannur APMC","Bhindi(Ladies Finger)",Other,FAQ,28/03/2026,5800,6300,6000
Kerala,Alappuzha,"Chengannur APMC",Capsicum,Other,FAQ,28/03/2026,6500,7000,6800
Kerala,Alappuzha,"Chengannur APMC","Bottle gourd",Other,FAQ,28/03/2026,1600,2000,1700
Kerala,Alappuzha,"Chengannur APMC",Lemon,Lemon,FAQ,28/03/2026,11800,12500,12000
Kerala,Alappuzha,"Cherthala APMC","Little gourd(Kundru)",Other,FAQ,28/03/2026,3600,3800,3700
Kerala,Alappuzha,"Cherthala APMC","Long Melon(Kakri)",Other,FAQ,28/03/2026,4200,4400,4300
Kerala,Kottayam,"Ettumanoor APMC",Cauliflower,Cauliflower,FAQ,28/03/2026,3000,3400,3200
"Jammu and Kashmir",Kathua,"Kathua APMC",Orange,Other,"Grade B",28/03/2026,8000,9000,8500
"Jammu and Kashmir",Kathua,"Kathua APMC",Pineapple,"Pine Apple","Grade B",28/03/2026,4000,4500,4250
"Jammu and Kashmir",Kathua,"Kathua APMC","Bitter gourd",Other,FAQ,28/03/2026,6000,6500,6250
"Jammu and Kashmir",Kathua,"Kathua APMC",Brinjal,Other,FAQ,28/03/2026,2000,2500,2250
"Jammu and Kashmir",Kathua,"Kathua APMC","Green Chilli","Green Chilly",FAQ,28/03/2026,7000,8000,7500
"Jammu and Kashmir",Kathua,"Kathua APMC",Carrot,Carrot,FAQ,28/03/2026,1500,2000,1750
Kerala,Ernakulam,"Thrippunithura APMC",Beetroot,Beetroot,Medium,28/03/2026,5000,6200,5200
Kerala,Ernakulam,"Thrippunithura APMC",Capsicum,Capsicum,Medium,28/03/2026,7500,10000,8000
Kerala,Ernakulam,"Thrippunithura APMC",Cucumbar(Kheera),Cucumbar,Medium,28/03/2026,3000,4000,3200
Kerala,Ernakulam,"Thrippunithura APMC",Pumpkin,Pumpkin,Medium,28/03/2026,3600,4500,3800
Kerala,Palakad,"Pattambi APMC","Green Avare(W)","Green Avare (W)",FAQ,28/03/2026,4500,5000,4800
Kerala,Palakad,"Pattambi APMC",Mango(Raw-Ripe),"Mango - Raw-Ripe",FAQ,28/03/2026,2500,3000,2800
Kerala,Palakad,"Pattambi APMC",Tapioca,Tapioca,FAQ,28/03/2026,2500,3000,2800
Kerala,Palakad,"Pattambi APMC",Banana,Palayamthodan,"Grade B",28/03/2026,3000,3500,3200
Kerala,Palakad,"Pattambi APMC",Lime,Other,"Grade B",28/03/2026,13000,14000,13500
Kerala,Palakad,"Pattambi APMC",Amaranthus,Amaranthus,FAQ,28/03/2026,1000,1200,1100
Kerala,Palakad,"Pattambi APMC",Ashgourd,Ashgourd,FAQ,28/03/2026,1200,1500,1300
Kerala,Palakad,"Pattambi APMC","Banana - Green","Banana - Green",FAQ,28/03/2026,2500,3000,2800
Kerala,Palakad,"Pattambi APMC","Green Chilli","Green Chilly",FAQ,28/03/2026,4000,5000,4500
Kerala,Palakad,"Kottayi VFPCK APMC",Cowpea(Veg),"Cowpea (Veg)","Grade A",28/03/2026,5500,5500,5500
Kerala,Ernakulam,"North Paravur APMC",Pineapple,Other,Medium,28/03/2026,5500,6000,5800
"Himachal Pradesh",Solan,"SMY Nalagarh",Papaya,Other,Medium,28/03/2026,3500,4500,4000
Rajasthan,Dausa,"Lalsot APMC","Sesamum(Sesame,Gingelly,Til)",Other,Local,28/03/2026,8000,8000,8000
"Himachal Pradesh",Hamirpur,"SMY Nadaun",Brinjal,Other,"Grade B",28/03/2026,3300,3500,3400
"Himachal Pradesh",Hamirpur,"SMY Nadaun",Onion,Other,"Grade B",28/03/2026,2000,2200,2100
"Himachal Pradesh",Hamirpur,"SMY Nadaun",Cabbage,Other,"Grade B",28/03/2026,1000,1200,1100
"Himachal Pradesh",Hamirpur,"SMY Nadaun",Carrot,Other,"Grade B",28/03/2026,2500,3000,2750
"Himachal Pradesh",Hamirpur,"SMY Nadaun","Peas Wet","Peas Wet","Grade B",28/03/2026,3500,4000,3750
"Himachal Pradesh",Hamirpur,"SMY Nadaun",Apple,Other,"Grade B",28/03/2026,15000,16000,15500
"Himachal Pradesh",Hamirpur,"SMY Nadaun",Spinach,Other,"Grade B",28/03/2026,3000,3500,3250
"Himachal Pradesh",Kangra,"SMY Baijnath",Kinnow,Kinnow,"Grade A",28/03/2026,6000,6200,6100
"Himachal Pradesh",Kangra,"SMY Baijnath",Carrot,Carrot,"Grade A",28/03/2026,2400,2500,2500
"Himachal Pradesh",Kangra,"SMY Baijnath",Grapes,Green,"Grade B",28/03/2026,10000,12000,11000
"Himachal Pradesh",Kangra,"SMY Baijnath",Raddish,Raddish,"Grade B",28/03/2026,2000,2200,2100
"Himachal Pradesh",Kangra,"SMY Baijnath",Coriander(Leaves),Coriander,"Grade A",28/03/2026,4500,5000,4800
"Himachal Pradesh",Kangra,"SMY Baijnath",Lemon,Lemon,"Grade A",28/03/2026,11000,12000,11500
"Himachal Pradesh",Kangra,"SMY Jaisinghpur",Onion,Other,FAQ,28/03/2026,1900,2100,2000
"Himachal Pradesh",Kangra,"SMY Jaisinghpur",Cucumbar(Kheera),Cucumbar,FAQ,28/03/2026,2000,3000,2500
"Himachal Pradesh",Kangra,"SMY Jaisinghpur","Peas Wet","Peas Wet",FAQ,28/03/2026,4800,5500,5200
"Himachal Pradesh",Kangra,"SMY Jaisinghpur",Brinjal,Brinjal,FAQ,28/03/2026,3200,3600,3400
"Himachal Pradesh",Kangra,"SMY Jaisinghpur","Karbuja(Musk Melon)",Karbhuja,Medium,28/03/2026,3800,4500,4200
"Himachal Pradesh",Kangra,"SMY Jaisinghpur",Raddish,Raddish,FAQ,28/03/2026,2000,2200,2100
"Himachal Pradesh",Kangra,"SMY Nagrota Bagwan",Banana,Other,Medium,28/03/2026,4000,4800,4500
"Himachal Pradesh",Kangra,"SMY Nagrota Bagwan",Guava,Guava,Medium,28/03/2026,7500,8500,8000
"Himachal Pradesh",Kangra,"SMY Nagrota Bagwan","Karbuja(Musk Melon)",Karbhuja,Medium,28/03/2026,3800,4200,4000
"Himachal Pradesh",Kangra,"SMY Nagrota Bagwan","Water Melon","Water Melon",Medium,28/03/2026,2000,2200,2100
"Himachal Pradesh",Kangra,"SMY Nagrota Bagwan",Pineapple,"Pine Apple",Medium,28/03/2026,4000,4500,4200
"Himachal Pradesh",Kangra,"SMY Nagrota Bagwan",Pomegranate,Pomogranate,Medium,28/03/2026,11000,12000,11500
"Himachal Pradesh",Kangra,"SMY Nagrota Bagwan",Cabbage,Cabbage,FAQ,28/03/2026,800,900,900
"Himachal Pradesh",Kangra,"SMY Nagrota Bagwan",Capsicum,Capsicum,FAQ,28/03/2026,4800,5200,5000
"Himachal Pradesh",Kangra,"SMY Nagrota Bagwan",Pumpkin,Pumpkin,FAQ,28/03/2026,2400,2800,2600
"Himachal Pradesh",Kangra,"SMY Nagrota Bagwan",Tomato,Tomato,FAQ,28/03/2026,1800,2000,1900
"Uttar Pradesh",Maharajganj,"Anandnagar APMC",Tomato,Tomato,FAQ,28/03/2026,1050,1250,1150
"West Bengal",Darjeeling,"Siliguri APMC",Rice,Fine(Basmati),FAQ,28/03/2026,4800,5000,4900
"West Bengal",Darjeeling,"Siliguri APMC","Squash(Chappal Kadoo)",Other,FAQ,28/03/2026,900,1100,1000
"West Bengal",Darjeeling,"Siliguri APMC","Arhar Dal(Tur Dal)","Arhar Dal(Tur)",FAQ,28/03/2026,12300,12700,12500
"West Bengal",Darjeeling,"Siliguri APMC","Green Gram Dal(Moong Dal)","Green Gram Dal",FAQ,28/03/2026,9600,9800,9700
Kerala,Kannur,"Taliparamba APMC",Tomato,Tomato,FAQ,28/03/2026,2400,2600,2500
"Tamil Nadu",Erode,"Gobichettipalayam(Uzhavar Sandhai ) APMC",Onion,Bellary,Local,28/03/2026,2500,3000,2750
"Tamil Nadu",Erode,"Gobichettipalayam(Uzhavar Sandhai ) APMC",Coriander(Leaves),"I Sort",Local,28/03/2026,5000,5500,5250
"Tamil Nadu",Erode,"Gobichettipalayam(Uzhavar Sandhai ) APMC",Tomato,Deshi,Local,28/03/2026,1200,1500,1350
"Tamil Nadu",Erode,"Gobichettipalayam(Uzhavar Sandhai ) APMC","Banana - Green","Banana - Green",Local,28/03/2026,2000,2200,2100
"Tamil Nadu",Erode,"Gobichettipalayam(Uzhavar Sandhai ) APMC",Ginger(Green),"Green Ginger",Local,28/03/2026,7500,8000,7750
"Tamil Nadu",Erode,"Gobichettipalayam(Uzhavar Sandhai ) APMC","Sweet Potato","Hosur Red",Local,28/03/2026,4000,4500,4250
"Tamil Nadu",Erode,"Gobichettipalayam(Uzhavar Sandhai ) APMC",Snakeguard,Snakeguard,Local,28/03/2026,4000,4500,4250
"Tamil Nadu",Erode,"Sathiyamagalam(Uzhavar Sandhai ) APMC",Potato,Other,Local,28/03/2026,3000,3500,3250
"Tamil Nadu",Erode,"Sathiyamagalam(Uzhavar Sandhai ) APMC",Cauliflower,Ranchi,Local,28/03/2026,2500,3000,2750
"Tamil Nadu",Erode,"Sathiyamagalam(Uzhavar Sandhai ) APMC",Coriander(Leaves),"I Sort",Local,28/03/2026,4000,4500,4250
"Tamil Nadu",Erode,"Sathiyamagalam(Uzhavar Sandhai ) APMC",Chikoos(Sapota),Sapota,Local,28/03/2026,3500,4000,3750
"Tamil Nadu",Erode,"Sathiyamagalam(Uzhavar Sandhai ) APMC",Papaya,Papaya,Local,28/03/2026,2000,2400,2200
"Tamil Nadu",Erode,"Sathiyamagalam(Uzhavar Sandhai ) APMC","Banana - Green","Banana - Green",Local,28/03/2026,3000,3500,3250
"Tamil Nadu",Erode,"Sathiyamagalam(Uzhavar Sandhai ) APMC",Carrot,Pusakesar,Local,28/03/2026,4400,4800,4600
"Tamil Nadu",Erode,"Sathiyamagalam(Uzhavar Sandhai ) APMC",Lemon,Lemon,Local,28/03/2026,7000,7500,7250
"Himachal Pradesh",Shimla,"SMY Rohroo",Papaya,Other,"Grade B",28/03/2026,4000,5000,4500
"Himachal Pradesh",Shimla,"SMY Rohroo","Bitter gourd",Other,"Grade B",28/03/2026,7000,8000,7500
"Himachal Pradesh",Shimla,"SMY Rohroo",Grapes,Annabesahai,"Grade B",28/03/2026,12000,13000,12500
"Himachal Pradesh",Shimla,"SMY Rohroo",Orange,Orange,"Grade B",28/03/2026,8000,9000,8500
"Himachal Pradesh",Shimla,"SMY Rohroo",Onion,"1st Sort","Grade B",28/03/2026,2000,2200,2100
"Himachal Pradesh",Una,"SMY Santoshgarh","Green Chilli","Green Chilly",FAQ,28/03/2026,5000,6600,5800
"Himachal Pradesh",Una,"SMY Santoshgarh",Cucumbar(Kheera),Cucumbar,FAQ,28/03/2026,1200,1500,1350
"Himachal Pradesh",Una,"SMY Santoshgarh",Coriander(Leaves),Coriander,FAQ,28/03/2026,3200,3500,3350
"Himachal Pradesh",Una,"SMY Santoshgarh",Brinjal,Round/Long,FAQ,28/03/2026,2100,2200,2150
"Himachal Pradesh",Una,"SMY Santoshgarh",Apple,Other,"Grade A",28/03/2026,12500,12500,12500
Odisha,Dhenkanal,"Hindol APMC",Tomato,Tomato,"Grade B",28/03/2026,800,1000,900
"Andaman and Nicobar","North and Middle Andaman ","Diglipur APMC","Bitter gourd",Other,FAQ,28/03/2026,5000,10000,7000
"Andaman and Nicobar","North and Middle Andaman ","Diglipur APMC",Ridgeguard(Tori),Other,FAQ,28/03/2026,2000,4000,3000
"Andaman and Nicobar","North and Middle Andaman ","Diglipur APMC",Papaya,Other,Local,28/03/2026,3000,6000,4500
"Andaman and Nicobar","North and Middle Andaman ","Diglipur APMC","Water Melon",Other,Medium,28/03/2026,2500,5000,3500
"Tamil Nadu",Namakkal,"Tiruchengode APMC",Onion,Bellary,Local,28/03/2026,2500,2800,2650
"Tamil Nadu",Namakkal,"Tiruchengode APMC",Potato,Other,Local,28/03/2026,2600,3000,2800
"Tamil Nadu",Namakkal,"Tiruchengode APMC","Bitter gourd",Other,Local,28/03/2026,4500,5000,4750
"Tamil Nadu",Namakkal,"Tiruchengode APMC",Pumpkin,Pumpkin,Local,28/03/2026,1600,1800,1700
"Tamil Nadu",Namakkal,"Tiruchengode APMC",Amaranthus,Amaranthus,Local,28/03/2026,3000,3500,3250
"Tamil Nadu",Namakkal,"Tiruchengode APMC","Banana - Green","Banana - Green",Local,28/03/2026,2600,3000,2800
"Tamil Nadu",Namakkal,"Tiruchengode APMC",Snakeguard,Snakeguard,Local,28/03/2026,4800,5500,5150
"Tamil Nadu",Namakkal,"Tiruchengode APMC",Capsicum,Capsicum,Local,28/03/2026,4800,5500,5150
"Tamil Nadu",Namakkal,"Tiruchengode APMC","Green Avare(W)",Other,Local,28/03/2026,5400,6000,5700
"Tamil Nadu",Namakkal,"Tiruchengode APMC","Sweet Corn ","Sweet Corn ",Local,28/03/2026,4500,5000,4750
"Tamil Nadu",Thiruchirappalli,"Thuraiyur APMC",Onion,Bellary,Local,28/03/2026,2400,2800,2600
"Tamil Nadu",Thiruchirappalli,"Thuraiyur APMC",Cauliflower,Ranchi,Local,28/03/2026,3000,3500,3250
"Tamil Nadu",Thiruchirappalli,"Thuraiyur APMC","Bhindi(Ladies Finger)",Bhindi,Local,28/03/2026,5000,5500,5250
"Tamil Nadu",Thiruchirappalli,"Thuraiyur APMC",Beetroot,Beetroot,Local,28/03/2026,2500,3000,2750
"Tamil Nadu",Thiruchirappalli,"Thuraiyur APMC",Capsicum,Capsicum,Local,28/03/2026,5000,5500,5250
"Tamil Nadu",Ariyalur,"Ariyalur(Uzhavar Sandhai) APMC",Banana,Besrai,Local,28/03/2026,5000,5400,5200
"Tamil Nadu",Ariyalur,"Ariyalur(Uzhavar Sandhai) APMC",Potato,"Red Nanital",Local,28/03/2026,3500,4000,3750
"Tamil Nadu",Ariyalur,"Ariyalur(Uzhavar Sandhai) APMC",Brinjal,Round,Local,28/03/2026,3000,3400,3200
"Tamil Nadu",Ariyalur,"Ariyalur(Uzhavar Sandhai) APMC","Bitter gourd","Bitter Gourd",Local,28/03/2026,4000,4500,4250
"Tamil Nadu",Ariyalur,"Ariyalur(Uzhavar Sandhai) APMC","Bhindi(Ladies Finger)",Bhindi,Local,28/03/2026,3000,3500,3250
"Tamil Nadu",Ariyalur,"Ariyalur(Uzhavar Sandhai) APMC",Cabbage,Cabbage,Local,28/03/2026,2000,2800,2400
"Madhya Pradesh",Khandwa,"Khandwa(F&V) APMC","Bottle gourd","Bottle Gourd",FAQ,28/03/2026,400,800,400
"Madhya Pradesh",Khandwa,"Khandwa(F&V) APMC",Potato,Potato,FAQ,28/03/2026,400,800,500
"Madhya Pradesh",Khandwa,"Khandwa(F&V) APMC","Bitter gourd","Bitter Gourd",FAQ,28/03/2026,1000,2800,1650
"Tamil Nadu",Coimbatore,"RSPuram(Uzhavar Sandhai ) APMC",Groundnut,"Big (With Shell)",Local,28/03/2026,6500,7000,6750
"Tamil Nadu",Coimbatore,"RSPuram(Uzhavar Sandhai ) APMC",Orange,Darjeeling,Local,28/03/2026,8000,13000,10500
"Tamil Nadu",Coimbatore,"RSPuram(Uzhavar Sandhai ) APMC",Brinjal,Other,Local,28/03/2026,2800,3400,3100
"Tamil Nadu",Coimbatore,"RSPuram(Uzhavar Sandhai ) APMC","Bitter gourd",Other,Local,28/03/2026,4000,4600,4300
"Tamil Nadu",Coimbatore,"RSPuram(Uzhavar Sandhai ) APMC","Bhindi(Ladies Finger)",Bhindi,Local,28/03/2026,6000,6600,6300
"Tamil Nadu",Coimbatore,"RSPuram(Uzhavar Sandhai ) APMC",Beans,"Beans (Whole)",Local,28/03/2026,7000,8000,7500
"Tamil Nadu",Coimbatore,"RSPuram(Uzhavar Sandhai ) APMC",Coconut,Coconut,Local,28/03/2026,4800,5300,5050
"Tamil Nadu",Coimbatore,"RSPuram(Uzhavar Sandhai ) APMC",Beetroot,Beetroot,Local,28/03/2026,4000,4400,4200
"Tamil Nadu",Coimbatore,"RSPuram(Uzhavar Sandhai ) APMC",Ridgeguard(Tori),Ridgeguard(Tori),Local,28/03/2026,4400,4800,4600
"Tamil Nadu",Coimbatore,"RSPuram(Uzhavar Sandhai ) APMC",Raddish,Raddish,Local,28/03/2026,1600,2800,2200
"Tamil Nadu",Coimbatore,"RSPuram(Uzhavar Sandhai ) APMC",Mango(Raw-Ripe),"Mango - Raw-Ripe",Local,28/03/2026,3200,4500,3850
"Tamil Nadu",Coimbatore,"RSPuram(Uzhavar Sandhai ) APMC",Guava,"Guava Allahabad",Local,28/03/2026,4500,5000,4750
"Tamil Nadu",Coimbatore,"RSPuram(Uzhavar Sandhai ) APMC","Tamarind Fruit","Tamarind Fruit",Local,28/03/2026,18000,19000,18500
"Tamil Nadu",Coimbatore,"RSPuram(Uzhavar Sandhai ) APMC",Lemon,Lemon,Local,28/03/2026,12000,13000,12500
"Tamil Nadu",Coimbatore,"RSPuram(Uzhavar Sandhai ) APMC",Mashrooms,Mashrooms,Local,28/03/2026,17500,20000,18750
"Tamil Nadu",Coimbatore,"RSPuram(Uzhavar Sandhai ) APMC","Amla(Nelli Kai)",Amla,Local,28/03/2026,7000,7500,7250
"Tamil Nadu",Coimbatore,"RSPuram(Uzhavar Sandhai ) APMC","Baby Corn","Baby Corn","Grade A",28/03/2026,2000,2600,2300
"Tamil Nadu",Coimbatore,"Singanallur(Uzhavar Sandhai ) APMC",Grapes,Annabesahai,Local,28/03/2026,8000,9000,8500
"Tamil Nadu",Coimbatore,"Singanallur(Uzhavar Sandhai ) APMC",Coriander(Leaves),"I Sort",Local,28/03/2026,4500,4800,4650
"Tamil Nadu",Coimbatore,"Singanallur(Uzhavar Sandhai ) APMC",Chikoos(Sapota),Sapota,Local,28/03/2026,3500,4000,3750
"Tamil Nadu",Coimbatore,"Singanallur(Uzhavar Sandhai ) APMC","Bhindi(Ladies Finger)",Bhindi,Local,28/03/2026,6000,6600,6300
"Tamil Nadu",Coimbatore,"Singanallur(Uzhavar Sandhai ) APMC",Amaranthus,Amaranthus,Local,28/03/2026,3000,3500,3250
"Tamil Nadu",Coimbatore,"Singanallur(Uzhavar Sandhai ) APMC","Green Chilli","Green Chilly",Local,28/03/2026,4000,4400,4200
"Tamil Nadu",Coimbatore,"Singanallur(Uzhavar Sandhai ) APMC","Banana - Green","Banana - Green",Local,28/03/2026,3000,3500,3250
"Tamil Nadu",Coimbatore,"Singanallur(Uzhavar Sandhai ) APMC",Carrot,Pusakesar,Local,28/03/2026,3500,3800,3650
"Tamil Nadu",Coimbatore,"Singanallur(Uzhavar Sandhai ) APMC",Beetroot,Beetroot,Local,28/03/2026,3000,4400,3700
"Tamil Nadu",Coimbatore,"Singanallur(Uzhavar Sandhai ) APMC",Cucumbar(Kheera),Cucumbar,Local,28/03/2026,3000,3400,3200
"Tamil Nadu",Coimbatore,"Singanallur(Uzhavar Sandhai ) APMC",Raddish,Raddish,Local,28/03/2026,2500,2800,2650
"Tamil Nadu",Coimbatore,"Singanallur(Uzhavar Sandhai ) APMC","Knool Khol","Knool Khol",Local,28/03/2026,3000,3500,3250
"Tamil Nadu",Coimbatore,"Singanallur(Uzhavar Sandhai ) APMC",Guava,"Guava Allahabad",Local,28/03/2026,5500,6000,5750
"Himachal Pradesh",Kangra,"PMY Kangra","Mousambi(Sweet Lime)",Mousambi,Medium,28/03/2026,5000,5500,5200
"Himachal Pradesh",Kangra,"PMY Kangra",Pineapple,Other,Medium,28/03/2026,4000,5000,4500
"Himachal Pradesh",Kangra,"PMY Kangra",Kinnow,Kinnow,Medium,28/03/2026,6000,6500,6200
"Himachal Pradesh",Kangra,"PMY Kangra",Cauliflower,Cauliflower,FAQ,28/03/2026,3500,4000,3700
"Himachal Pradesh",Kangra,"PMY Kangra",Ginger(Green),"Green Ginger",FAQ,28/03/2026,8000,8500,8200
"Himachal Pradesh",Kangra,"PMY Kangra",Cabbage,Cabbage,FAQ,28/03/2026,800,1000,900
"Himachal Pradesh",Kangra,"PMY Kangra",Carrot,Carrot,FAQ,28/03/2026,1800,2600,2200
"Himachal Pradesh",Kangra,"PMY Kangra","Bhindi(Ladies Finger)",Bhindi,FAQ,28/03/2026,7000,8000,7500
Haryana,Mahendragarh-Narnaul,"Narnaul APMC",Spinach,Spinach,Medium,28/03/2026,1500,2000,2000
Haryana,Mahendragarh-Narnaul,"Narnaul APMC",Carrot,Carrot,Medium,28/03/2026,1500,2000,2000
Haryana,Mahendragarh-Narnaul,"Narnaul APMC",Cabbage,Cabbage,Medium,28/03/2026,600,1000,800
Haryana,Mahendragarh-Narnaul,"Narnaul APMC",Lemon,Lemon,Medium,28/03/2026,13000,14000,14000
Haryana,Mahendragarh-Narnaul,"Narnaul APMC",Apple,Apple,Medium,28/03/2026,9000,10000,10000
Haryana,Mahendragarh-Narnaul,"Narnaul APMC",Garlic,Garlic,FAQ,28/03/2026,12000,13000,13000
Haryana,Mahendragarh-Narnaul,"Narnaul APMC",Orange,Orange,Medium,28/03/2026,9000,10000,10000
Gujarat,Rajkot,"Rajkot(Veg.Sub Yard) APMC","Bhindi(Ladies Finger)",Bhindi,FAQ,28/03/2026,3545,4740,4140
Gujarat,Rajkot,"Rajkot(Veg.Sub Yard) APMC",Lemon,Lemon,FAQ,28/03/2026,8135,16570,12350
Gujarat,Rajkot,"Rajkot(Veg.Sub Yard) APMC","Cluster beans","Cluster Beans",FAQ,28/03/2026,4555,6135,5345
Gujarat,Rajkot,"Rajkot(Veg.Sub Yard) APMC",Tomato,Tomato,FAQ,28/03/2026,455,1420,935
"Uttar Pradesh",Raebarelli,"Lalganj APMC",Wheat,Dara,FAQ,28/03/2026,2400,2450,2425
"Uttar Pradesh",Raebarelli,"Lalganj APMC",Cucumbar(Kheera),Cucumbar,FAQ,28/03/2026,1300,1500,1400
"Uttar Pradesh",Amroha,"Hasanpur APMC","Bhindi(Ladies Finger)",Bhindi,FAQ,28/03/2026,1450,1520,1500
"Uttar Pradesh",Amroha,"Hasanpur APMC",Brinjal,Round/Long,FAQ,28/03/2026,1450,1520,1500
"Uttar Pradesh",Amroha,"Hasanpur APMC",Tomato,Hybrid,FAQ,28/03/2026,1850,2020,2000
"Tamil Nadu",Coimbatore,"Pollachi(Uzhavar Sandhai ) APMC",Chikoos(Sapota),Sapota,Local,28/03/2026,3500,4000,3750
"Tamil Nadu",Coimbatore,"Pollachi(Uzhavar Sandhai ) APMC",Papaya,Papaya,Local,28/03/2026,3000,3500,3250
"Tamil Nadu",Coimbatore,"Pollachi(Uzhavar Sandhai ) APMC","Cluster beans","Cluster Beans",Local,28/03/2026,3500,4000,3750
"Tamil Nadu",Coimbatore,"Pollachi(Uzhavar Sandhai ) APMC","Bitter gourd","Bitter Gourd",Local,28/03/2026,4500,5000,4750
"Tamil Nadu",Coimbatore,"Pollachi(Uzhavar Sandhai ) APMC",Ashgourd,Gouard,Local,28/03/2026,1800,2200,2000
"Tamil Nadu",Coimbatore,"Pollachi(Uzhavar Sandhai ) APMC",Amaranthus,Amaranthus,Local,28/03/2026,3000,4000,3500
"Tamil Nadu",Coimbatore,"Pollachi(Uzhavar Sandhai ) APMC",Coconut,Coconut,Local,28/03/2026,5000,5400,5200
"Tamil Nadu",Coimbatore,"Pollachi(Uzhavar Sandhai ) APMC",Snakeguard,Snakeguard,Local,28/03/2026,3000,3500,3250
"Tamil Nadu",Coimbatore,"Pollachi(Uzhavar Sandhai ) APMC",Lemon,Lemon,Local,28/03/2026,10000,12000,11000
"Tamil Nadu",Coimbatore,"Pollachi(Uzhavar Sandhai ) APMC","Onion Green","Onion Green",Local,28/03/2026,3000,3500,3250
"Tamil Nadu",Coimbatore,"Pollachi(Uzhavar Sandhai ) APMC",Mint(Pudina),Mint(Pudina),Local,28/03/2026,3500,4000,3750
"Uttar Pradesh",Shahjahanpur,"Jalalabad APMC",Raddish,Raddish,FAQ,28/03/2026,400,500,450
"Uttar Pradesh",Shamli,"Kairana APMC",Raddish,Raddish,FAQ,28/03/2026,700,800,750
"Uttar Pradesh",Shamli,"Kairana APMC",Tomato,Tomato,FAQ,28/03/2026,1300,1400,1350
"Uttar Pradesh",Shamli,"Kairana APMC",Cabbage,Cabbage,FAQ,28/03/2026,800,900,850
"Uttar Pradesh",Shamli,"Kairana APMC","Green Chilli","Green Chilly",FAQ,28/03/2026,3900,4000,3950
"Uttar Pradesh",Shamli,"Kairana APMC",Potato,Desi,FAQ,28/03/2026,700,800,750
"Tamil Nadu",Coimbatore,"Mettupalayam(Uzhavar Sandhai ) APMC",Potato,"Red Nanital",Local,28/03/2026,2800,3500,3150
"Tamil Nadu",Coimbatore,"Mettupalayam(Uzhavar Sandhai ) APMC",Garlic,Garlic,Local,28/03/2026,12000,14000,13000
"Tamil Nadu",Coimbatore,"Mettupalayam(Uzhavar Sandhai ) APMC",Brinjal,Round,Local,28/03/2026,2500,3000,2750
"Tamil Nadu",Coimbatore,"Mettupalayam(Uzhavar Sandhai ) APMC",Chikoos(Sapota),Sapota,Local,28/03/2026,4500,5000,4750
"Tamil Nadu",Coimbatore,"Mettupalayam(Uzhavar Sandhai ) APMC","Bitter gourd","Bitter Gourd",Local,28/03/2026,3000,3500,3250
"Tamil Nadu",Coimbatore,"Mettupalayam(Uzhavar Sandhai ) APMC",Ashgourd,Gouard,Local,28/03/2026,1200,1600,1400
"Tamil Nadu",Coimbatore,"Mettupalayam(Uzhavar Sandhai ) APMC",Beans,"Beans (Whole)",Local,28/03/2026,7000,8000,7500
"Tamil Nadu",Coimbatore,"Mettupalayam(Uzhavar Sandhai ) APMC","Sweet Potato","Hosur Red",Local,28/03/2026,2400,2800,2600
"Tamil Nadu",Coimbatore,"Mettupalayam(Uzhavar Sandhai ) APMC",Raddish,Raddish,Local,28/03/2026,2400,2800,2600
"Tamil Nadu",Coimbatore,"Mettupalayam(Uzhavar Sandhai ) APMC",Thondekai,Thondekai,Local,28/03/2026,1800,2200,2000
"Tamil Nadu",Coimbatore,"Mettupalayam(Uzhavar Sandhai ) APMC",Capsicum,Capsicum,Local,28/03/2026,5500,6000,5750
"Tamil Nadu",Coimbatore,"Mettupalayam(Uzhavar Sandhai ) APMC",Drumstick,Drumstick,Local,28/03/2026,2500,3000,2750
"Tamil Nadu",Coimbatore,"Mettupalayam(Uzhavar Sandhai ) APMC",Lime,Lime,Local,28/03/2026,12000,13000,12500
"Tamil Nadu",Coimbatore,"Mettupalayam(Uzhavar Sandhai ) APMC",Yam(Ratalu),"Yam (Ratalu)",Local,28/03/2026,5500,6000,5750
"Tamil Nadu",Coimbatore,"Mettupalayam(Uzhavar Sandhai ) APMC",Mashrooms,Mashrooms,Local,28/03/2026,18000,20000,19000
"Tamil Nadu",Coimbatore,"Mettupalayam(Uzhavar Sandhai ) APMC","Amla(Nelli Kai)",Amla,Local,28/03/2026,7000,8000,7500
"Tamil Nadu",Coimbatore,"Mettupalayam(Uzhavar Sandhai ) APMC",Mint(Pudina),Mint(Pudina),Local,28/03/2026,3000,3500,3250
"Tamil Nadu",Coimbatore,"Mettupalayam(Uzhavar Sandhai ) APMC","Baby Corn","Baby Corn","Grade A",28/03/2026,2500,3000,2750
"Uttar Pradesh","Khiri (Lakhimpur)","Maigalganj APMC","Banana - Green","Banana - Green",FAQ,28/03/2026,1400,1450,1425
"Uttar Pradesh","Khiri (Lakhimpur)","Maigalganj APMC","Bottle gourd","Bottle Gourd",FAQ,28/03/2026,550,600,575
"Uttar Pradesh","Khiri (Lakhimpur)","Maigalganj APMC",Onion,Red,FAQ,28/03/2026,1150,1200,1175
"Uttar Pradesh","Sant Kabir Nagar","Khalilabad APMC","Bottle gourd","Bottle Gourd",Medium,28/03/2026,1450,1450,1450
"Uttar Pradesh",Saharanpur,"Rampurmaniharan APMC","Banana - Green","Banana - Green","Grade C",28/03/2026,1600,1600,1600
"Uttar Pradesh",Saharanpur,"Rampurmaniharan APMC",Cucumbar(Kheera),Cucumbar,"Grade C",28/03/2026,1200,1200,1200
"Uttar Pradesh",Saharanpur,"Rampurmaniharan APMC",Ginger(Green),"Green Ginger","Grade B",28/03/2026,3600,3600,3600
Telangana,Mahbubnagar,"Mahabubnagar(Rythu Bazar) APMC","Bottle gourd","Bottle Gourd",Local,28/03/2026,1000,1000,1000
Telangana,Mahbubnagar,"Mahabubnagar(Rythu Bazar) APMC",Potato,"Red Nanital",Local,28/03/2026,3000,3000,3000
Telangana,Mahbubnagar,"Mahabubnagar(Rythu Bazar) APMC",Brinjal,"Arkasheela Mattigulla",Local,28/03/2026,2000,2000,2000
Telangana,Mahbubnagar,"Mahabubnagar(Rythu Bazar) APMC","Cluster beans","Cluster Beans",Local,28/03/2026,4000,4000,4000
"Andhra Pradesh","East Godavari","Ravulapelem APMC",Banana,Karpura,Local,28/03/2026,1900,3400,3200
"Andhra Pradesh","East Godavari","Ravulapelem APMC",Banana,Chakkarakeli(White),Local,28/03/2026,2400,2700,2500
"Andhra Pradesh","East Godavari","Ravulapelem APMC",Banana,Chakkarakeli(Red),Local,28/03/2026,2900,4300,3900
"Uttar Pradesh",Bareilly,"Anwala APMC","Green Chilli","Green Chilly",FAQ,28/03/2026,3500,3500,3500
"Uttar Pradesh",Bareilly,"Anwala APMC",Cauliflower,Cauliflower,FAQ,28/03/2026,1500,1500,1500
"Uttar Pradesh",Rampur,"Bilaspur APMC",Papaya,Other,Medium,28/03/2026,2000,2200,2100
"Uttar Pradesh","Siddharth Nagar","Naugarh APMC","Banana - Green","Banana - Green","Grade A",28/03/2026,1650,1650,1650
Odisha,Bargarh,"Bargarh(Barapalli) APMC",Brinjal,Brinjal,Local,28/03/2026,1300,2100,1700
"Uttar Pradesh",Agra,"Khairagarh APMC",Garlic,Other,FAQ,28/03/2026,7000,7100,7050
"Tamil Nadu",Karur,"Karur(Uzhavar Sandhai ) APMC",Brinjal,Other,Local,28/03/2026,3000,4000,3500
"Tamil Nadu",Karur,"Karur(Uzhavar Sandhai ) APMC","Green Peas","Green Peas",Local,28/03/2026,9500,10000,9750
"Tamil Nadu",Karur,"Karur(Uzhavar Sandhai ) APMC",Ashgourd,Gouard,Local,28/03/2026,1500,2000,1750
"Tamil Nadu",Karur,"Karur(Uzhavar Sandhai ) APMC","Banana - Green","Banana - Green",Local,28/03/2026,3500,4000,3750
"Tamil Nadu",Karur,"Karur(Uzhavar Sandhai ) APMC",Beetroot,Beetroot,Local,28/03/2026,4500,5000,4750
"Tamil Nadu",Karur,"Karur(Uzhavar Sandhai ) APMC",Ridgeguard(Tori),Ridgeguard(Tori),Local,28/03/2026,3500,4000,3750
"Tamil Nadu",Karur,"Karur(Uzhavar Sandhai ) APMC",Raddish,Raddish,Local,28/03/2026,2000,2500,2250
"Tamil Nadu",Karur,"Karur(Uzhavar Sandhai ) APMC",Thondekai,Thondekai,Local,28/03/2026,2500,3000,2750
"Tamil Nadu",Karur,"Karur(Uzhavar Sandhai ) APMC","Chow Chow","Chow Chow",Local,28/03/2026,2500,3000,2750
"Tamil Nadu",Karur,"Karur(Uzhavar Sandhai ) APMC",Lemon,Lemon,Local,28/03/2026,16500,17000,16750
"Tamil Nadu",Coimbatore,"Kurichi(Uzhavar Sandhai ) APMC",Banana,Karpura,Local,28/03/2026,4500,5000,4750
"Tamil Nadu",Coimbatore,"Kurichi(Uzhavar Sandhai ) APMC",Tomato,Local,Local,28/03/2026,2500,3000,2750
"Tamil Nadu",Coimbatore,"Kurichi(Uzhavar Sandhai ) APMC","Cluster beans","Cluster Beans",Local,28/03/2026,3500,4000,3750
"Tamil Nadu",Coimbatore,"Kurichi(Uzhavar Sandhai ) APMC",Tapioca,Tapioca,Local,28/03/2026,2500,3000,2750
"Tamil Nadu",Coimbatore,"Kurichi(Uzhavar Sandhai ) APMC",Raddish,Raddish,Local,28/03/2026,3000,3500,3250
"Tamil Nadu",Coimbatore,"Kurichi(Uzhavar Sandhai ) APMC",Guava,"Guava Allahabad",Local,28/03/2026,5500,6000,5750
"Tamil Nadu",Coimbatore,"Kurichi(Uzhavar Sandhai ) APMC","Onion Green","Onion Green",Local,28/03/2026,2800,3200,3000
"Tamil Nadu",Cuddalore,"Cuddalore(Uzhavar Sandhai ) APMC","Bhindi(Ladies Finger)",Bhindi,Local,28/03/2026,4000,4000,4000
"Tamil Nadu",Cuddalore,"Cuddalore(Uzhavar Sandhai ) APMC",Beetroot,Beetroot,Local,28/03/2026,3000,3000,3000
"Tamil Nadu",Cuddalore,"Cuddalore(Uzhavar Sandhai ) APMC","Knool Khol","Knool Khol",Local,28/03/2026,3000,3000,3000
"Tamil Nadu",Cuddalore,"Cuddalore(Uzhavar Sandhai ) APMC","Jack Fruit(Ripe)","Jack Fruit",Local,28/03/2026,10000,10000,10000
"Tamil Nadu",Cuddalore,"Cuddalore(Uzhavar Sandhai ) APMC",Yam(Ratalu),"Yam (Ratalu)",Local,28/03/2026,8000,8000,8000
"Tamil Nadu",Cuddalore,"Cuddalore(Uzhavar Sandhai ) APMC",Colacasia,Colacasia,Local,28/03/2026,6000,6000,6000
"Tamil Nadu",Cuddalore,"Viruthachalam(Uzhavar Sandhai ) APMC",Tomato,Deshi,Local,28/03/2026,2000,2000,2000
"Tamil Nadu",Cuddalore,"Viruthachalam(Uzhavar Sandhai ) APMC",Amaranthus,Amaranthus,Local,28/03/2026,2000,2500,2250
"Tamil Nadu",Cuddalore,"Viruthachalam(Uzhavar Sandhai ) APMC",Carrot,Pusakesar,Local,28/03/2026,4000,4000,4000
"Tamil Nadu",Cuddalore,"Viruthachalam(Uzhavar Sandhai ) APMC",Cabbage,Cabbage,Local,28/03/2026,2000,3000,2500
"Tamil Nadu",Cuddalore,"Viruthachalam(Uzhavar Sandhai ) APMC",Drumstick,Drumstick,Local,28/03/2026,2000,3000,2500
"Tamil Nadu",Cuddalore,"Viruthachalam(Uzhavar Sandhai ) APMC",Lemon,Lemon,Local,28/03/2026,10000,10000,10000
"Tamil Nadu",Cuddalore,"Viruthachalam(Uzhavar Sandhai ) APMC","Onion Green","Onion Green",Local,28/03/2026,3500,4000,3750
"Tamil Nadu",Cuddalore,"Viruthachalam(Uzhavar Sandhai ) APMC",Mint(Pudina),Mint(Pudina),Local,28/03/2026,4000,4000,4000
"Tamil Nadu",Cuddalore,"Vadalur(Uzhavar Sandhai ) APMC",Banana,"Red Banana",Local,28/03/2026,7000,8000,7500
"Tamil Nadu",Cuddalore,"Vadalur(Uzhavar Sandhai ) APMC",Onion,Bellary,Local,28/03/2026,2000,2500,2250
"Tamil Nadu",Cuddalore,"Vadalur(Uzhavar Sandhai ) APMC",Potato,Other,Local,28/03/2026,2000,2500,2250
"Tamil Nadu",Cuddalore,"Vadalur(Uzhavar Sandhai ) APMC","Bottle gourd","Bottle Gourd",Local,28/03/2026,2000,2000,2000
"Tamil Nadu",Cuddalore,"Vadalur(Uzhavar Sandhai ) APMC",Ashgourd,Gouard,Local,28/03/2026,2000,2000,2000
"Tamil Nadu",Cuddalore,"Vadalur(Uzhavar Sandhai ) APMC",Coconut,Coconut,Local,28/03/2026,6000,7000,6500
"Tamil Nadu",Cuddalore,"Vadalur(Uzhavar Sandhai ) APMC",Snakeguard,Snakeguard,Local,28/03/2026,3000,3000,3000
"Tamil Nadu",Dharmapuri,"Dharmapuri(Uzhavar Sandhai ) APMC",Garlic,Garlic,Local,28/03/2026,16400,16600,16500
"Tamil Nadu",Dharmapuri,"Pennagaram(Uzhavar Sandhai ) APMC",Potato,"Red Nanital",Local,28/03/2026,2800,3000,2900
"Tamil Nadu",Dharmapuri,"Pennagaram(Uzhavar Sandhai ) APMC",Cauliflower,Ranchi,Local,28/03/2026,2300,2500,2400
"Tamil Nadu",Dharmapuri,"Pennagaram(Uzhavar Sandhai ) APMC","Green Peas","Green Peas",Local,28/03/2026,9800,10000,9900
"Tamil Nadu",Dharmapuri,"Pennagaram(Uzhavar Sandhai ) APMC",Tomato,Deshi,Local,28/03/2026,1600,1800,1700
"Tamil Nadu",Dharmapuri,"Pennagaram(Uzhavar Sandhai ) APMC","Bitter gourd","Bitter Gourd",Local,28/03/2026,3600,3800,3700
"Tamil Nadu",Dharmapuri,"Pennagaram(Uzhavar Sandhai ) APMC",Amaranthus,Amaranthus,Local,28/03/2026,2300,2500,2400
"Tamil Nadu",Dharmapuri,"Pennagaram(Uzhavar Sandhai ) APMC",Capsicum,Capsicum,Local,28/03/2026,5800,6000,5900
"Tamil Nadu",Dharmapuri,"Palacode(Uzhavar Sandhai ) APMC",Garlic,Garlic,Local,28/03/2026,15500,16000,15750
"Tamil Nadu",Dharmapuri,"Palacode(Uzhavar Sandhai ) APMC",Ashgourd,Gouard,Local,28/03/2026,1200,1500,1350
"Tamil Nadu",Dharmapuri,"Palacode(Uzhavar Sandhai ) APMC",Tapioca,Tapioca,Local,28/03/2026,2000,2500,2250
"Tamil Nadu",Dharmapuri,"Palacode(Uzhavar Sandhai ) APMC",Cabbage,Cabbage,Local,28/03/2026,2000,2400,2200
"Tamil Nadu",Dharmapuri,"Palacode(Uzhavar Sandhai ) APMC",Cucumbar(Kheera),Cucumbar,Local,28/03/2026,2600,3000,2800
"Tamil Nadu",Dharmapuri,"Palacode(Uzhavar Sandhai ) APMC",Thondekai,Thondekai,Local,28/03/2026,4600,5000,4800
"Tamil Nadu",Dharmapuri,"Palacode(Uzhavar Sandhai ) APMC",Drumstick,Drumstick,Local,28/03/2026,3600,4000,3800
"Tamil Nadu",Dharmapuri,"Palacode(Uzhavar Sandhai ) APMC","Knool Khol","Knool Khol",Local,28/03/2026,3800,4000,3900
"Tamil Nadu",Dharmapuri,"Palacode(Uzhavar Sandhai ) APMC","Elephant Yam(Suran)/Amorphophallus","Elephant Yam (Suran)",Local,28/03/2026,4600,5000,4800
"Tamil Nadu",Dharmapuri,"Palacode(Uzhavar Sandhai ) APMC","Amla(Nelli Kai)",Amla,Local,28/03/2026,9500,10000,9750
"Tamil Nadu",Dharmapuri,"AJattihalli(Uzhavar Sandhai ) APMC",Onion,Bellary,Local,28/03/2026,2000,2600,2300
"Tamil Nadu",Dharmapuri,"AJattihalli(Uzhavar Sandhai ) APMC",Cauliflower,Ranchi,Local,28/03/2026,3000,3000,3000
"Tamil Nadu",Dharmapuri,"AJattihalli(Uzhavar Sandhai ) APMC",Tapioca,Tapioca,Local,28/03/2026,2000,2500,2250
"Tamil Nadu",Dharmapuri,"AJattihalli(Uzhavar Sandhai ) APMC",Raddish,Raddish,Local,28/03/2026,1400,1400,1400
"Tamil Nadu",Dharmapuri,"AJattihalli(Uzhavar Sandhai ) APMC","Indian Beans(Seam)","Indian Beans (Seam)",Local,28/03/2026,5000,5000,5000
"Tamil Nadu",Dharmapuri,"AJattihalli(Uzhavar Sandhai ) APMC",Mint(Pudina),Mint(Pudina),Local,28/03/2026,6000,7000,6500
"Tamil Nadu",Dharmapuri,"AJattihalli(Uzhavar Sandhai ) APMC","Baby Corn","Baby Corn","Grade A",28/03/2026,2000,2000,2000
"Tamil Nadu",Erode,"Periyar Nagar(Uzhavar Sandhai ) APMC",Banana,Besrai,Local,28/03/2026,2000,2400,2200
"Tamil Nadu",Erode,"Periyar Nagar(Uzhavar Sandhai ) APMC","Bitter gourd",Other,Local,28/03/2026,3000,3400,3200
"Tamil Nadu",Erode,"Periyar Nagar(Uzhavar Sandhai ) APMC",Snakeguard,Snakeguard,Local,28/03/2026,4400,4800,4600
"Tamil Nadu",Erode,"Periyar Nagar(Uzhavar Sandhai ) APMC",Raddish,Raddish,Local,28/03/2026,2000,2400,2200
"Tamil Nadu",Erode,"Periyar Nagar(Uzhavar Sandhai ) APMC","Green Avare(W)",Other,Local,28/03/2026,5200,5600,5400
"Tamil Nadu",Erode,"Periyar Nagar(Uzhavar Sandhai ) APMC",Lemon,Lemon,Local,28/03/2026,12000,13000,12500
"Tamil Nadu",Erode,"Perundurai(Uzhavar Sandhai ) APMC",Banana,"Red Banana",Local,28/03/2026,4000,4500,4250
"Tamil Nadu",Erode,"Perundurai(Uzhavar Sandhai ) APMC",Brinjal,Other,Local,28/03/2026,4400,4600,4500
"Tamil Nadu",Erode,"Perundurai(Uzhavar Sandhai ) APMC","Cluster beans","Cluster Beans",Local,28/03/2026,3200,3500,3350
"Tamil Nadu",Erode,"Perundurai(Uzhavar Sandhai ) APMC","Bitter gourd",Other,Local,28/03/2026,3200,3400,3300
"Tamil Nadu",Erode,"Perundurai(Uzhavar Sandhai ) APMC",Tapioca,Tapioca,Local,28/03/2026,2200,2500,2350
"Tamil Nadu",Erode,"Perundurai(Uzhavar Sandhai ) APMC",Drumstick,Drumstick,Local,28/03/2026,2000,2400,2200
"Tamil Nadu",Erode,"Perundurai(Uzhavar Sandhai ) APMC",Lemon,Lemon,Local,28/03/2026,12000,13000,12500
"Tamil Nadu",Erode,"Thalavadi(Uzhavar Sandhai ) APMC",Onion,Bellary,Local,28/03/2026,2400,2800,2600
"Tamil Nadu",Erode,"Thalavadi(Uzhavar Sandhai ) APMC",Papaya,Papaya,Local,28/03/2026,2000,2400,2200
"Tamil Nadu",Erode,"Thalavadi(Uzhavar Sandhai ) APMC","Bottle gourd","Bottle Gourd",Local,28/03/2026,1400,1800,1600
"Tamil Nadu",Erode,"Thalavadi(Uzhavar Sandhai ) APMC","Banana - Green","Banana - Green",Local,28/03/2026,3000,3400,3200
"Tamil Nadu",Erode,"Thalavadi(Uzhavar Sandhai ) APMC",Beans,"Beans (Whole)",Local,28/03/2026,5000,5800,5400
"Tamil Nadu",Erode,"Thalavadi(Uzhavar Sandhai ) APMC",Ginger(Green),"Green Ginger",Local,28/03/2026,6500,7000,6750
"Tamil Nadu",Erode,"Thalavadi(Uzhavar Sandhai ) APMC",Snakeguard,Snakeguard,Local,28/03/2026,2600,3200,2900
"Tamil Nadu",Erode,"Thalavadi(Uzhavar Sandhai ) APMC",Drumstick,Drumstick,Local,28/03/2026,1500,2000,1750
"Tamil Nadu",Erode,"Thalavadi(Uzhavar Sandhai ) APMC",Mint(Pudina),Mint(Pudina),Local,28/03/2026,4000,4400,4200
"Tamil Nadu",Karur,"Kulithalai(Uzhavar Sandhai ) APMC",Mango,Neelam,Local,28/03/2026,5000,6000,5500
"Tamil Nadu",Karur,"Kulithalai(Uzhavar Sandhai ) APMC",Onion,Bellary,Local,28/03/2026,3000,3200,3100
"Tamil Nadu",Karur,"Kulithalai(Uzhavar Sandhai ) APMC",Coriander(Leaves),"I Sort",Local,28/03/2026,3500,4000,3750
"Tamil Nadu",Karur,"Kulithalai(Uzhavar Sandhai ) APMC","Bhindi(Ladies Finger)",Bhindi,Local,28/03/2026,4500,5000,4750
"Tamil Nadu",Karur,"Kulithalai(Uzhavar Sandhai ) APMC","Green Chilli","Green Chilly",Local,28/03/2026,3500,4000,3750
"Tamil Nadu",Karur,"Kulithalai(Uzhavar Sandhai ) APMC",Beans,"Beans (Whole)",Local,28/03/2026,6000,6600,6300
"Tamil Nadu",Karur,"Kulithalai(Uzhavar Sandhai ) APMC","Betal Leaves",Mysore,Local,28/03/2026,8000,10000,9000
"Tamil Nadu",Karur,"Kulithalai(Uzhavar Sandhai ) APMC",Cucumbar(Kheera),Cucumbar,Local,28/03/2026,4000,5000,4500
"Tamil Nadu",Karur,"Kulithalai(Uzhavar Sandhai ) APMC",Drumstick,Drumstick,Local,28/03/2026,2000,2500,2250
"Tamil Nadu",Karur,"Kulithalai(Uzhavar Sandhai ) APMC","Knool Khol","Knool Khol",Local,28/03/2026,4500,5000,4750
"Tamil Nadu",Karur,"Kulithalai(Uzhavar Sandhai ) APMC",Guava,"Guava Allahabad",Local,28/03/2026,4000,5000,4500
"Tamil Nadu",Karur,"Kulithalai(Uzhavar Sandhai ) APMC",Mashrooms,Mashrooms,Local,28/03/2026,16000,20000,18000
"Tamil Nadu",Karur,"Kulithalai(Uzhavar Sandhai ) APMC","Onion Green","Onion Green",Local,28/03/2026,3000,3500,3250
"Tamil Nadu",Karur,"Velayuthampalayam(Uzhavar Sandhai ) APMC",Potato,Other,Local,28/03/2026,3200,4000,3600
"Tamil Nadu",Karur,"Velayuthampalayam(Uzhavar Sandhai ) APMC",Tomato,Other,Local,28/03/2026,1200,1800,1500
"Tamil Nadu",Karur,"Velayuthampalayam(Uzhavar Sandhai ) APMC",Ashgourd,Gouard,Local,28/03/2026,1600,2000,1800
"Tamil Nadu",Karur,"Velayuthampalayam(Uzhavar Sandhai ) APMC","Chow Chow","Chow Chow",Local,28/03/2026,2400,3000,2700
"Tamil Nadu",Karur,"Pallapatti (Uzhavar Sandhai ) APMC",Papaya,Papaya,Local,28/03/2026,2500,3000,2750
"Tamil Nadu",Karur,"Pallapatti (Uzhavar Sandhai ) APMC","Bhindi(Ladies Finger)",Bhindi,Local,28/03/2026,5500,6000,5750
"Tamil Nadu",Karur,"Pallapatti (Uzhavar Sandhai ) APMC",Tapioca,Tapioca,Local,28/03/2026,2500,3000,2750
"Tamil Nadu",Karur,"Pallapatti (Uzhavar Sandhai ) APMC",Raddish,Raddish,Local,28/03/2026,1500,2000,1750
"Tamil Nadu",Karur,"Pallapatti (Uzhavar Sandhai ) APMC",Lemon,Lemon,Local,28/03/2026,14000,15000,14500
"Tamil Nadu",Karur,"Vengamedu(Uzhavar Sandhai ) APMC",Brinjal,Other,Local,28/03/2026,3000,4000,3500
"Tamil Nadu",Karur,"Vengamedu(Uzhavar Sandhai ) APMC",Ashgourd,Gouard,Local,28/03/2026,1500,2000,1750
"Tamil Nadu",Karur,"Vengamedu(Uzhavar Sandhai ) APMC",Snakeguard,Snakeguard,Local,28/03/2026,2500,3000,2750
"Tamil Nadu",Krishnagiri,"Hosur(Uzhavar Sandhai ) APMC",Amaranthus,Amaranthus,Local,28/03/2026,5000,6000,5500
"Tamil Nadu",Krishnagiri,"Hosur(Uzhavar Sandhai ) APMC","Green Chilli","Green Chilly",Local,28/03/2026,5000,6000,5500
"Tamil Nadu",Krishnagiri,"Hosur(Uzhavar Sandhai ) APMC",Coconut,Coconut,Local,28/03/2026,5000,6000,5500
"Tamil Nadu",Krishnagiri,"Hosur(Uzhavar Sandhai ) APMC","Betal Leaves",Mysore,Local,28/03/2026,11000,12000,11500
"Tamil Nadu",Krishnagiri,"Hosur(Uzhavar Sandhai ) APMC",Thondekai,Thondekai,Local,28/03/2026,4000,4500,4250
"Tamil Nadu",Krishnagiri,"Hosur(Uzhavar Sandhai ) APMC","Green Avare(W)","Green Avare (W)",Local,28/03/2026,5000,5500,5250
"Tamil Nadu",Krishnagiri,"Hosur(Uzhavar Sandhai ) APMC",Mango(Raw-Ripe),"Mango - Raw-Ripe",Local,28/03/2026,8000,10000,9000
"Tamil Nadu",Krishnagiri,"Hosur(Uzhavar Sandhai ) APMC",Colacasia,Colacasia,Local,28/03/2026,4500,5000,4750
"Tamil Nadu",Krishnagiri,"Denkanikottai(Uzhavar Sandhai ) APMC",Potato,"Red Nanital",Local,28/03/2026,1500,2000,1750
"Tamil Nadu",Krishnagiri,"Denkanikottai(Uzhavar Sandhai ) APMC",Brinjal,Round,Local,28/03/2026,2000,2500,2250
"Tamil Nadu",Krishnagiri,"Denkanikottai(Uzhavar Sandhai ) APMC",Ashgourd,Gouard,Local,28/03/2026,2500,3000,2750
"Tamil Nadu",Krishnagiri,"Denkanikottai(Uzhavar Sandhai ) APMC",Coconut,Coconut,Local,28/03/2026,5000,6000,5500
"Tamil Nadu",Krishnagiri,"Denkanikottai(Uzhavar Sandhai ) APMC",Ridgeguard(Tori),Ridgeguard(Tori),Local,28/03/2026,3500,4000,3750
"Tamil Nadu",Krishnagiri,"Denkanikottai(Uzhavar Sandhai ) APMC",Lemon,Lemon,Local,28/03/2026,10000,12000,11000
"Tamil Nadu",Madurai,"Anna nagar(Uzhavar Sandhai ) APMC",Orange,Darjeeling,Local,28/03/2026,10000,10000,10000
"Tamil Nadu",Madurai,"Anna nagar(Uzhavar Sandhai ) APMC",Banana,"Red Banana",Local,28/03/2026,7000,8000,7500
"Tamil Nadu",Madurai,"Anna nagar(Uzhavar Sandhai ) APMC","Water Melon","Water Melon",Local,28/03/2026,1500,2000,1750
"Tamil Nadu",Madurai,"Anna nagar(Uzhavar Sandhai ) APMC","Mousambi(Sweet Lime)",Mousambi,Local,28/03/2026,5000,6000,5500
"Tamil Nadu",Madurai,"Anna nagar(Uzhavar Sandhai ) APMC","Bitter gourd",Other,Local,28/03/2026,3000,3000,3000
"Tamil Nadu",Madurai,"Anna nagar(Uzhavar Sandhai ) APMC",Pomegranate,Pomogranate,Local,28/03/2026,18000,20000,19000
"Tamil Nadu",Madurai,"Anna nagar(Uzhavar Sandhai ) APMC","Tender Coconut","Tender Coconut",Local,28/03/2026,3500,4000,3750
"Tamil Nadu",Madurai,"Anna nagar(Uzhavar Sandhai ) APMC",Rose(Local),"Rose (Local)",Local,28/03/2026,5000,5000,5000
"Tamil Nadu",Madurai,"Chokkikulam(Uzhavar Sandhai ) APMC","Green Peas","Green Peas",Local,28/03/2026,6500,7000,6750
"Tamil Nadu",Madurai,"Chokkikulam(Uzhavar Sandhai ) APMC",Papaya,Papaya,Local,28/03/2026,3600,4000,3800
"Tamil Nadu",Madurai,"Chokkikulam(Uzhavar Sandhai ) APMC",Ashgourd,Gouard,Local,28/03/2026,1500,1800,1650
"Tamil Nadu",Madurai,"Chokkikulam(Uzhavar Sandhai ) APMC",Tapioca,Tapioca,Local,28/03/2026,2500,3000,2750
"Tamil Nadu",Madurai,"Chokkikulam(Uzhavar Sandhai ) APMC",Coconut,Coconut,Local,28/03/2026,5400,5800,5600
"Tamil Nadu",Madurai,"Chokkikulam(Uzhavar Sandhai ) APMC","Chow Chow","Chow Chow",Local,28/03/2026,2400,2600,2500
"Tamil Nadu",Madurai,"Chokkikulam(Uzhavar Sandhai ) APMC",Mango(Raw-Ripe),"Mango - Raw-Ripe",Local,28/03/2026,3000,4000,3500
"Tamil Nadu",Madurai,"Chokkikulam(Uzhavar Sandhai ) APMC","Knool Khol","Knool Khol",Local,28/03/2026,3000,3600,3300
"Tamil Nadu",Madurai,"Chokkikulam(Uzhavar Sandhai ) APMC","Onion Green","Onion Green",Local,28/03/2026,3500,3800,3650
"Tamil Nadu",Madurai,"Chokkikulam(Uzhavar Sandhai ) APMC",Mint(Pudina),Mint(Pudina),Local,28/03/2026,2000,2500,2250
"Tamil Nadu",Madurai,"Palanganatham(Uzhavar Sandhai ) APMC",Orange,Darjeeling,Local,28/03/2026,10000,12000,11000
"Tamil Nadu",Madurai,"Palanganatham(Uzhavar Sandhai ) APMC",Banana,Other,Local,28/03/2026,3000,4000,3500
"Tamil Nadu",Madurai,"Palanganatham(Uzhavar Sandhai ) APMC",Onion,Bellary,Local,28/03/2026,2500,2800,2650
"Tamil Nadu",Madurai,"Palanganatham(Uzhavar Sandhai ) APMC","Mousambi(Sweet Lime)",Mousambi,Local,28/03/2026,7000,8000,7500
"Tamil Nadu",Madurai,"Palanganatham(Uzhavar Sandhai ) APMC",Carrot,Pusakesar,Local,28/03/2026,2500,4000,3250
"Tamil Nadu",Madurai,"Palanganatham(Uzhavar Sandhai ) APMC",Beetroot,Beetroot,Local,28/03/2026,2500,3600,3050
"Tamil Nadu",Madurai,"Palanganatham(Uzhavar Sandhai ) APMC","Knool Khol","Knool Khol",Local,28/03/2026,3000,3600,3300
"Tamil Nadu",Madurai,"Palanganatham(Uzhavar Sandhai ) APMC",Lime,Lime,Local,28/03/2026,10000,12000,11000
"Tamil Nadu",Madurai,"Palanganatham(Uzhavar Sandhai ) APMC",Pomegranate,Pomogranate,Local,28/03/2026,20000,26000,23000
"Tamil Nadu",Madurai,"Palanganatham(Uzhavar Sandhai ) APMC",Colacasia,Colacasia,Local,28/03/2026,4000,5000,4500
"Tamil Nadu",Madurai,"Palanganatham(Uzhavar Sandhai ) APMC","Onion Green","Onion Green",Local,28/03/2026,3500,3800,3650
"Tamil Nadu",Madurai,"Usilampatti(Uzhavar Sandhai ) APMC",Coriander(Leaves),"I Sort",Local,28/03/2026,3500,4000,3750
"Tamil Nadu",Madurai,"Usilampatti(Uzhavar Sandhai ) APMC","Onion Green","Onion Green",Local,28/03/2026,3000,3800,3400
"Tamil Nadu",Madurai,"Thirumangalam(Uzhavar Sandhai ) APMC",Brinjal,Round,Local,28/03/2026,3600,4200,3900
"Tamil Nadu",Madurai,"Thirumangalam(Uzhavar Sandhai ) APMC",Papaya,Papaya,Local,28/03/2026,3600,4000,3800
"Tamil Nadu",Madurai,"Thirumangalam(Uzhavar Sandhai ) APMC","Cluster beans","Cluster Beans",Local,28/03/2026,3000,3600,3300
"Tamil Nadu",Madurai,"Thirumangalam(Uzhavar Sandhai ) APMC","Elephant Yam(Suran)/Amorphophallus","Elephant Yam (Suran)",Local,28/03/2026,3600,4000,3800
"Tamil Nadu",Madurai,"Melur(Uzhavar Sandhai ) APMC","Cluster beans","Cluster Beans",Local,28/03/2026,3000,3600,3300
"Tamil Nadu",Madurai,"Melur(Uzhavar Sandhai ) APMC","Banana - Green","Banana - Green",Local,28/03/2026,1800,2200,2000
"Tamil Nadu",Madurai,"Melur(Uzhavar Sandhai ) APMC",Lime,Lime,Local,28/03/2026,2500,3000,2750
"Tamil Nadu",Madurai,"Melur(Uzhavar Sandhai ) APMC",Guava,"Guava Allahabad",Local,28/03/2026,7000,8000,7500
"Tamil Nadu",Madurai,"Melur(Uzhavar Sandhai ) APMC",Yam(Ratalu),"Yam (Ratalu)",Local,28/03/2026,5500,6000,5750
"Tamil Nadu",Madurai,"Melur(Uzhavar Sandhai ) APMC",Lemon,Lemon,Local,28/03/2026,14000,16000,15000
"Tamil Nadu",Madurai,"Anaiyur(Uzhavar Sandhai ) APMC",Potato,"Red Nanital",Local,28/03/2026,2600,3000,2800
"Tamil Nadu",Madurai,"Anaiyur(Uzhavar Sandhai ) APMC",Brinjal,Round,Local,28/03/2026,3000,3500,3250
"Tamil Nadu",Madurai,"Anaiyur(Uzhavar Sandhai ) APMC","Green Peas","Green Peas",Local,28/03/2026,6500,7000,6750
"Tamil Nadu",Madurai,"Anaiyur(Uzhavar Sandhai ) APMC","Cluster beans","Cluster Beans",Local,28/03/2026,3000,3600,3300
"Tamil Nadu",Madurai,"Anaiyur(Uzhavar Sandhai ) APMC","Bitter gourd",Other,Local,28/03/2026,3400,3600,3500
"Tamil Nadu",Madurai,"Anaiyur(Uzhavar Sandhai ) APMC",Amaranthus,Amaranthus,Local,28/03/2026,3000,3600,3300
"Tamil Nadu",Madurai,"Anaiyur(Uzhavar Sandhai ) APMC",Beans,"Beans (Whole)",Local,28/03/2026,6000,7000,6500
"Tamil Nadu",Madurai,"Anaiyur(Uzhavar Sandhai ) APMC",Tapioca,Tapioca,Local,28/03/2026,2000,2500,2250
"Tamil Nadu",Madurai,"Anaiyur(Uzhavar Sandhai ) APMC",Ridgeguard(Tori),Ridgeguard(Tori),Local,28/03/2026,4000,4500,4250
"Tamil Nadu",Madurai,"Anaiyur(Uzhavar Sandhai ) APMC","Knool Khol","Knool Khol",Local,28/03/2026,3000,3600,3300
"Tamil Nadu",Madurai,"Anaiyur(Uzhavar Sandhai ) APMC",Colacasia,Colacasia,Local,28/03/2026,4500,5000,4750
"Tamil Nadu",Nagapattinam,"Sirkali(Uzhavar Sandhai ) APMC",Cauliflower,Ranchi,Local,28/03/2026,5000,5000,5000
"Tamil Nadu",Nagapattinam,"Sirkali(Uzhavar Sandhai ) APMC",Amaranthus,Amaranthus,Local,28/03/2026,1500,2000,1750
"Tamil Nadu",Nagapattinam,"Sirkali(Uzhavar Sandhai ) APMC","Banana - Green","Banana - Green",Local,28/03/2026,2500,3000,2750
"Tamil Nadu",Nagapattinam,"Sirkali(Uzhavar Sandhai ) APMC",Carrot,Pusakesar,Local,28/03/2026,5500,6000,5750
"Tamil Nadu",Nagapattinam,"Sirkali(Uzhavar Sandhai ) APMC",Beetroot,Beetroot,Local,28/03/2026,3600,4000,3800
"Tamil Nadu",Nagapattinam,"Sirkali(Uzhavar Sandhai ) APMC",Cucumbar(Kheera),Cucumbar,Local,28/03/2026,2500,3000,2750
"Tamil Nadu",Nagapattinam,"Sirkali(Uzhavar Sandhai ) APMC",Ridgeguard(Tori),Ridgeguard(Tori),Local,28/03/2026,4500,5000,4750
"Tamil Nadu",Nagapattinam,"Sirkali(Uzhavar Sandhai ) APMC",Guava,"Guava Allahabad",Local,28/03/2026,4000,5000,4500
"Tamil Nadu",Namakkal,"Rasipuram(Uzhavar Sandhai ) APMC",Coriander(Leaves),"I Sort",Local,28/03/2026,6700,7000,6850
"Tamil Nadu",Namakkal,"Rasipuram(Uzhavar Sandhai ) APMC",Papaya,Papaya,Local,28/03/2026,3000,3500,3250
"Tamil Nadu",Namakkal,"Rasipuram(Uzhavar Sandhai ) APMC","Cluster beans","Cluster Beans",Local,28/03/2026,4200,4500,4350
"Tamil Nadu",Namakkal,"Rasipuram(Uzhavar Sandhai ) APMC",Ashgourd,Gouard,Local,28/03/2026,1400,1600,1500
"Tamil Nadu",Namakkal,"Rasipuram(Uzhavar Sandhai ) APMC","Bhindi(Ladies Finger)",Bhindi,Local,28/03/2026,5200,5500,5350
"Tamil Nadu",Namakkal,"Rasipuram(Uzhavar Sandhai ) APMC","Green Chilli","Green Chilly",Local,28/03/2026,5200,5500,5350
"Tamil Nadu",Namakkal,"Rasipuram(Uzhavar Sandhai ) APMC",Carrot,Pusakesar,Local,28/03/2026,5500,6000,5750
"Tamil Nadu",Namakkal,"Rasipuram(Uzhavar Sandhai ) APMC",Thondekai,Thondekai,Local,28/03/2026,3500,4000,3750
"Tamil Nadu",Namakkal,"Rasipuram(Uzhavar Sandhai ) APMC",Drumstick,Drumstick,Local,28/03/2026,2800,3000,2900
"Tamil Nadu",Namakkal,"Rasipuram(Uzhavar Sandhai ) APMC",Yam(Ratalu),"Yam (Ratalu)",Local,28/03/2026,6000,6500,6250
"Tamil Nadu",Namakkal,"Rasipuram(Uzhavar Sandhai ) APMC",Lemon,Lemon,Local,28/03/2026,7000,7500,7250
"Tamil Nadu",Namakkal,"Kumarapalayam(Uzhavar Sandhai ) APMC",Onion,Bellary,Local,28/03/2026,2500,3000,2750
"Tamil Nadu",Namakkal,"Kumarapalayam(Uzhavar Sandhai ) APMC",Pumpkin,Pumpkin,Local,28/03/2026,1400,1800,1600
"Tamil Nadu",Namakkal,"Kumarapalayam(Uzhavar Sandhai ) APMC",Carrot,Pusakesar,Local,28/03/2026,5000,5500,5250
"Tamil Nadu",Namakkal,"Kumarapalayam(Uzhavar Sandhai ) APMC",Snakeguard,Snakeguard,Local,28/03/2026,4500,5000,4750
"Tamil Nadu",Namakkal,"Kumarapalayam(Uzhavar Sandhai ) APMC","Baby Corn","Baby Corn","Grade A",28/03/2026,2500,3000,2750
"Tamil Nadu",Namakkal,"Mohanur(Uzhavar Sandhai ) APMC","Cluster beans","Cluster Beans",Local,28/03/2026,3400,4000,3700
"Tamil Nadu",Namakkal,"Mohanur(Uzhavar Sandhai ) APMC",Coconut,Coconut,Local,28/03/2026,3600,5000,4300
"Tamil Nadu",Namakkal,"Mohanur(Uzhavar Sandhai ) APMC",Cabbage,Cabbage,Local,28/03/2026,2000,2500,2250
"Tamil Nadu",Namakkal,"Mohanur(Uzhavar Sandhai ) APMC",Drumstick,Drumstick,Local,28/03/2026,2400,2800,2600
"Tamil Nadu","The Nilgiris","Udhagamandalam(Uzhavar Sandhai ) APMC",Apple,American,Local,28/03/2026,20000,22000,21000
"Tamil Nadu","The Nilgiris","Udhagamandalam(Uzhavar Sandhai ) APMC",Papaya,Papaya,Local,28/03/2026,4500,5000,4750
"Tamil Nadu","The Nilgiris","Udhagamandalam(Uzhavar Sandhai ) APMC","Mousambi(Sweet Lime)",Mousambi,Local,28/03/2026,6500,7000,6750
"Tamil Nadu","The Nilgiris","Udhagamandalam(Uzhavar Sandhai ) APMC",Cowpea(Veg),"Cowpea (Veg)",Local,28/03/2026,2500,3000,2750
"Tamil Nadu","The Nilgiris","Udhagamandalam(Uzhavar Sandhai ) APMC","Banana - Green","Banana - Green",Local,28/03/2026,3000,3500,3250
"Tamil Nadu","The Nilgiris","Udhagamandalam(Uzhavar Sandhai ) APMC",Beans,"Beans (Whole)",Local,28/03/2026,6500,7000,6750
"Tamil Nadu","The Nilgiris","Udhagamandalam(Uzhavar Sandhai ) APMC",Ginger(Green),"Green Ginger",Local,28/03/2026,7000,7500,7250
"Tamil Nadu","The Nilgiris","Udhagamandalam(Uzhavar Sandhai ) APMC","Knool Khol","Knool Khol",Local,28/03/2026,2500,3000,2750
"Tamil Nadu","The Nilgiris","Udhagamandalam(Uzhavar Sandhai ) APMC",Turnip,Turnip,Local,28/03/2026,2000,2500,2250
"Tamil Nadu","The Nilgiris","Udhagamandalam(Uzhavar Sandhai ) APMC",Mint(Pudina),Mint(Pudina),Local,28/03/2026,4500,5000,4750
"Tamil Nadu",Perambalur,"Perambalur(Uzhavar Sandhai ) APMC",Apple,American,Local,28/03/2026,18000,22000,20000
"Tamil Nadu",Perambalur,"Perambalur(Uzhavar Sandhai ) APMC",Potato,Other,Local,28/03/2026,2500,2800,2650
"Tamil Nadu",Perambalur,"Perambalur(Uzhavar Sandhai ) APMC","Cluster beans","Cluster Beans",Local,28/03/2026,5200,5200,5200
"Tamil Nadu",Perambalur,"Perambalur(Uzhavar Sandhai ) APMC",Pumpkin,Pumpkin,Local,28/03/2026,1400,1800,1600
"Tamil Nadu",Perambalur,"Perambalur(Uzhavar Sandhai ) APMC","Green Chilli","Green Chilly",Local,28/03/2026,4000,4200,4100
"Tamil Nadu",Perambalur,"Perambalur(Uzhavar Sandhai ) APMC","Banana - Green","Banana - Green",Local,28/03/2026,3000,4000,3500
"Tamil Nadu",Perambalur,"Perambalur(Uzhavar Sandhai ) APMC",Snakeguard,Snakeguard,Local,28/03/2026,3200,3200,3200
"Tamil Nadu",Perambalur,"Perambalur(Uzhavar Sandhai ) APMC",Ridgeguard(Tori),Ridgeguard(Tori),Local,28/03/2026,4800,4800,4800
"Tamil Nadu",Perambalur,"Perambalur(Uzhavar Sandhai ) APMC","Chow Chow","Chow Chow",Local,28/03/2026,3200,3200,3200
"Tamil Nadu",Perambalur,"Perambalur(Uzhavar Sandhai ) APMC",Drumstick,Drumstick,Local,28/03/2026,2000,2500,2250
"Tamil Nadu",Pudukkottai,"Pudukottai(Uzhavar Sandhai ) APMC",Potato,Other,Local,28/03/2026,3000,4000,3500
"Tamil Nadu",Pudukkottai,"Pudukottai(Uzhavar Sandhai ) APMC",Cauliflower,Ranchi,Local,28/03/2026,3000,4000,3500
"Tamil Nadu",Pudukkottai,"Pudukottai(Uzhavar Sandhai ) APMC","Green Peas","Green Peas",Local,28/03/2026,7000,8000,7500
"Tamil Nadu",Pudukkottai,"Pudukottai(Uzhavar Sandhai ) APMC",Papaya,Papaya,Local,28/03/2026,2500,3000,2750
"Tamil Nadu",Pudukkottai,"Pudukottai(Uzhavar Sandhai ) APMC",Amaranthus,Amaranthus,Local,28/03/2026,1500,2000,1750
"Tamil Nadu",Pudukkottai,"Pudukottai(Uzhavar Sandhai ) APMC","Banana - Green","Banana - Green",Local,28/03/2026,2500,3000,2750
"Tamil Nadu",Pudukkottai,"Pudukottai(Uzhavar Sandhai ) APMC","Sweet Potato","Hosur Red",Local,28/03/2026,4000,4500,4250
"Tamil Nadu",Pudukkottai,"Pudukottai(Uzhavar Sandhai ) APMC",Cabbage,Cabbage,Local,28/03/2026,1500,2000,1750
"Tamil Nadu",Pudukkottai,"Pudukottai(Uzhavar Sandhai ) APMC",Beetroot,Beetroot,Local,28/03/2026,2500,3000,2750
"Tamil Nadu",Pudukkottai,"Pudukottai(Uzhavar Sandhai ) APMC",Ridgeguard(Tori),Ridgeguard(Tori),Local,28/03/2026,3000,4000,3500
"Tamil Nadu",Pudukkottai,"Pudukottai(Uzhavar Sandhai ) APMC",Raddish,Raddish,Local,28/03/2026,1500,2000,1750
"Tamil Nadu",Pudukkottai,"Pudukottai(Uzhavar Sandhai ) APMC",Capsicum,Capsicum,Local,28/03/2026,5000,6000,5500
"Tamil Nadu",Pudukkottai,"Pudukottai(Uzhavar Sandhai ) APMC","Green Avare(W)",Other,Local,28/03/2026,4000,4500,4250
"Tamil Nadu",Pudukkottai,"Pudukottai(Uzhavar Sandhai ) APMC",Drumstick,Drumstick,Local,28/03/2026,2500,3000,2750
"Tamil Nadu",Pudukkottai,"Pudukottai(Uzhavar Sandhai ) APMC","Knool Khol","Knool Khol",Local,28/03/2026,2500,3000,2750
"Tamil Nadu",Pudukkottai,"Pudukottai(Uzhavar Sandhai ) APMC","Tender Coconut","Tender Coconut",Local,28/03/2026,4000,5000,4500
"Tamil Nadu",Pudukkottai,"Pudukottai(Uzhavar Sandhai ) APMC","Tamarind Fruit","Tamarind Fruit",Local,28/03/2026,14000,15000,14500
"Tamil Nadu",Pudukkottai,"Pudukottai(Uzhavar Sandhai ) APMC","Elephant Yam(Suran)/Amorphophallus","Elephant Yam (Suran)",Local,28/03/2026,4000,5000,4500
"Tamil Nadu",Pudukkottai,"Pudukottai(Uzhavar Sandhai ) APMC",Mashrooms,Mashrooms,Local,28/03/2026,24000,25000,24500
"Tamil Nadu",Pudukkottai,"Pudukottai(Uzhavar Sandhai ) APMC","Onion Green","Onion Green",Local,28/03/2026,4000,4500,4250
"Tamil Nadu",Pudukkottai,"Aranthangi(Uzhavar Sandhai ) APMC","Bhindi(Ladies Finger)",Bhindi,Local,28/03/2026,4000,4500,4250
"Tamil Nadu",Pudukkottai,"Aranthangi(Uzhavar Sandhai ) APMC",Snakeguard,Snakeguard,Local,28/03/2026,3000,3500,3250
"Tamil Nadu",Pudukkottai,"Aranthangi(Uzhavar Sandhai ) APMC","Green Avare(W)","Green Avare (W)",Local,28/03/2026,4500,5000,4750
"Tamil Nadu",Pudukkottai,"Aranthangi(Uzhavar Sandhai ) APMC",Drumstick,Drumstick,Local,28/03/2026,3000,3500,3250
"Tamil Nadu",Pudukkottai,"Aranthangi(Uzhavar Sandhai ) APMC","Onion Green","Onion Green",Local,28/03/2026,4000,4500,4250
"Tamil Nadu",Pudukkottai,"Alangudi(Uzhavar Sandhai ) APMC",Brinjal,Other,Local,28/03/2026,3500,4000,3750
"Tamil Nadu",Pudukkottai,"Alangudi(Uzhavar Sandhai ) APMC",Tomato,Other,Local,28/03/2026,1500,2000,1750
"Tamil Nadu",Pudukkottai,"Alangudi(Uzhavar Sandhai ) APMC","Bottle gourd","Bottle Gourd",Local,28/03/2026,1000,1500,1250
"Tamil Nadu",Pudukkottai,"Alangudi(Uzhavar Sandhai ) APMC",Snakeguard,Snakeguard,Local,28/03/2026,2500,3000,2750
"Tamil Nadu",Ramanathapuram,"Paramakudi(Uzhavar Sandhai ) APMC",Onion,Bellary,Local,28/03/2026,2800,3000,2900
"Tamil Nadu",Ramanathapuram,"Paramakudi(Uzhavar Sandhai ) APMC","Cluster beans","Cluster Beans",Local,28/03/2026,3500,4000,3750
"Tamil Nadu",Ramanathapuram,"Paramakudi(Uzhavar Sandhai ) APMC",Ashgourd,Gouard,Local,28/03/2026,1500,1800,1650
"Tamil Nadu",Ramanathapuram,"Paramakudi(Uzhavar Sandhai ) APMC",Beans,"Beans (Whole)",Local,28/03/2026,6000,6500,6250
"Tamil Nadu",Ramanathapuram,"Paramakudi(Uzhavar Sandhai ) APMC",Carrot,Pusakesar,Local,28/03/2026,4500,4800,4650
"Tamil Nadu",Ramanathapuram,"Paramakudi(Uzhavar Sandhai ) APMC",Drumstick,Drumstick,Local,28/03/2026,4000,4500,4250
"Tamil Nadu",Ramanathapuram,"Paramakudi(Uzhavar Sandhai ) APMC",Marigold(Calcutta),Marigold(Calcutta),Local,28/03/2026,7000,8000,7500
"Tamil Nadu",Ramanathapuram,"Paramakudi(Uzhavar Sandhai ) APMC","Elephant Yam(Suran)/Amorphophallus","Elephant Yam (Suran)",Local,28/03/2026,5800,6000,5900
"Tamil Nadu",Ramanathapuram,"Kamuthi(Uzhavar Sandhai ) APMC",Brinjal,Round,Local,28/03/2026,5000,5500,5250
"Tamil Nadu",Ramanathapuram,"Kamuthi(Uzhavar Sandhai ) APMC","Banana - Green","Banana - Green",Local,28/03/2026,3000,3200,3100
"Tamil Nadu",Salem,"Sooramangalam(Uzhavar Sandhai ) APMC",Groundnut,"Big (With Shell)",Local,28/03/2026,6000,7000,6500
"Tamil Nadu",Salem,"Sooramangalam(Uzhavar Sandhai ) APMC",Orange,Darjeeling,Local,28/03/2026,7000,8000,7500
"Tamil Nadu",Salem,"Sooramangalam(Uzhavar Sandhai ) APMC",Coriander(Leaves),"I Sort",Local,28/03/2026,3400,3600,3500
"Tamil Nadu",Salem,"Sooramangalam(Uzhavar Sandhai ) APMC","Bottle gourd","Bottle Gourd",Local,28/03/2026,2000,2400,2200
"Tamil Nadu",Salem,"Sooramangalam(Uzhavar Sandhai ) APMC",Pumpkin,Pumpkin,Local,28/03/2026,1800,2000,1900
"Tamil Nadu",Salem,"Sooramangalam(Uzhavar Sandhai ) APMC","Sweet Potato","Hosur Red",Local,28/03/2026,3500,4000,3750
"Tamil Nadu",Salem,"Sooramangalam(Uzhavar Sandhai ) APMC",Cucumbar(Kheera),Cucumbar,Local,28/03/2026,3500,4000,3750
"Tamil Nadu",Salem,"Sooramangalam(Uzhavar Sandhai ) APMC",Raddish,Raddish,Local,28/03/2026,2000,2200,2100
"Tamil Nadu",Salem,"Sooramangalam(Uzhavar Sandhai ) APMC","Karbuja(Musk Melon)",Karbhuja,Local,28/03/2026,2500,3000,2750
"Tamil Nadu",Salem,"Sooramangalam(Uzhavar Sandhai ) APMC",Marigold(Calcutta),Marigold(Calcutta),Local,28/03/2026,5000,6000,5500
"Tamil Nadu",Salem,"Sooramangalam(Uzhavar Sandhai ) APMC","Amla(Nelli Kai)",Amla,Local,28/03/2026,6000,6500,6250
"Tamil Nadu",Salem,"Sooramangalam(Uzhavar Sandhai ) APMC","Baby Corn","Baby Corn","Grade A",28/03/2026,2500,3000,2750
"Tamil Nadu",Salem,"Thathakapatti(Uzhavar Sandhai ) APMC",Groundnut,"Big (With Shell)",Local,28/03/2026,7000,8000,7500
"Tamil Nadu",Salem,"Thathakapatti(Uzhavar Sandhai ) APMC",Banana,Karpura,Local,28/03/2026,4000,4500,4250
"Tamil Nadu",Salem,"Thathakapatti(Uzhavar Sandhai ) APMC",Garlic,Garlic,Local,28/03/2026,16000,18000,17000
"Tamil Nadu",Salem,"Thathakapatti(Uzhavar Sandhai ) APMC","Green Peas","Green Peas",Local,28/03/2026,10000,11000,10500
"Tamil Nadu",Salem,"Thathakapatti(Uzhavar Sandhai ) APMC",Tomato,Local,Local,28/03/2026,1000,1500,1250
"Tamil Nadu",Salem,"Thathakapatti(Uzhavar Sandhai ) APMC",Amaranthus,Amaranthus,Local,28/03/2026,2000,2400,2200
"Tamil Nadu",Salem,"Thathakapatti(Uzhavar Sandhai ) APMC",Tapioca,Tapioca,Local,28/03/2026,2500,3000,2750
"Tamil Nadu",Salem,"Thathakapatti(Uzhavar Sandhai ) APMC","Chow Chow","Chow Chow",Local,28/03/2026,3000,3400,3200
"Tamil Nadu",Salem,"Thathakapatti(Uzhavar Sandhai ) APMC",Drumstick,Drumstick,Local,28/03/2026,2000,4000,3000
"Tamil Nadu",Salem,"Thathakapatti(Uzhavar Sandhai ) APMC",Marigold(Calcutta),Marigold(Calcutta),Local,28/03/2026,8000,10000,9000
"Tamil Nadu",Salem,"Thathakapatti(Uzhavar Sandhai ) APMC","Elephant Yam(Suran)/Amorphophallus","Elephant Yam (Suran)",Local,28/03/2026,3000,3500,3250
"Tamil Nadu",Salem,"Thathakapatti(Uzhavar Sandhai ) APMC",Rose(Local),"Rose (Local)",Local,28/03/2026,8000,10000,9000
"Tamil Nadu",Salem,"Thathakapatti(Uzhavar Sandhai ) APMC","Sweet Corn ","Sweet Corn ",Local,28/03/2026,3000,3000,3000
"Tamil Nadu",Salem,"Mettur(Uzhavar Sandhai ) APMC",Garlic,Garlic,Local,28/03/2026,16000,18000,17000
"Tamil Nadu",Salem,"Mettur(Uzhavar Sandhai ) APMC",Cauliflower,Ranchi,Local,28/03/2026,2500,3000,2750
"Tamil Nadu",Salem,"Mettur(Uzhavar Sandhai ) APMC",Brinjal,Other,Local,28/03/2026,2500,3000,2750
"Tamil Nadu",Salem,"Mettur(Uzhavar Sandhai ) APMC",Papaya,Papaya,Local,28/03/2026,2500,3000,2750
"Tamil Nadu",Salem,"Mettur(Uzhavar Sandhai ) APMC","Water Melon","Water Melon",Local,28/03/2026,1500,2000,1750
"Tamil Nadu",Salem,"Mettur(Uzhavar Sandhai ) APMC","Bhindi(Ladies Finger)",Bhindi,Local,28/03/2026,4500,5000,4750
"Tamil Nadu",Salem,"Mettur(Uzhavar Sandhai ) APMC",Amaranthus,Amaranthus,Local,28/03/2026,2000,2500,2250
"Tamil Nadu",Salem,"Mettur(Uzhavar Sandhai ) APMC",Ginger(Green),"Green Ginger",Local,28/03/2026,7500,8000,7750
"Tamil Nadu",Salem,"Mettur(Uzhavar Sandhai ) APMC","Chow Chow","Chow Chow",Local,28/03/2026,3500,4000,3750
"Tamil Nadu",Salem,"Mettur(Uzhavar Sandhai ) APMC",Drumstick,Drumstick,Local,28/03/2026,3500,4000,3750
"Tamil Nadu",Salem,"Mettur(Uzhavar Sandhai ) APMC",Guava,"Guava Allahabad",Local,28/03/2026,5000,6000,5500
"Tamil Nadu",Salem,"Mettur(Uzhavar Sandhai ) APMC",Lemon,Lemon,Local,28/03/2026,8000,10000,9000
"Tamil Nadu",Salem,"Mettur(Uzhavar Sandhai ) APMC","Amla(Nelli Kai)",Amla,Local,28/03/2026,6500,7000,6750
"Tamil Nadu",Salem,"Attayampatti(Uzhavar Sandhai ) APMC",Coriander(Leaves),"I Sort",Local,28/03/2026,2000,2500,2250
"Tamil Nadu",Salem,"Attayampatti(Uzhavar Sandhai ) APMC",Papaya,Papaya,Local,28/03/2026,2500,3000,2750
"Tamil Nadu",Salem,"Attayampatti(Uzhavar Sandhai ) APMC","Cluster beans","Cluster Beans",Local,28/03/2026,4000,4400,4200
"Tamil Nadu",Salem,"Attayampatti(Uzhavar Sandhai ) APMC","Bottle gourd","Bottle Gourd",Local,28/03/2026,1500,1800,1650
"Tamil Nadu",Salem,"Attayampatti(Uzhavar Sandhai ) APMC","Banana - Green","Banana - Green",Local,28/03/2026,2500,3000,2750
"Tamil Nadu",Salem,"Attayampatti(Uzhavar Sandhai ) APMC",Beetroot,Beetroot,Local,28/03/2026,4600,5200,4900
"Tamil Nadu",Salem,"Attayampatti(Uzhavar Sandhai ) APMC","Onion Green","Onion Green",Local,28/03/2026,3000,3400,3200
"Tamil Nadu",Salem,"Hasthampatti(Uzhavar Sandhai ) APMC",Grapes,Annabesahai,Local,28/03/2026,11000,12000,11500
"Tamil Nadu",Salem,"Hasthampatti(Uzhavar Sandhai ) APMC",Onion,Bellary,Local,28/03/2026,2800,3000,2900
"Tamil Nadu",Salem,"Hasthampatti(Uzhavar Sandhai ) APMC",Garlic,Garlic,Local,28/03/2026,16000,18000,17000
"Tamil Nadu",Salem,"Hasthampatti(Uzhavar Sandhai ) APMC","Bhindi(Ladies Finger)",Bhindi,Local,28/03/2026,5000,5200,5100
"Tamil Nadu",Salem,"Hasthampatti(Uzhavar Sandhai ) APMC",Beans,"Beans (Whole)",Local,28/03/2026,7200,8500,7850
"Tamil Nadu",Salem,"Hasthampatti(Uzhavar Sandhai ) APMC",Carrot,Pusakesar,Local,28/03/2026,5000,5500,5250
"Tamil Nadu",Salem,"Hasthampatti(Uzhavar Sandhai ) APMC",Cucumbar(Kheera),Cucumbar,Local,28/03/2026,4000,8000,6000
"Tamil Nadu",Salem,"Hasthampatti(Uzhavar Sandhai ) APMC",Drumstick,Drumstick,Local,28/03/2026,3000,4000,3500
"Tamil Nadu",Salem,"Hasthampatti(Uzhavar Sandhai ) APMC",Guava,"Guava Allahabad",Local,28/03/2026,5000,6000,5500
"Tamil Nadu",Salem,"Hasthampatti(Uzhavar Sandhai ) APMC","Karbuja(Musk Melon)",Karbhuja,Local,28/03/2026,2800,3000,2900
"Tamil Nadu",Salem,"Hasthampatti(Uzhavar Sandhai ) APMC",Yam(Ratalu),"Yam (Ratalu)",Local,28/03/2026,4000,4500,4250
"Tamil Nadu",Salem,"Hasthampatti(Uzhavar Sandhai ) APMC",Lemon,Lemon,Local,28/03/2026,6800,7000,6900
"Tamil Nadu",Salem,"Hasthampatti(Uzhavar Sandhai ) APMC",Colacasia,Colacasia,Local,28/03/2026,4800,5000,4900
"Tamil Nadu",Salem,"Hasthampatti(Uzhavar Sandhai ) APMC","Onion Green","Onion Green",Local,28/03/2026,1800,2000,1900
"Tamil Nadu",Salem,"Elampillai(Uzhavar Sandhai ) APMC",Potato,Other,Local,28/03/2026,2500,3000,2750
"Tamil Nadu",Salem,"Elampillai(Uzhavar Sandhai ) APMC",Cauliflower,Ranchi,Local,28/03/2026,2500,3000,2750
"Tamil Nadu",Salem,"Elampillai(Uzhavar Sandhai ) APMC","Bitter gourd",Other,Local,28/03/2026,3500,4000,3750
"Tamil Nadu",Salem,"Elampillai(Uzhavar Sandhai ) APMC","Green Chilli","Green Chilly",Local,28/03/2026,3600,4000,3800
"Tamil Nadu",Salem,"Elampillai(Uzhavar Sandhai ) APMC","Banana - Green","Banana - Green",Local,28/03/2026,2000,2400,2200
"Tamil Nadu",Salem,"Elampillai(Uzhavar Sandhai ) APMC",Beans,"Beans (Whole)",Local,28/03/2026,9000,9500,9250
"Tamil Nadu",Salem,"Elampillai(Uzhavar Sandhai ) APMC",Ginger(Green),"Green Ginger",Local,28/03/2026,7500,8000,7750
"Tamil Nadu",Salem,"Elampillai(Uzhavar Sandhai ) APMC",Beetroot,Beetroot,Local,28/03/2026,5500,6000,5750
"Tamil Nadu",Salem,"Elampillai(Uzhavar Sandhai ) APMC","Green Avare(W)",Other,Local,28/03/2026,5500,6000,5750
"Tamil Nadu",Salem,"Elampillai(Uzhavar Sandhai ) APMC",Lemon,Lemon,Local,28/03/2026,7000,8000,7500
"Tamil Nadu",Salem,"Jalagandapuram(Uzhavar Sandhai ) APMC",Banana,Karpura,Local,28/03/2026,4000,4500,4250
"Tamil Nadu",Salem,"Jalagandapuram(Uzhavar Sandhai ) APMC",Potato,Other,Local,28/03/2026,2600,3000,2800
"Tamil Nadu",Salem,"Jalagandapuram(Uzhavar Sandhai ) APMC",Cauliflower,Ranchi,Local,28/03/2026,2000,2500,2250
"Tamil Nadu",Salem,"Jalagandapuram(Uzhavar Sandhai ) APMC",Amaranthus,Amaranthus,Local,28/03/2026,2000,2400,2200
"Tamil Nadu",Salem,"Jalagandapuram(Uzhavar Sandhai ) APMC",Beans,"Beans (Whole)",Local,28/03/2026,6500,7000,6750
"Tamil Nadu",Salem,"Jalagandapuram(Uzhavar Sandhai ) APMC",Raddish,Raddish,Local,28/03/2026,2000,2200,2100
"Tamil Nadu",Salem,"Jalagandapuram(Uzhavar Sandhai ) APMC",Capsicum,Capsicum,Local,28/03/2026,6500,7000,6750
"Tamil Nadu",Salem,"Jalagandapuram(Uzhavar Sandhai ) APMC","Indian Beans(Seam)","Indian Beans (Seam)",Local,28/03/2026,6000,6500,6250
"Tamil Nadu",Salem,"Edapadi (Uzhavar Sandhai ) APMC",Groundnut,"Big (With Shell)",Local,28/03/2026,5500,6000,5750
"Tamil Nadu",Salem,"Edapadi (Uzhavar Sandhai ) APMC",Coriander(Leaves),"I Sort",Local,28/03/2026,1500,1800,1650
"Tamil Nadu",Salem,"Edapadi (Uzhavar Sandhai ) APMC",Chikoos(Sapota),Sapota,Local,28/03/2026,2600,3000,2800
"Tamil Nadu",Salem,"Edapadi (Uzhavar Sandhai ) APMC",Pumpkin,Pumpkin,Local,28/03/2026,1500,2000,1750
"Tamil Nadu",Salem,"Edapadi (Uzhavar Sandhai ) APMC",Carrot,Pusakesar,Local,28/03/2026,5000,5500,5250
"Tamil Nadu",Salem,"Edapadi (Uzhavar Sandhai ) APMC",Cabbage,Cabbage,Local,28/03/2026,2000,2500,2250
"Tamil Nadu",Salem,"Edapadi (Uzhavar Sandhai ) APMC",Snakeguard,Snakeguard,Local,28/03/2026,2500,3000,2750
"Tamil Nadu",Salem,"Edapadi (Uzhavar Sandhai ) APMC",Raddish,Raddish,Local,28/03/2026,2000,2400,2200
"Tamil Nadu",Salem,"Edapadi (Uzhavar Sandhai ) APMC",Thondekai,Thondekai,Local,28/03/2026,4500,5000,4750
"Tamil Nadu",Salem,"Edapadi (Uzhavar Sandhai ) APMC",Guava,"Guava Allahabad",Local,28/03/2026,4500,5000,4750
"Tamil Nadu",Salem,"Edapadi (Uzhavar Sandhai ) APMC",Mint(Pudina),Mint(Pudina),Local,28/03/2026,2400,2800,2600
"Tamil Nadu",Sivaganga,"Sivagangai (Uzhavar Sandhai ) APMC","Bhindi(Ladies Finger)",Bhindi,Local,28/03/2026,6200,6600,6400
"Tamil Nadu",Sivaganga,"Sivagangai (Uzhavar Sandhai ) APMC","Banana - Green","Banana - Green",Local,28/03/2026,3000,3000,3000
"Tamil Nadu",Sivaganga,"Sivagangai (Uzhavar Sandhai ) APMC",Raddish,Raddish,Local,28/03/2026,2200,2600,2400
"Tamil Nadu",Sivaganga,"Sivagangai (Uzhavar Sandhai ) APMC",Guava,"Guava Allahabad",Local,28/03/2026,7200,8200,7700
"Tamil Nadu",Sivaganga,"Sivagangai (Uzhavar Sandhai ) APMC","Elephant Yam(Suran)/Amorphophallus","Elephant Yam (Suran)",Local,28/03/2026,3800,4200,4000
"Tamil Nadu",Sivaganga,"Sivagangai (Uzhavar Sandhai ) APMC","Indian Beans(Seam)","Indian Beans (Seam)",Local,28/03/2026,5200,6600,5900
"Tamil Nadu",Sivaganga,"Sivagangai (Uzhavar Sandhai ) APMC",Colacasia,Colacasia,Local,28/03/2026,4600,5200,4900
"Tamil Nadu",Sivaganga,"Sivagangai (Uzhavar Sandhai ) APMC",Mint(Pudina),Mint(Pudina),Local,28/03/2026,2200,2600,2400
"Tamil Nadu",Sivaganga,"Devakottai (Uzhavar Sandhai ) APMC",Cauliflower,Ranchi,Local,28/03/2026,2500,3000,2750
"Tamil Nadu",Sivaganga,"Devakottai (Uzhavar Sandhai ) APMC",Brinjal,Round,Local,28/03/2026,3500,4000,3750
"Tamil Nadu",Sivaganga,"Devakottai (Uzhavar Sandhai ) APMC",Coriander(Leaves),"I Sort",Local,28/03/2026,4000,4500,4250
"Tamil Nadu",Sivaganga,"Devakottai (Uzhavar Sandhai ) APMC",Chikoos(Sapota),Sapota,Local,28/03/2026,4400,5500,4950
"Tamil Nadu",Sivaganga,"Devakottai (Uzhavar Sandhai ) APMC",Tomato,Deshi,Local,28/03/2026,2000,2200,2100
"Tamil Nadu",Sivaganga,"Devakottai (Uzhavar Sandhai ) APMC","Bhindi(Ladies Finger)",Bhindi,Local,28/03/2026,6000,6500,6250
"Tamil Nadu",Sivaganga,"Devakottai (Uzhavar Sandhai ) APMC","Banana - Green","Banana - Green",Local,28/03/2026,2500,3000,2750
"Tamil Nadu",Sivaganga,"Devakottai (Uzhavar Sandhai ) APMC",Ginger(Green),"Green Ginger",Local,28/03/2026,8400,9500,8950
"Tamil Nadu",Sivaganga,"Devakottai (Uzhavar Sandhai ) APMC",Snakeguard,Snakeguard,Local,28/03/2026,2500,3000,2750
"Tamil Nadu",Sivaganga,"Devakottai (Uzhavar Sandhai ) APMC","Chow Chow","Chow Chow",Local,28/03/2026,2800,3000,2900
"Tamil Nadu",Sivaganga,"Devakottai (Uzhavar Sandhai ) APMC",Guava,"Guava Allahabad",Local,28/03/2026,7400,8500,7950
"Tamil Nadu",Sivaganga,"Karaikudi(Uzhavar Sandhai ) APMC",Onion,Bellary,Local,28/03/2026,2400,3200,2800
"Tamil Nadu",Sivaganga,"Karaikudi(Uzhavar Sandhai ) APMC",Cauliflower,Ranchi,Local,28/03/2026,2500,3000,2750
"Tamil Nadu",Sivaganga,"Karaikudi(Uzhavar Sandhai ) APMC",Tomato,Local,Local,28/03/2026,2000,2200,2100
"Tamil Nadu",Sivaganga,"Karaikudi(Uzhavar Sandhai ) APMC","Bitter gourd",Other,Local,28/03/2026,3800,4000,3900
"Tamil Nadu",Sivaganga,"Karaikudi(Uzhavar Sandhai ) APMC",Ashgourd,Gouard,Local,28/03/2026,2000,2200,2100
"Tamil Nadu",Sivaganga,"Karaikudi(Uzhavar Sandhai ) APMC","Bhindi(Ladies Finger)",Bhindi,Local,28/03/2026,6500,7000,6750
"Tamil Nadu",Sivaganga,"Karaikudi(Uzhavar Sandhai ) APMC","Banana - Green","Banana - Green",Local,28/03/2026,3000,4000,3500
"Tamil Nadu",Sivaganga,"Karaikudi(Uzhavar Sandhai ) APMC",Coconut,Coconut,Local,28/03/2026,5800,6200,6000
"Tamil Nadu",Sivaganga,"Karaikudi(Uzhavar Sandhai ) APMC",Snakeguard,Snakeguard,Local,28/03/2026,2600,3000,2800
"Tamil Nadu",Sivaganga,"Karaikudi(Uzhavar Sandhai ) APMC",Mint(Pudina),Mint(Pudina),Local,28/03/2026,2500,3000,2750
"Tamil Nadu",Sivaganga,"Tirupatthur(Uzhavar Sandhai ) APMC",Banana,Karpura,Local,28/03/2026,4000,4000,4000
"Tamil Nadu",Sivaganga,"Tirupatthur(Uzhavar Sandhai ) APMC",Cauliflower,Ranchi,Local,28/03/2026,2500,3000,2750
"Tamil Nadu",Sivaganga,"Tirupatthur(Uzhavar Sandhai ) APMC",Coriander(Leaves),"I Sort",Local,28/03/2026,4000,4500,4250
"Tamil Nadu",Sivaganga,"Tirupatthur(Uzhavar Sandhai ) APMC",Papaya,Papaya,Local,28/03/2026,4000,4500,4250
"Tamil Nadu",Sivaganga,"Tirupatthur(Uzhavar Sandhai ) APMC",Tomato,Other,Local,28/03/2026,2000,2200,2100
"Tamil Nadu",Sivaganga,"Tirupatthur(Uzhavar Sandhai ) APMC",Pumpkin,Pumpkin,Local,28/03/2026,2000,2200,2100
"Tamil Nadu",Sivaganga,"Tirupatthur(Uzhavar Sandhai ) APMC","Banana - Green","Banana - Green",Local,28/03/2026,2500,3000,2750
"Tamil Nadu",Sivaganga,"Tirupatthur(Uzhavar Sandhai ) APMC","Sweet Potato","Hosur Red",Local,28/03/2026,3500,4000,3750
"Tamil Nadu",Sivaganga,"Tirupatthur(Uzhavar Sandhai ) APMC",Raddish,Raddish,Local,28/03/2026,2500,3000,2750
"Tamil Nadu",Sivaganga,"Tirupatthur(Uzhavar Sandhai ) APMC",Lemon,Lemon,Local,28/03/2026,14400,16500,15450
"Tamil Nadu",Sivaganga,"Singampunari(Uzhavar Sandhai ) APMC",Banana,Poovan,Local,28/03/2026,3000,4000,3500
"Tamil Nadu",Thanjavur,"Pattukottai(Uzhavar Sandhai ) APMC",Banana,Besrai,Local,28/03/2026,3500,3500,3500
"Tamil Nadu",Thanjavur,"Pattukottai(Uzhavar Sandhai ) APMC",Onion,Bellary,Local,28/03/2026,2500,3200,2850
"Tamil Nadu",Thanjavur,"Pattukottai(Uzhavar Sandhai ) APMC",Potato,"Red Nanital",Local,28/03/2026,3000,3000,3000
"Tamil Nadu",Thanjavur,"Pattukottai(Uzhavar Sandhai ) APMC",Cauliflower,Ranchi,Local,28/03/2026,4400,4400,4400
"Tamil Nadu",Thanjavur,"Pattukottai(Uzhavar Sandhai ) APMC",Amaranthus,Amaranthus,Local,28/03/2026,2000,2000,2000
"Tamil Nadu",Thanjavur,"Pattukottai(Uzhavar Sandhai ) APMC",Beans,"Beans (Whole)",Local,28/03/2026,7800,7800,7800
"Tamil Nadu",Thanjavur,"Pattukottai(Uzhavar Sandhai ) APMC",Cabbage,Cabbage,Local,28/03/2026,2200,2200,2200
"Tamil Nadu",Thanjavur,"Pattukottai(Uzhavar Sandhai ) APMC",Raddish,Raddish,Local,28/03/2026,3000,3000,3000
"Tamil Nadu",Thanjavur,"Pattukottai(Uzhavar Sandhai ) APMC",Mango(Raw-Ripe),"Mango - Raw-Ripe",Local,28/03/2026,4000,6000,5000
"Tamil Nadu",Thanjavur,"Pattukottai(Uzhavar Sandhai ) APMC",Lime,Lime,Local,28/03/2026,4000,4000,4000
"Tamil Nadu",Thanjavur,"Pattukottai(Uzhavar Sandhai ) APMC",Yam(Ratalu),"Yam (Ratalu)",Local,28/03/2026,8000,8000,8000
"Tamil Nadu",Thanjavur,"Pattukottai(Uzhavar Sandhai ) APMC",Lemon,Lemon,Local,28/03/2026,10600,10600,10600
"Tamil Nadu",Theni,"Theni(Uzhavar Sandhai ) APMC","Mousambi(Sweet Lime)",Mousambi,Local,28/03/2026,7000,7000,7000
"Tamil Nadu",Theni,"Theni(Uzhavar Sandhai ) APMC",Tomato,Other,Local,28/03/2026,1200,1600,1400
"Tamil Nadu",Theni,"Theni(Uzhavar Sandhai ) APMC","Bhindi(Ladies Finger)",Bhindi,Local,28/03/2026,6000,6000,6000
"Tamil Nadu",Theni,"Theni(Uzhavar Sandhai ) APMC","Green Chilli","Green Chilly",Local,28/03/2026,3000,3500,3250
"Tamil Nadu",Theni,"Theni(Uzhavar Sandhai ) APMC",Carrot,Pusakesar,Local,28/03/2026,2200,3300,2750
"Tamil Nadu",Theni,"Theni(Uzhavar Sandhai ) APMC",Cabbage,Cabbage,Local,28/03/2026,1800,1800,1800
"Tamil Nadu",Theni,"Theni(Uzhavar Sandhai ) APMC",Mango(Raw-Ripe),"Mango - Raw-Ripe",Local,28/03/2026,3500,3500,3500
"Tamil Nadu",Theni,"Theni(Uzhavar Sandhai ) APMC","Elephant Yam(Suran)/Amorphophallus","Elephant Yam (Suran)",Local,28/03/2026,2800,2800,2800
"Tamil Nadu",Theni,"Theni(Uzhavar Sandhai ) APMC",Mint(Pudina),Mint(Pudina),Local,28/03/2026,2500,2500,2500
"Tamil Nadu",Theni,"Theni(Uzhavar Sandhai ) APMC","Sweet Corn ","Sweet Corn ",Local,28/03/2026,5000,5000,5000
"Tamil Nadu",Theni,"Kambam(Uzhavar Sandhai ) APMC",Cauliflower,Ranchi,Local,28/03/2026,2000,2500,2250
"Tamil Nadu",Theni,"Kambam(Uzhavar Sandhai ) APMC","Bitter gourd","Bitter Gourd",Local,28/03/2026,2500,2500,2500
"Tamil Nadu",Theni,"Kambam(Uzhavar Sandhai ) APMC",Amaranthus,Amaranthus,Local,28/03/2026,2000,2500,2250
"Tamil Nadu",Theni,"Kambam(Uzhavar Sandhai ) APMC",Beans,"Beans (Whole)",Local,28/03/2026,6000,7500,6750
"Tamil Nadu",Theni,"Kambam(Uzhavar Sandhai ) APMC",Ginger(Green),"Green Ginger",Local,28/03/2026,6400,6400,6400
"Tamil Nadu",Theni,"Kambam(Uzhavar Sandhai ) APMC",Raddish,Raddish,Local,28/03/2026,1800,1800,1800
"Tamil Nadu",Theni,"Kambam(Uzhavar Sandhai ) APMC",Mango(Raw-Ripe),"Mango - Raw-Ripe",Local,28/03/2026,3000,3500,3250
"Tamil Nadu",Theni,"Kambam(Uzhavar Sandhai ) APMC","Amla(Nelli Kai)",Amla,Local,28/03/2026,5000,5500,5250
"Tamil Nadu",Theni,"Kambam(Uzhavar Sandhai ) APMC",Mint(Pudina),Mint(Pudina),Local,28/03/2026,2500,2500,2500
"Tamil Nadu",Theni,"Bodinayakanur(Uzhavar Sandhai ) APMC",Banana,Poovan,Local,28/03/2026,5000,5000,5000
"Tamil Nadu",Theni,"Bodinayakanur(Uzhavar Sandhai ) APMC","Bottle gourd","Bottle Gourd",Local,28/03/2026,1500,1500,1500
"Tamil Nadu",Theni,"Bodinayakanur(Uzhavar Sandhai ) APMC",Ashgourd,Gouard,Local,28/03/2026,1000,1000,1000
"Tamil Nadu",Theni,"Bodinayakanur(Uzhavar Sandhai ) APMC","Green Chilli","Green Chilly",Local,28/03/2026,3600,3600,3600
"Tamil Nadu",Theni,"Bodinayakanur(Uzhavar Sandhai ) APMC",Coconut,Coconut,Local,28/03/2026,4800,4800,4800
"Tamil Nadu",Theni,"Bodinayakanur(Uzhavar Sandhai ) APMC",Drumstick,Drumstick,Local,28/03/2026,3600,3600,3600
"Tamil Nadu",Theni,"Bodinayakanur(Uzhavar Sandhai ) APMC",Lemon,Lemon,Local,28/03/2026,12000,12000,12000
"Tamil Nadu",Theni,"Devaram(Uzhavar Sandhai ) APMC",Ashgourd,Gouard,Local,28/03/2026,1000,1000,1000
"Tamil Nadu",Theni,"Devaram(Uzhavar Sandhai ) APMC",Pumpkin,Pumpkin,Local,28/03/2026,1500,1500,1500
"Tamil Nadu",Theni,"Devaram(Uzhavar Sandhai ) APMC","Green Chilli","Green Chilly",Local,28/03/2026,3800,3800,3800
"Tamil Nadu",Theni,"Devaram(Uzhavar Sandhai ) APMC",Cowpea(Veg),"Cowpea (Veg)",Local,28/03/2026,3000,3000,3000
"Tamil Nadu",Theni,"Devaram(Uzhavar Sandhai ) APMC",Coconut,Coconut,Local,28/03/2026,4800,4800,4800
"Tamil Nadu",Theni,"Devaram(Uzhavar Sandhai ) APMC",Snakeguard,Snakeguard,Local,28/03/2026,2000,2000,2000
"Tamil Nadu",Theni,"Devaram(Uzhavar Sandhai ) APMC",Thondekai,Thondekai,Local,28/03/2026,1600,1600,1600
"Tamil Nadu",Theni,"Chinnamanur(Uzhavar Sandhai ) APMC",Banana,"Red Banana",Local,28/03/2026,5000,5000,5000
"Tamil Nadu",Theni,"Chinnamanur(Uzhavar Sandhai ) APMC",Potato,Other,Local,28/03/2026,2500,2500,2500
"Tamil Nadu",Theni,"Chinnamanur(Uzhavar Sandhai ) APMC",Brinjal,Other,Local,28/03/2026,2500,2500,2500
"Tamil Nadu",Theni,"Chinnamanur(Uzhavar Sandhai ) APMC",Ginger(Green),"Green Ginger",Local,28/03/2026,6400,6400,6400
"Tamil Nadu",Theni,"Chinnamanur(Uzhavar Sandhai ) APMC",Coconut,Coconut,Local,28/03/2026,4800,4800,4800
"Tamil Nadu",Theni,"Chinnamanur(Uzhavar Sandhai ) APMC","Sweet Potato","Hosur Red",Local,28/03/2026,2800,2800,2800
"Tamil Nadu",Theni,"Chinnamanur(Uzhavar Sandhai ) APMC",Drumstick,Drumstick,Local,28/03/2026,3600,3600,3600
"Tamil Nadu",Theni,"Chinnamanur(Uzhavar Sandhai ) APMC",Lemon,Lemon,Local,28/03/2026,13000,13000,13000
"Tamil Nadu",Theni,"Chinnamanur(Uzhavar Sandhai ) APMC","Onion Green","Onion Green",Local,28/03/2026,3000,3800,3400
"Tamil Nadu",Thirunelveli,"Palayamkottai(Uzhavar Sandhai ) APMC","Mousambi(Sweet Lime)",Mousambi,Local,28/03/2026,6000,7000,6500
"Tamil Nadu",Thirunelveli,"Palayamkottai(Uzhavar Sandhai ) APMC","Bottle gourd","Bottle Gourd",Local,28/03/2026,1200,2500,1850
"Tamil Nadu",Thirunelveli,"Palayamkottai(Uzhavar Sandhai ) APMC","Banana - Green","Banana - Green",Local,28/03/2026,2500,3000,2750
"Tamil Nadu",Thirunelveli,"Palayamkottai(Uzhavar Sandhai ) APMC",Ginger(Green),"Green Ginger",Local,28/03/2026,6500,7000,6750
"Tamil Nadu",Thirunelveli,"Palayamkottai(Uzhavar Sandhai ) APMC",Coconut,Coconut,Local,28/03/2026,5200,5500,5350
"Tamil Nadu",Thirunelveli,"Palayamkottai(Uzhavar Sandhai ) APMC",Cabbage,Cabbage,Local,28/03/2026,1800,2000,1900
"Tamil Nadu",Thirunelveli,"Palayamkottai(Uzhavar Sandhai ) APMC",Capsicum,Capsicum,Local,28/03/2026,4000,4500,4250
"Tamil Nadu",Thirunelveli,"Palayamkottai(Uzhavar Sandhai ) APMC",Lime,Lime,Local,28/03/2026,14000,16000,15000
"Tamil Nadu",Thirunelveli,"Palayamkottai(Uzhavar Sandhai ) APMC",Pomegranate,Pomogranate,Local,28/03/2026,16000,20000,18000
"Tamil Nadu",Thirunelveli,"Palayamkottai(Uzhavar Sandhai ) APMC",Yam(Ratalu),"Yam (Ratalu)",Local,28/03/2026,7000,8000,7500
"Tamil Nadu",Thirunelveli,"Melapalayam(Uzhavar Sandhai ) APMC",Brinjal,Other,Local,28/03/2026,2000,2600,2300
"Tamil Nadu",Thirunelveli,"Melapalayam(Uzhavar Sandhai ) APMC",Tomato,Other,Local,28/03/2026,2000,2400,2200
"Tamil Nadu",Thirunelveli,"Melapalayam(Uzhavar Sandhai ) APMC",Pumpkin,Pumpkin,Local,28/03/2026,1200,1400,1300
"Tamil Nadu",Thirunelveli,"Melapalayam(Uzhavar Sandhai ) APMC",Capsicum,Capsicum,Local,28/03/2026,4000,4500,4250
"Tamil Nadu",Thirunelveli,"Melapalayam(Uzhavar Sandhai ) APMC","Chow Chow","Chow Chow",Local,28/03/2026,2200,2400,2300
"Tamil Nadu",Thirunelveli,"NGO Colony(Uzhavar Sandhai ) APMC",Onion,Bellary,Local,28/03/2026,2000,2400,2200
"Tamil Nadu",Thirunelveli,"NGO Colony(Uzhavar Sandhai ) APMC","Green Peas","Green Peas",Local,28/03/2026,7500,8000,7750
"Tamil Nadu",Thirunelveli,"NGO Colony(Uzhavar Sandhai ) APMC","Bhindi(Ladies Finger)",Bhindi,Local,28/03/2026,4000,4500,4250
"Tamil Nadu",Thirunelveli,"NGO Colony(Uzhavar Sandhai ) APMC",Beetroot,Beetroot,Local,28/03/2026,3000,3400,3200
"Tamil Nadu",Thirunelveli,"NGO Colony(Uzhavar Sandhai ) APMC",Ridgeguard(Tori),Ridgeguard(Tori),Local,28/03/2026,3500,4000,3750
"Tamil Nadu",Thirunelveli,"NGO Colony(Uzhavar Sandhai ) APMC",Lemon,Lemon,Local,28/03/2026,10000,11000,10500
"Tamil Nadu",Thiruvellore,"Ambattur(Uzhavar Sandhai ) APMC",Onion,Bellary,Local,28/03/2026,2000,2000,2000
"Tamil Nadu",Thiruvellore,"Ambattur(Uzhavar Sandhai ) APMC",Potato,"Red Nanital",Local,28/03/2026,3500,3500,3500
"Tamil Nadu",Thiruvellore,"Ambattur(Uzhavar Sandhai ) APMC",Coconut,Coconut,Local,28/03/2026,4500,4500,4500
"Tamil Nadu",Thiruvarur,"Tiruthuraipoondi(Uzhavar Sandhai ) APMC",Chikoos(Sapota),Sapota,Local,28/03/2026,4000,4000,4000
"Tamil Nadu",Thiruvarur,"Tiruthuraipoondi(Uzhavar Sandhai ) APMC",Pumpkin,Pumpkin,Local,28/03/2026,2000,2000,2000
"Tamil Nadu",Thiruvarur,"Tiruthuraipoondi(Uzhavar Sandhai ) APMC","Bhindi(Ladies Finger)",Bhindi,Local,28/03/2026,4000,4000,4000
"Tamil Nadu",Thiruvarur,"Tiruthuraipoondi(Uzhavar Sandhai ) APMC",Ridgeguard(Tori),Ridgeguard(Tori),Local,28/03/2026,4500,4500,4500
"Tamil Nadu",Thiruvarur,"Tiruthuraipoondi(Uzhavar Sandhai ) APMC",Drumstick,Drumstick,Local,28/03/2026,4000,4000,4000
"Tamil Nadu",Thiruvarur,"Tiruthuraipoondi(Uzhavar Sandhai ) APMC","Tamarind Fruit","Tamarind Fruit",Local,28/03/2026,14000,14000,14000
"Tamil Nadu",Thiruvarur,"Mannargudi I(Uzhavar Sandhai ) APMC",Cauliflower,Ranchi,Local,28/03/2026,4800,4800,4800
"Tamil Nadu",Thiruvarur,"Mannargudi I(Uzhavar Sandhai ) APMC",Tomato,Deshi,Local,28/03/2026,1600,1600,1600
"Tamil Nadu",Thiruvarur,"Mannargudi I(Uzhavar Sandhai ) APMC",Carrot,Pusakesar,Local,28/03/2026,3600,4400,4000
"Tamil Nadu",Thiruvarur,"Mannargudi I(Uzhavar Sandhai ) APMC",Lemon,Lemon,Local,28/03/2026,16000,16000,16000
"Tamil Nadu",Thiruvarur,"Needamangalam(Uzhavar Sandhai ) APMC",Brinjal,Round,Local,28/03/2026,3000,3000,3000
"Tamil Nadu",Thiruvarur,"Needamangalam(Uzhavar Sandhai ) APMC",Coconut,Coconut,Local,28/03/2026,4000,4000,4000
"Tamil Nadu",Thiruvarur,"Needamangalam(Uzhavar Sandhai ) APMC",Snakeguard,Snakeguard,Local,28/03/2026,2400,2400,2400
"Tamil Nadu",Thiruvarur,"Muthupettai(Uzhavar Sandhai ) APMC",Amaranthus,Amaranthus,Local,28/03/2026,1000,1500,1250
"Tamil Nadu",Thiruvarur,"Muthupettai(Uzhavar Sandhai ) APMC","Onion Green","Onion Green",Local,28/03/2026,4000,4000,4000
"Tamil Nadu",Thiruvarur,"Mannargudi II(Uzhavar Sandhai ) APMC",Brinjal,Round,Local,28/03/2026,3000,3200,3100
"Tamil Nadu",Thiruvarur,"Mannargudi II(Uzhavar Sandhai ) APMC",Coriander(Leaves),"I Sort",Local,28/03/2026,4000,4000,4000
"Tamil Nadu",Thiruvarur,"Mannargudi II(Uzhavar Sandhai ) APMC",Ashgourd,Gouard,Local,28/03/2026,2400,2400,2400
"Tamil Nadu",Thiruvarur,"Mannargudi II(Uzhavar Sandhai ) APMC","Green Chilli","Green Chilly",Local,28/03/2026,3000,3000,3000
"Tamil Nadu",Thiruvarur,"Mannargudi II(Uzhavar Sandhai ) APMC",Beans,"Beans (Whole)",Local,28/03/2026,7000,7000,7000
"Tamil Nadu",Thiruvarur,"Mannargudi II(Uzhavar Sandhai ) APMC",Beetroot,Beetroot,Local,28/03/2026,3400,4000,3700
"Tamil Nadu",Thiruvarur,"Mannargudi II(Uzhavar Sandhai ) APMC","Elephant Yam(Suran)/Amorphophallus","Elephant Yam (Suran)",Local,28/03/2026,4000,4000,4000
"Tamil Nadu",Thiruvarur,"Mannargudi II(Uzhavar Sandhai ) APMC",Mint(Pudina),Mint(Pudina),Local,28/03/2026,3500,3500,3500
"Tamil Nadu",Tuticorin,"Kovilpatti(Uzhavar Sandhai ) APMC",Potato,Other,Local,28/03/2026,3000,3500,3250
"Tamil Nadu",Tuticorin,"Kovilpatti(Uzhavar Sandhai ) APMC","Green Peas","Green Peas",Local,28/03/2026,7000,7500,7250
"Tamil Nadu",Tuticorin,"Kovilpatti(Uzhavar Sandhai ) APMC",Chikoos(Sapota),Sapota,Local,28/03/2026,4500,5000,4750
"Tamil Nadu",Tuticorin,"Kovilpatti(Uzhavar Sandhai ) APMC",Ashgourd,Gouard,Local,28/03/2026,2500,3000,2750
"Tamil Nadu",Tuticorin,"Kovilpatti(Uzhavar Sandhai ) APMC",Beans,"Beans (Whole)",Local,28/03/2026,6500,7000,6750
"Tamil Nadu",Tuticorin,"Kovilpatti(Uzhavar Sandhai ) APMC",Cabbage,Cabbage,Local,28/03/2026,2500,3000,2750
"Tamil Nadu",Tuticorin,"Kovilpatti(Uzhavar Sandhai ) APMC",Beetroot,Beetroot,Local,28/03/2026,3500,4000,3750
"Tamil Nadu",Tuticorin,"Kovilpatti(Uzhavar Sandhai ) APMC",Drumstick,Drumstick,Local,28/03/2026,4000,4500,4250
"Tamil Nadu",Tuticorin,"Kovilpatti(Uzhavar Sandhai ) APMC",Lime,Lime,Local,28/03/2026,14000,14500,14250
"Tamil Nadu",Tuticorin,"Kovilpatti(Uzhavar Sandhai ) APMC","Elephant Yam(Suran)/Amorphophallus","Elephant Yam (Suran)",Local,28/03/2026,3500,4000,3750
"Tamil Nadu",Tuticorin,"Kovilpatti(Uzhavar Sandhai ) APMC","Onion Green","Onion Green",Local,28/03/2026,4000,4500,4250
"Tamil Nadu",Thiruvannamalai,"Tiruvannamalai(Uzhavar Sandhai ) APMC",Apple,American,Local,28/03/2026,18000,20000,19000
"Tamil Nadu",Thiruvannamalai,"Tiruvannamalai(Uzhavar Sandhai ) APMC",Orange,Darjeeling,Local,28/03/2026,10000,12000,11000
"Tamil Nadu",Thiruvannamalai,"Tiruvannamalai(Uzhavar Sandhai ) APMC",Grapes,Annabesahai,Local,28/03/2026,10000,12000,11000
"Tamil Nadu",Thiruvannamalai,"Tiruvannamalai(Uzhavar Sandhai ) APMC",Onion,Bellary,Local,28/03/2026,2000,2500,2250
"Tamil Nadu",Thiruvannamalai,"Tiruvannamalai(Uzhavar Sandhai ) APMC",Cauliflower,Ranchi,Local,28/03/2026,3500,4000,3750
"Tamil Nadu",Thiruvannamalai,"Tiruvannamalai(Uzhavar Sandhai ) APMC",Brinjal,Round,Local,28/03/2026,2400,3000,2700
"Tamil Nadu",Thiruvannamalai,"Tiruvannamalai(Uzhavar Sandhai ) APMC","Green Peas","Green Peas",Local,28/03/2026,8000,10000,9000
"Tamil Nadu",Thiruvannamalai,"Tiruvannamalai(Uzhavar Sandhai ) APMC","Water Melon","Water Melon",Local,28/03/2026,1500,2000,1750
"Tamil Nadu",Thiruvannamalai,"Tiruvannamalai(Uzhavar Sandhai ) APMC",Amaranthus,Amaranthus,Local,28/03/2026,2500,3000,2750
"Tamil Nadu",Thiruvannamalai,"Tiruvannamalai(Uzhavar Sandhai ) APMC",Ridgeguard(Tori),Ridgeguard(Tori),Local,28/03/2026,3500,4000,3750
"Tamil Nadu",Thiruvannamalai,"Tiruvannamalai(Uzhavar Sandhai ) APMC",Capsicum,Capsicum,Local,28/03/2026,5000,6000,5500
"Tamil Nadu",Thiruvannamalai,"Tiruvannamalai(Uzhavar Sandhai ) APMC",Lime,Lime,Local,28/03/2026,3500,4000,3750
"Tamil Nadu",Thiruvannamalai,"Polur(Uzhavar Sandhai ) APMC",Onion,Bellary,Local,28/03/2026,2000,2500,2250
"Tamil Nadu",Thiruvannamalai,"Polur(Uzhavar Sandhai ) APMC",Cauliflower,Ranchi,Local,28/03/2026,2500,3000,2750
"Tamil Nadu",Thiruvannamalai,"Polur(Uzhavar Sandhai ) APMC",Ashgourd,Gouard,Local,28/03/2026,1600,2000,1800
"Tamil Nadu",Thiruvannamalai,"Polur(Uzhavar Sandhai ) APMC","Green Chilli","Green Chilly",Local,28/03/2026,4000,4800,4400
"Tamil Nadu",Thiruvannamalai,"Polur(Uzhavar Sandhai ) APMC",Coconut,Coconut,Local,28/03/2026,4200,5000,4600
"Tamil Nadu",Thiruvannamalai,"Polur(Uzhavar Sandhai ) APMC",Carrot,Pusakesar,Local,28/03/2026,2500,3000,2750
"Tamil Nadu",Thiruvannamalai,"Polur(Uzhavar Sandhai ) APMC",Cabbage,Cabbage,Local,28/03/2026,2000,2400,2200
"Tamil Nadu",Thiruvannamalai,"Polur(Uzhavar Sandhai ) APMC","Tamarind Fruit","Tamarind Fruit",Local,28/03/2026,8000,10000,9000
"Tamil Nadu",Thiruvannamalai,"Polur(Uzhavar Sandhai ) APMC",Colacasia,Colacasia,Local,28/03/2026,2500,3000,2750
"Tamil Nadu",Thiruvannamalai,"Polur(Uzhavar Sandhai ) APMC","Onion Green","Onion Green",Local,28/03/2026,4200,5000,4600
"Tamil Nadu",Thiruvannamalai,"Polur(Uzhavar Sandhai ) APMC",Mint(Pudina),Mint(Pudina),Local,28/03/2026,3300,4000,3650
"Tamil Nadu",Thiruvannamalai,"Arani(Uzhavar Sandhai ) APMC",Banana,Karpura,Local,28/03/2026,4000,5000,4500
"Tamil Nadu",Thiruvannamalai,"Arani(Uzhavar Sandhai ) APMC",Potato,Other,Local,28/03/2026,2500,3000,2750
"Tamil Nadu",Thiruvannamalai,"Arani(Uzhavar Sandhai ) APMC",Garlic,Garlic,Local,28/03/2026,14000,16000,15000
"Tamil Nadu",Thiruvannamalai,"Arani(Uzhavar Sandhai ) APMC",Coriander(Leaves),"I Sort",Local,28/03/2026,4000,5000,4500
"Tamil Nadu",Thiruvannamalai,"Arani(Uzhavar Sandhai ) APMC",Papaya,Papaya,Local,28/03/2026,3000,4000,3500
"Tamil Nadu",Thiruvannamalai,"Arani(Uzhavar Sandhai ) APMC",Tomato,Local,Local,28/03/2026,1200,1500,1350
"Tamil Nadu",Thiruvannamalai,"Arani(Uzhavar Sandhai ) APMC","Bottle gourd","Bottle Gourd",Local,28/03/2026,1600,2000,1800
"Tamil Nadu",Thiruvannamalai,"Arani(Uzhavar Sandhai ) APMC","Green Chilli","Green Chilly",Local,28/03/2026,5000,6000,5500
"Tamil Nadu",Thiruvannamalai,"Arani(Uzhavar Sandhai ) APMC",Coconut,Coconut,Local,28/03/2026,4000,5000,4500
"Tamil Nadu",Thiruvannamalai,"Arani(Uzhavar Sandhai ) APMC",Carrot,Pusakesar,Local,28/03/2026,2500,3000,2750
"Tamil Nadu",Thiruvannamalai,"Arani(Uzhavar Sandhai ) APMC","Tender Coconut","Tender Coconut",Local,28/03/2026,1500,2000,1750
"Tamil Nadu",Thiruvannamalai,"Arani(Uzhavar Sandhai ) APMC","Indian Beans(Seam)","Indian Beans (Seam)",Local,28/03/2026,3500,4000,3750
"Tamil Nadu",Thiruvannamalai,"Chengam(Uzhavar Sandhai ) APMC",Onion,Bellary,Local,28/03/2026,1600,2000,1800
"Tamil Nadu",Thiruvannamalai,"Chengam(Uzhavar Sandhai ) APMC","Bitter gourd","Bitter Gourd",Local,28/03/2026,3300,4000,3650
"Tamil Nadu",Thiruvannamalai,"Chengam(Uzhavar Sandhai ) APMC","Bottle gourd","Bottle Gourd",Local,28/03/2026,1200,1500,1350
"Tamil Nadu",Thiruvannamalai,"Chengam(Uzhavar Sandhai ) APMC",Ashgourd,Gouard,Local,28/03/2026,1600,2000,1800
"Tamil Nadu",Thiruvannamalai,"Chengam(Uzhavar Sandhai ) APMC","Green Chilli","Green Chilly",Local,28/03/2026,4200,5000,4600
"Tamil Nadu",Thiruvannamalai,"Chengam(Uzhavar Sandhai ) APMC",Tapioca,Tapioca,Local,28/03/2026,2000,2500,2250
"Tamil Nadu",Thiruvannamalai,"Chengam(Uzhavar Sandhai ) APMC","Sweet Potato","Hosur Red",Local,28/03/2026,2500,3000,2750
"Tamil Nadu",Thiruvannamalai,"Chengam(Uzhavar Sandhai ) APMC","Chow Chow","Chow Chow",Local,28/03/2026,2500,3000,2750
"Tamil Nadu",Thiruvannamalai,"Chengam(Uzhavar Sandhai ) APMC","Onion Green","Onion Green",Local,28/03/2026,3000,3600,3300
"Tamil Nadu",Thiruvannamalai,"Vandavasi(Uzhavar Sandhai ) APMC",Tomato,Other,Local,28/03/2026,1000,1200,1100
"Tamil Nadu",Thiruvannamalai,"Vandavasi(Uzhavar Sandhai ) APMC","Cluster beans","Cluster Beans",Local,28/03/2026,3500,4000,3750
"Tamil Nadu",Thiruvannamalai,"Vandavasi(Uzhavar Sandhai ) APMC",Amaranthus,Amaranthus,Local,28/03/2026,2500,3000,2750
"Tamil Nadu",Thiruvannamalai,"Vandavasi(Uzhavar Sandhai ) APMC","Banana - Green","Banana - Green",Local,28/03/2026,1600,2000,1800
"Tamil Nadu",Thiruvannamalai,"Vandavasi(Uzhavar Sandhai ) APMC",Beans,"Beans (Whole)",Local,28/03/2026,3500,4000,3750
"Tamil Nadu",Thiruvannamalai,"Vandavasi(Uzhavar Sandhai ) APMC",Coconut,Coconut,Local,28/03/2026,4000,5000,4500
"Tamil Nadu",Thiruvannamalai,"Vandavasi(Uzhavar Sandhai ) APMC",Snakeguard,Snakeguard,Local,28/03/2026,2000,2500,2250
"Tamil Nadu",Thiruvannamalai,"Vandavasi(Uzhavar Sandhai ) APMC",Beetroot,Beetroot,Local,28/03/2026,2500,3000,2750
"Tamil Nadu",Thiruvannamalai,"Vandavasi(Uzhavar Sandhai ) APMC",Mint(Pudina),Mint(Pudina),Local,28/03/2026,3500,4000,3750
"Tamil Nadu",Thiruvannamalai,"Tamarainagar(Uzhavar Sandhai ) APMC",Banana,Besrai,Local,28/03/2026,5000,6000,5500
"Tamil Nadu",Thiruvannamalai,"Tamarainagar(Uzhavar Sandhai ) APMC",Tomato,Deshi,Local,28/03/2026,1300,1500,1400
"Tamil Nadu",Thiruvannamalai,"Tamarainagar(Uzhavar Sandhai ) APMC","Cluster beans","Cluster Beans",Local,28/03/2026,3500,4000,3750
"Tamil Nadu",Thiruvannamalai,"Tamarainagar(Uzhavar Sandhai ) APMC",Cowpea(Veg),"Cowpea (Veg)",Local,28/03/2026,4000,5000,4500
"Tamil Nadu",Thiruvannamalai,"Tamarainagar(Uzhavar Sandhai ) APMC","Sweet Potato","Hosur Red",Local,28/03/2026,2500,3000,2750
"Tamil Nadu",Thiruvannamalai,"Tamarainagar(Uzhavar Sandhai ) APMC",Cucumbar(Kheera),Cucumbar,Local,28/03/2026,2500,3000,2750
"Tamil Nadu",Thiruvannamalai,"Tamarainagar(Uzhavar Sandhai ) APMC","Green Avare(W)","Green Avare (W)",Local,28/03/2026,6000,7200,6600
"Tamil Nadu",Thiruvannamalai,"Tamarainagar(Uzhavar Sandhai ) APMC",Lime,Lime,Local,28/03/2026,4500,5000,4750
"Tamil Nadu",Thiruvannamalai,"Tamarainagar(Uzhavar Sandhai ) APMC",Fig(Anjura/Anjeer),Anjura,Local,28/03/2026,5000,6000,5500
"Tamil Nadu",Thiruvannamalai,"Tamarainagar(Uzhavar Sandhai ) APMC",Marigold(Calcutta),Marigold(Calcutta),Local,28/03/2026,15000,20000,17500
"Tamil Nadu",Thiruvannamalai,"Tamarainagar(Uzhavar Sandhai ) APMC","Elephant Yam(Suran)/Amorphophallus","Elephant Yam (Suran)",Local,28/03/2026,3000,3600,3300
"Tamil Nadu",Thiruvannamalai,"Tamarainagar(Uzhavar Sandhai ) APMC","Onion Green","Onion Green",Local,28/03/2026,3500,4000,3750
"Tamil Nadu",Thiruchirappalli,"Musiri(Uzhavar Sandhai ) APMC",Brinjal,Other,Local,28/03/2026,2000,2600,2300
"Tamil Nadu",Thiruchirappalli,"Musiri(Uzhavar Sandhai ) APMC",Coriander(Leaves),"I Sort",Local,28/03/2026,2000,2600,2300
"Tamil Nadu",Thiruchirappalli,"Musiri(Uzhavar Sandhai ) APMC",Amaranthus,Amaranthus,Local,28/03/2026,2000,2000,2000
"Tamil Nadu",Thiruchirappalli,"Musiri(Uzhavar Sandhai ) APMC","Green Chilli","Green Chilly",Local,28/03/2026,3000,3500,3250
"Tamil Nadu",Thiruchirappalli,"Musiri(Uzhavar Sandhai ) APMC","Sweet Potato","Hosur Red",Local,28/03/2026,3000,3600,3300
"Tamil Nadu",Thiruchirappalli,"Musiri(Uzhavar Sandhai ) APMC",Raddish,Raddish,Local,28/03/2026,2000,2600,2300
"Tamil Nadu",Thiruchirappalli,"Musiri(Uzhavar Sandhai ) APMC",Thondekai,Thondekai,Local,28/03/2026,3000,3600,3300
"Tamil Nadu",Thiruchirappalli,"Musiri(Uzhavar Sandhai ) APMC","Elephant Yam(Suran)/Amorphophallus","Elephant Yam (Suran)",Local,28/03/2026,2000,2600,2300
"Tamil Nadu",Thiruchirappalli,"Thiruverumbur(Uzhavar Sandhai ) APMC",Banana,Karpura,Local,28/03/2026,3000,5000,4000
"Tamil Nadu",Thiruchirappalli,"Thiruverumbur(Uzhavar Sandhai ) APMC",Cauliflower,Ranchi,Local,28/03/2026,3500,3500,3500
"Tamil Nadu",Thiruchirappalli,"Thiruverumbur(Uzhavar Sandhai ) APMC",Coriander(Leaves),"I Sort",Local,28/03/2026,2600,2600,2600
"Tamil Nadu",Thiruchirappalli,"Thiruverumbur(Uzhavar Sandhai ) APMC",Pumpkin,Pumpkin,Local,28/03/2026,1600,1600,1600
"Tamil Nadu",Thiruchirappalli,"Thiruverumbur(Uzhavar Sandhai ) APMC",Cowpea(Veg),"Cowpea (Veg)",Local,28/03/2026,3000,3000,3000
"Tamil Nadu",Thiruchirappalli,"Thiruverumbur(Uzhavar Sandhai ) APMC",Ginger(Green),"Green Ginger",Local,28/03/2026,8000,8000,8000
"Tamil Nadu",Thiruchirappalli,"Thiruverumbur(Uzhavar Sandhai ) APMC",Coconut,Coconut,Local,28/03/2026,6000,6000,6000
"Tamil Nadu",Thiruchirappalli,"Thiruverumbur(Uzhavar Sandhai ) APMC",Beetroot,Beetroot,Local,28/03/2026,3600,3600,3600
"Tamil Nadu",Thiruchirappalli,"Thiruverumbur(Uzhavar Sandhai ) APMC","Green Avare(W)",Other,Local,28/03/2026,7000,7000,7000
"Tamil Nadu",Thiruchirappalli,"Thiruverumbur(Uzhavar Sandhai ) APMC",Lemon,Lemon,Local,28/03/2026,13000,13000,13000
"Tamil Nadu",Thiruchirappalli,"Thiruverumbur(Uzhavar Sandhai ) APMC",Mint(Pudina),Mint(Pudina),Local,28/03/2026,2800,2800,2800
"Tamil Nadu",Thiruchirappalli,"Lalgudi(Uzhavar Sandhai ) APMC",Banana,Poovan,Local,28/03/2026,4000,5000,4500
"Tamil Nadu",Thiruchirappalli,"Lalgudi(Uzhavar Sandhai ) APMC",Potato,Other,Local,28/03/2026,3000,3000,3000
"Tamil Nadu",Thiruchirappalli,"Lalgudi(Uzhavar Sandhai ) APMC",Cauliflower,Ranchi,Local,28/03/2026,3000,4000,3500
"Tamil Nadu",Thiruchirappalli,"Lalgudi(Uzhavar Sandhai ) APMC",Ashgourd,Gouard,Local,28/03/2026,1600,1600,1600
"Tamil Nadu",Thiruchirappalli,"Lalgudi(Uzhavar Sandhai ) APMC","Banana - Green","Banana - Green",Local,28/03/2026,3000,3000,3000
"Tamil Nadu",Thiruchirappalli,"Lalgudi(Uzhavar Sandhai ) APMC",Beans,"Beans (Whole)",Local,28/03/2026,7000,7000,7000
"Tamil Nadu",Thiruchirappalli,"Lalgudi(Uzhavar Sandhai ) APMC",Carrot,Pusakesar,Local,28/03/2026,4000,4000,4000
"Tamil Nadu",Thiruchirappalli,"Lalgudi(Uzhavar Sandhai ) APMC",Ridgeguard(Tori),Ridgeguard(Tori),Local,28/03/2026,4000,4000,4000
"Tamil Nadu",Thiruchirappalli,"Lalgudi(Uzhavar Sandhai ) APMC",Thondekai,Thondekai,Local,28/03/2026,3600,3600,3600
"Tamil Nadu",Thiruchirappalli,"Lalgudi(Uzhavar Sandhai ) APMC","Knool Khol","Knool Khol",Local,28/03/2026,3000,3000,3000
"Tamil Nadu",Thiruchirappalli,"Lalgudi(Uzhavar Sandhai ) APMC",Yam(Ratalu),"Yam (Ratalu)",Local,28/03/2026,5500,5500,5500
"Tamil Nadu",Thiruchirappalli,"Manachanallur(Uzhavar Sandhai ) APMC",Garlic,Garlic,Local,28/03/2026,16000,16000,16000
"Tamil Nadu",Thiruchirappalli,"Manachanallur(Uzhavar Sandhai ) APMC",Coriander(Leaves),"I Sort",Local,28/03/2026,2800,2800,2800
"Tamil Nadu",Thiruchirappalli,"Manachanallur(Uzhavar Sandhai ) APMC",Tomato,Other,Local,28/03/2026,1600,1600,1600
"Tamil Nadu",Thiruchirappalli,"Manachanallur(Uzhavar Sandhai ) APMC","Cluster beans","Cluster Beans",Local,28/03/2026,3500,3500,3500
"Tamil Nadu",Thiruchirappalli,"Manachanallur(Uzhavar Sandhai ) APMC",Ashgourd,Gouard,Local,28/03/2026,1600,1600,1600
"Tamil Nadu",Thiruchirappalli,"Manachanallur(Uzhavar Sandhai ) APMC","Banana - Green","Banana - Green",Local,28/03/2026,2500,2500,2500
"Tamil Nadu",Thiruchirappalli,"Manachanallur(Uzhavar Sandhai ) APMC",Raddish,Raddish,Local,28/03/2026,2600,2600,2600
"Tamil Nadu",Thiruchirappalli,"Manachanallur(Uzhavar Sandhai ) APMC",Guava,"Guava Allahabad",Local,28/03/2026,5000,5000,5000
"Tamil Nadu",Thiruchirappalli,"Manachanallur(Uzhavar Sandhai ) APMC","Tender Coconut","Tender Coconut",Local,28/03/2026,3500,3500,3500
"Tamil Nadu",Vellore,"Gudiyatham(Uzhavar Sandhai ) APMC",Banana,Poovan,Local,28/03/2026,4500,4500,4500
"Tamil Nadu",Vellore,"Gudiyatham(Uzhavar Sandhai ) APMC",Brinjal,Other,Local,28/03/2026,3000,3000,3000
"Tamil Nadu",Vellore,"Gudiyatham(Uzhavar Sandhai ) APMC",Papaya,Papaya,Local,28/03/2026,3500,3500,3500
"Tamil Nadu",Vellore,"Gudiyatham(Uzhavar Sandhai ) APMC","Bottle gourd","Bottle Gourd",Local,28/03/2026,1500,1500,1500
"Tamil Nadu",Vellore,"Gudiyatham(Uzhavar Sandhai ) APMC","Green Chilli","Green Chilly",Local,28/03/2026,4000,4000,4000
"Tamil Nadu",Vellore,"Gudiyatham(Uzhavar Sandhai ) APMC",Ginger(Green),"Green Ginger",Local,28/03/2026,8000,8000,8000
"Tamil Nadu",Vellore,"Gudiyatham(Uzhavar Sandhai ) APMC",Mint(Pudina),Mint(Pudina),Local,28/03/2026,4000,4000,4000
"Tamil Nadu",Vellore,"Kahithapattarai(Uzhavar Sandhai ) APMC","Cluster beans","Cluster Beans",Local,28/03/2026,4000,4000,4000
"Tamil Nadu",Vellore,"Kahithapattarai(Uzhavar Sandhai ) APMC",Ashgourd,Gouard,Local,28/03/2026,2000,2000,2000
"Tamil Nadu",Vellore,"Kahithapattarai(Uzhavar Sandhai ) APMC","Bhindi(Ladies Finger)",Bhindi,Local,28/03/2026,4400,4400,4400
"Tamil Nadu",Vellore,"Kahithapattarai(Uzhavar Sandhai ) APMC",Cabbage,Cabbage,Local,28/03/2026,2000,2000,2000
"Tamil Nadu",Vellore,"Kahithapattarai(Uzhavar Sandhai ) APMC",Beetroot,Beetroot,Local,28/03/2026,2800,2800,2800
"Tamil Nadu",Vellore,"Kahithapattarai(Uzhavar Sandhai ) APMC","Knool Khol","Knool Khol",Local,28/03/2026,2400,2400,2400
"Tamil Nadu",Vellore,"Kahithapattarai(Uzhavar Sandhai ) APMC","Tamarind Fruit","Tamarind Fruit",Local,28/03/2026,16000,16000,16000
"Tamil Nadu",Vellore,"Kahithapattarai(Uzhavar Sandhai ) APMC","Sweet Corn ","Sweet Corn ",Local,28/03/2026,2500,2500,2500
"Tamil Nadu",Villupuram,"Villupuram(Uzhavar Sandhai ) APMC",Onion,Bellary,Local,28/03/2026,3000,3000,3000
"Tamil Nadu",Villupuram,"Villupuram(Uzhavar Sandhai ) APMC",Brinjal,Round,Local,28/03/2026,4000,4000,4000
"Tamil Nadu",Villupuram,"Villupuram(Uzhavar Sandhai ) APMC","Bottle gourd","Bottle Gourd",Local,28/03/2026,2000,2000,2000
"Tamil Nadu",Villupuram,"Villupuram(Uzhavar Sandhai ) APMC","Bhindi(Ladies Finger)",Bhindi,Local,28/03/2026,5000,5000,5000
"Tamil Nadu",Villupuram,"Villupuram(Uzhavar Sandhai ) APMC",Cucumbar(Kheera),Cucumbar,Local,28/03/2026,4000,8000,6000
"Tamil Nadu",Villupuram,"Villupuram(Uzhavar Sandhai ) APMC","Elephant Yam(Suran)/Amorphophallus","Elephant Yam (Suran)",Local,28/03/2026,3500,3500,3500
"Tamil Nadu",Villupuram,"Gingee(Uzhavar Sandhai ) APMC",Onion,Bellary,Local,28/03/2026,2000,2500,2250
"Tamil Nadu",Villupuram,"Gingee(Uzhavar Sandhai ) APMC",Coriander(Leaves),"I Sort",Local,28/03/2026,5000,5000,5000
"Tamil Nadu",Villupuram,"Gingee(Uzhavar Sandhai ) APMC","Bhindi(Ladies Finger)",Bhindi,Local,28/03/2026,5000,5000,5000
"Tamil Nadu",Villupuram,"Gingee(Uzhavar Sandhai ) APMC",Ginger(Green),"Green Ginger",Local,28/03/2026,7000,7000,7000
"Tamil Nadu",Villupuram,"Gingee(Uzhavar Sandhai ) APMC",Ridgeguard(Tori),Ridgeguard(Tori),Local,28/03/2026,6000,6000,6000
"Tamil Nadu",Virudhunagar,"Aruppukottai(Uzhavar Sandhai ) APMC",Banana,Besrai,Local,28/03/2026,3500,4000,3750
"Tamil Nadu",Virudhunagar,"Aruppukottai(Uzhavar Sandhai ) APMC","Green Peas","Green Peas",Local,28/03/2026,6500,7000,6750
"Tamil Nadu",Virudhunagar,"Aruppukottai(Uzhavar Sandhai ) APMC",Ashgourd,Gouard,Local,28/03/2026,1500,2000,1750
"Tamil Nadu",Virudhunagar,"Aruppukottai(Uzhavar Sandhai ) APMC",Pumpkin,Pumpkin,Local,28/03/2026,2000,2500,2250
"Tamil Nadu",Virudhunagar,"Aruppukottai(Uzhavar Sandhai ) APMC",Ginger(Green),"Green Ginger",Local,28/03/2026,7500,8000,7750
"Tamil Nadu",Virudhunagar,"Aruppukottai(Uzhavar Sandhai ) APMC",Yam(Ratalu),"Yam (Ratalu)",Local,28/03/2026,7500,8000,7750
"Tamil Nadu",Virudhunagar,"Rajapalayam(Uzhavar Sandhai ) APMC",Coriander(Leaves),"I Sort",Local,28/03/2026,4000,5000,4500
"Tamil Nadu",Virudhunagar,"Rajapalayam(Uzhavar Sandhai ) APMC",Papaya,Papaya,Local,28/03/2026,3000,3500,3250
"Tamil Nadu",Virudhunagar,"Rajapalayam(Uzhavar Sandhai ) APMC","Cluster beans","Cluster Beans",Local,28/03/2026,3000,3500,3250
"Tamil Nadu",Virudhunagar,"Rajapalayam(Uzhavar Sandhai ) APMC",Pumpkin,Pumpkin,Local,28/03/2026,2000,2500,2250
"Tamil Nadu",Virudhunagar,"Rajapalayam(Uzhavar Sandhai ) APMC","Bhindi(Ladies Finger)",Bhindi,Local,28/03/2026,3500,4000,3750
"Tamil Nadu",Virudhunagar,"Rajapalayam(Uzhavar Sandhai ) APMC",Coconut,Coconut,Local,28/03/2026,4500,5500,5000
"Tamil Nadu",Virudhunagar,"Rajapalayam(Uzhavar Sandhai ) APMC",Snakeguard,Snakeguard,Local,28/03/2026,2000,2500,2250
"Tamil Nadu",Virudhunagar,"Rajapalayam(Uzhavar Sandhai ) APMC",Ridgeguard(Tori),Ridgeguard(Tori),Local,28/03/2026,4500,5500,5000
"Tamil Nadu",Virudhunagar,"Rajapalayam(Uzhavar Sandhai ) APMC",Yam(Ratalu),"Yam (Ratalu)",Local,28/03/2026,6000,7000,6500
"Tamil Nadu",Virudhunagar,"Sivakasi(Uzhavar Sandhai ) APMC",Cauliflower,Ranchi,Local,28/03/2026,3500,4000,3750
"Tamil Nadu",Virudhunagar,"Sivakasi(Uzhavar Sandhai ) APMC",Coriander(Leaves),"I Sort",Local,28/03/2026,4500,5000,4750
"Tamil Nadu",Virudhunagar,"Sivakasi(Uzhavar Sandhai ) APMC",Chikoos(Sapota),Sapota,Local,28/03/2026,2500,3000,2750
"Tamil Nadu",Virudhunagar,"Sivakasi(Uzhavar Sandhai ) APMC",Papaya,Papaya,Local,28/03/2026,2200,2500,2350
"Tamil Nadu",Virudhunagar,"Sivakasi(Uzhavar Sandhai ) APMC",Amaranthus,Amaranthus,Local,28/03/2026,2500,3000,2750
"Tamil Nadu",Virudhunagar,"Sivakasi(Uzhavar Sandhai ) APMC",Raddish,Raddish,Local,28/03/2026,2500,3000,2750
"Tamil Nadu",Virudhunagar,"Sivakasi(Uzhavar Sandhai ) APMC","Elephant Yam(Suran)/Amorphophallus","Elephant Yam (Suran)",Local,28/03/2026,3500,4000,3750
"Tamil Nadu",Virudhunagar,"Sivakasi(Uzhavar Sandhai ) APMC",Yam(Ratalu),"Yam (Ratalu)",Local,28/03/2026,4500,5000,4750
"Tamil Nadu",Virudhunagar,"Sivakasi(Uzhavar Sandhai ) APMC",Mint(Pudina),Mint(Pudina),Local,28/03/2026,3500,4000,3750
"Tamil Nadu",Virudhunagar,"Sathur(Uzhavar Sandhai ) APMC",Banana,Besrai,Local,28/03/2026,3500,4000,3750
"Tamil Nadu",Virudhunagar,"Sathur(Uzhavar Sandhai ) APMC",Cauliflower,Ranchi,Local,28/03/2026,3500,4000,3750
"Tamil Nadu",Virudhunagar,"Sathur(Uzhavar Sandhai ) APMC",Coriander(Leaves),"I Sort",Local,28/03/2026,3500,4000,3750
"Tamil Nadu",Virudhunagar,"Sathur(Uzhavar Sandhai ) APMC",Tomato,Deshi,Local,28/03/2026,1600,2000,1800
"Tamil Nadu",Virudhunagar,"Sathur(Uzhavar Sandhai ) APMC",Carrot,Pusakesar,Local,28/03/2026,3500,4000,3750
"Tamil Nadu",Virudhunagar,"Sathur(Uzhavar Sandhai ) APMC",Beetroot,Beetroot,Local,28/03/2026,3000,3500,3250
"Tamil Nadu",Virudhunagar,"Sathur(Uzhavar Sandhai ) APMC",Lemon,Lemon,Local,28/03/2026,13000,14000,13500
"Tamil Nadu",Virudhunagar,"Kariyapatti(Uzhavar Sandhai ) APMC",Coriander(Leaves),"I Sort",Local,28/03/2026,3500,4000,3750
"Tamil Nadu",Virudhunagar,"Kariyapatti(Uzhavar Sandhai ) APMC","Bottle gourd","Bottle Gourd",Local,28/03/2026,1500,2000,1750
"Tamil Nadu",Virudhunagar,"Kariyapatti(Uzhavar Sandhai ) APMC",Beans,"Beans (Whole)",Local,28/03/2026,6500,7000,6750
"Tamil Nadu",Virudhunagar,"Kariyapatti(Uzhavar Sandhai ) APMC",Coconut,Coconut,Local,28/03/2026,5500,6000,5750
"Tamil Nadu",Virudhunagar,"Kariyapatti(Uzhavar Sandhai ) APMC",Beetroot,Beetroot,Local,28/03/2026,3000,3500,3250
"Tamil Nadu",Virudhunagar,"Kariyapatti(Uzhavar Sandhai ) APMC",Lemon,Lemon,Local,28/03/2026,13000,14000,13500
"Tamil Nadu",Virudhunagar,"Thalavaipuram(Uzhavar Sandhai ) APMC",Chikoos(Sapota),Sapota,Local,28/03/2026,3000,3600,3300
"Tamil Nadu",Virudhunagar,"Thalavaipuram(Uzhavar Sandhai ) APMC","Bhindi(Ladies Finger)",Bhindi,Local,28/03/2026,3200,4000,3600
"Tamil Nadu",Virudhunagar,"Thalavaipuram(Uzhavar Sandhai ) APMC","Banana - Green","Banana - Green",Local,28/03/2026,2800,3500,3150
"Tamil Nadu",Virudhunagar,"Thalavaipuram(Uzhavar Sandhai ) APMC","Chow Chow","Chow Chow",Local,28/03/2026,2500,3200,2850
"Tamil Nadu",Virudhunagar,"Thalavaipuram(Uzhavar Sandhai ) APMC",Yam(Ratalu),"Yam (Ratalu)",Local,28/03/2026,5500,7000,6250
"Tamil Nadu",Chengalpattu,"Jameenrayapettai(Uzhavar Sandhai ) APMC","Amla(Nelli Kai)",Amla,Local,28/03/2026,8000,9000,8500
"Tamil Nadu",Ranipet,"Ranipettai(Uzhavar Sandhai ) APMC",Groundnut,"Big (With Shell)",Local,28/03/2026,6000,7000,6500
"Tamil Nadu",Ranipet,"Ranipettai(Uzhavar Sandhai ) APMC",Garlic,Garlic,Local,28/03/2026,12000,14000,13000
"Tamil Nadu",Ranipet,"Ranipettai(Uzhavar Sandhai ) APMC",Cauliflower,Ranchi,Local,28/03/2026,3000,3000,3000
"Tamil Nadu",Ranipet,"Ranipettai(Uzhavar Sandhai ) APMC",Chikoos(Sapota),Sapota,Local,28/03/2026,4000,5000,4500
"Tamil Nadu",Ranipet,"Ranipettai(Uzhavar Sandhai ) APMC","Green Chilli","Green Chilly",Local,28/03/2026,3000,5000,4000
"Tamil Nadu",Ranipet,"Ranipettai(Uzhavar Sandhai ) APMC",Raddish,Raddish,Local,28/03/2026,2000,2500,2250
"Tamil Nadu",Ranipet,"Ranipettai(Uzhavar Sandhai ) APMC",Thondekai,Thondekai,Local,28/03/2026,4000,4000,4000
"Tamil Nadu",Ranipet,"Ranipettai(Uzhavar Sandhai ) APMC",Jasmine,Jasmine,Local,28/03/2026,54000,54000,54000
"Tamil Nadu",Ranipet,"Ranipettai(Uzhavar Sandhai ) APMC",Lemon,Lemon,Local,28/03/2026,10000,14000,12000
"Tamil Nadu",Ranipet,"Ranipettai(Uzhavar Sandhai ) APMC","Sweet Corn ","Sweet Corn ",Local,28/03/2026,3000,3000,3000
"Tamil Nadu",Ranipet,"Arcot(Uzhavar Sandhai ) APMC",Onion,Bellary,Local,28/03/2026,2000,2000,2000
"Tamil Nadu",Ranipet,"Arcot(Uzhavar Sandhai ) APMC",Cauliflower,Ranchi,Local,28/03/2026,3000,3000,3000
"Tamil Nadu",Ranipet,"Arcot(Uzhavar Sandhai ) APMC",Ashgourd,Gouard,Local,28/03/2026,2000,2000,2000
"Tamil Nadu",Ranipet,"Arcot(Uzhavar Sandhai ) APMC",Ginger(Green),"Green Ginger",Local,28/03/2026,7000,8000,7500
"Tamil Nadu",Ranipet,"Arcot(Uzhavar Sandhai ) APMC",Snakeguard,Snakeguard,Local,28/03/2026,3000,3000,3000
"Tamil Nadu",Ranipet,"Arcot(Uzhavar Sandhai ) APMC",Raddish,Raddish,Local,28/03/2026,2500,2500,2500
"Tamil Nadu",Ranipet,"Arcot(Uzhavar Sandhai ) APMC","Chow Chow","Chow Chow",Local,28/03/2026,2000,2000,2000
"Tamil Nadu",Ranipet,"Arcot(Uzhavar Sandhai ) APMC",Guava,"Guava Allahabad",Local,28/03/2026,6000,6000,6000
"Tamil Nadu",Ranipet,"Arcot(Uzhavar Sandhai ) APMC",Marigold(Calcutta),Marigold(Calcutta),Local,28/03/2026,15000,15000,15000
"Tamil Nadu",Ranipet,"Arcot(Uzhavar Sandhai ) APMC","Indian Beans(Seam)","Indian Beans (Seam)",Local,28/03/2026,4500,4500,4500
"Tamil Nadu",Ranipet,"Arcot(Uzhavar Sandhai ) APMC",Lemon,Lemon,Local,28/03/2026,15000,15000,15000
"Tamil Nadu",Thirupur,"Palladam(Uzhavar Sandhai ) APMC",Potato,Other,Local,28/03/2026,2500,3000,2750
"Tamil Nadu",Thirupur,"Palladam(Uzhavar Sandhai ) APMC",Brinjal,Other,Local,28/03/2026,2500,3000,2750
"Tamil Nadu",Thirupur,"Palladam(Uzhavar Sandhai ) APMC","Bhindi(Ladies Finger)",Bhindi,Local,28/03/2026,5000,5500,5250
"Tamil Nadu",Thirupur,"Palladam(Uzhavar Sandhai ) APMC",Cucumbar(Kheera),Cucumbar,Local,28/03/2026,3500,4000,3750
"Tamil Nadu",Thirupur,"Palladam(Uzhavar Sandhai ) APMC",Drumstick,Drumstick,Local,28/03/2026,2500,3000,2750
"Tamil Nadu",Thirupur,"Palladam(Uzhavar Sandhai ) APMC",Lemon,Lemon,Local,28/03/2026,13000,14000,13500
"Tamil Nadu",Thirupur,"Palladam(Uzhavar Sandhai ) APMC",Mint(Pudina),Mint(Pudina),Local,28/03/2026,2500,3000,2750
"Tamil Nadu",Thirupur,"Tiruppur (South) (Uzhavar Sandhai ) APMC",Potato,Other,Local,28/03/2026,2500,4000,3250
"Tamil Nadu",Thirupur,"Tiruppur (South) (Uzhavar Sandhai ) APMC",Garlic,Garlic,Local,28/03/2026,12000,14000,13000
"Tamil Nadu",Thirupur,"Tiruppur (South) (Uzhavar Sandhai ) APMC",Papaya,Papaya,Local,28/03/2026,2000,3000,2500
"Tamil Nadu",Thirupur,"Tiruppur (South) (Uzhavar Sandhai ) APMC","Bhindi(Ladies Finger)",Bhindi,Local,28/03/2026,5000,6000,5500
"Tamil Nadu",Thirupur,"Tiruppur (South) (Uzhavar Sandhai ) APMC",Cowpea(Veg),"Cowpea (Veg)",Local,28/03/2026,2500,3000,2750
"Tamil Nadu",Thirupur,"Tiruppur (South) (Uzhavar Sandhai ) APMC",Carrot,Pusakesar,Local,28/03/2026,3000,4000,3500
"Tamil Nadu",Thirupur,"Tiruppur (South) (Uzhavar Sandhai ) APMC",Snakeguard,Snakeguard,Local,28/03/2026,2000,2500,2250
"Tamil Nadu",Thirupur,"Tiruppur (South) (Uzhavar Sandhai ) APMC",Cucumbar(Kheera),Cucumbar,Local,28/03/2026,3000,4000,3500
"Tamil Nadu",Thirupur,"Tiruppur (South) (Uzhavar Sandhai ) APMC","Amla(Nelli Kai)",Amla,Local,28/03/2026,5000,6000,5500
"Tamil Nadu",Thirupur,"Tiruppur (South) (Uzhavar Sandhai ) APMC",Mint(Pudina),Mint(Pudina),Local,28/03/2026,1500,2000,1750
"Tamil Nadu",Thirupur,"Dharapuram(Uzhavar Sandhai ) APMC","Bottle gourd","Bottle Gourd",Local,28/03/2026,1000,1500,1250
"Tamil Nadu",Thirupur,"Dharapuram(Uzhavar Sandhai ) APMC",Beans,"Beans (Whole)",Local,28/03/2026,8000,9000,8500
"Tamil Nadu",Thirupur,"Dharapuram(Uzhavar Sandhai ) APMC",Ginger(Green),"Green Ginger",Local,28/03/2026,7000,8000,7500
"Tamil Nadu",Thirupur,"Dharapuram(Uzhavar Sandhai ) APMC",Cucumbar(Kheera),Cucumbar,Local,28/03/2026,4500,5000,4750
"Tamil Nadu",Thirupur,"Dharapuram(Uzhavar Sandhai ) APMC",Ridgeguard(Tori),Ridgeguard(Tori),Local,28/03/2026,5000,5500,5250
"Tamil Nadu",Thirupur,"Dharapuram(Uzhavar Sandhai ) APMC",Raddish,Raddish,Local,28/03/2026,2000,2500,2250
"Tamil Nadu",Thirupur,"Dharapuram(Uzhavar Sandhai ) APMC","Elephant Yam(Suran)/Amorphophallus","Elephant Yam (Suran)",Local,28/03/2026,3500,3800,3650
"Tamil Nadu",Thirupur,"Tiruppur (North) (Uzhavar Sandhai ) APMC",Banana,"Red Banana",Local,28/03/2026,5000,6000,5500
"Tamil Nadu",Thirupur,"Tiruppur (North) (Uzhavar Sandhai ) APMC",Cauliflower,Ranchi,Local,28/03/2026,2500,3000,2750
"Tamil Nadu",Thirupur,"Tiruppur (North) (Uzhavar Sandhai ) APMC",Brinjal,Other,Local,28/03/2026,2500,3000,2750
"Tamil Nadu",Thirupur,"Tiruppur (North) (Uzhavar Sandhai ) APMC",Pumpkin,Pumpkin,Local,28/03/2026,1800,2000,1900
"Tamil Nadu",Thirupur,"Tiruppur (North) (Uzhavar Sandhai ) APMC",Tapioca,Tapioca,Local,28/03/2026,2500,3000,2750
"Tamil Nadu",Thirupur,"Tiruppur (North) (Uzhavar Sandhai ) APMC",Beetroot,Beetroot,Local,28/03/2026,3500,4000,3750
"Tamil Nadu",Thirupur,"Tiruppur (North) (Uzhavar Sandhai ) APMC",Ridgeguard(Tori),Ridgeguard(Tori),Local,28/03/2026,4500,5000,4750
"Tamil Nadu",Thirupur,"Tiruppur (North) (Uzhavar Sandhai ) APMC","Chow Chow","Chow Chow",Local,28/03/2026,2000,2400,2200
"Tamil Nadu",Thirupur,"Tiruppur (North) (Uzhavar Sandhai ) APMC","Karbuja(Musk Melon)",Karbhuja,Local,28/03/2026,2500,3000,2750
"Tamil Nadu",Thirupur,"Tiruppur (North) (Uzhavar Sandhai ) APMC","Tender Coconut","Tender Coconut",Local,28/03/2026,3500,4000,3750
"Tamil Nadu",Thirupur,"Tiruppur (North) (Uzhavar Sandhai ) APMC",Lemon,Lemon,Local,28/03/2026,15000,16000,15500
"Tamil Nadu",Thirupur,"Tiruppur (North) (Uzhavar Sandhai ) APMC","Onion Green","Onion Green",Local,28/03/2026,2500,3000,2750
"Tamil Nadu",Thirupur,"Tiruppur (North) (Uzhavar Sandhai ) APMC",Mint(Pudina),Mint(Pudina),Local,28/03/2026,1800,2000,1900
"Tamil Nadu",Thirupur,"Kangayam(Uzhavar Sandhai ) APMC",Brinjal,Round,Local,28/03/2026,4500,5000,4750
"Tamil Nadu",Thirupur,"Kangayam(Uzhavar Sandhai ) APMC",Coriander(Leaves),"I Sort",Local,28/03/2026,3500,4000,3750
"Tamil Nadu",Thirupur,"Kangayam(Uzhavar Sandhai ) APMC","Cluster beans","Cluster Beans",Local,28/03/2026,3200,3800,3500
"Tamil Nadu",Thirupur,"Kangayam(Uzhavar Sandhai ) APMC",Amaranthus,Amaranthus,Local,28/03/2026,2000,2500,2250
"Tamil Nadu",Thirupur,"Kangayam(Uzhavar Sandhai ) APMC",Beetroot,Beetroot,Local,28/03/2026,2000,2400,2200
"Tamil Nadu",Thirupur,"Kangayam(Uzhavar Sandhai ) APMC","Tender Coconut","Tender Coconut",Local,28/03/2026,2500,3000,2750
"Tamil Nadu",Kallakuruchi,"Kallakurichi(Uzhavar Sandhai ) APMC",Banana,Karpura,Local,28/03/2026,4000,4000,4000
"Tamil Nadu",Kallakuruchi,"Kallakurichi(Uzhavar Sandhai ) APMC","Green Peas","Green Peas",Local,28/03/2026,5000,5000,5000
"Tamil Nadu",Kallakuruchi,"Kallakurichi(Uzhavar Sandhai ) APMC","Cluster beans","Cluster Beans",Local,28/03/2026,4000,4000,4000
"Tamil Nadu",Kallakuruchi,"Kallakurichi(Uzhavar Sandhai ) APMC","Bitter gourd","Bitter Gourd",Local,28/03/2026,5000,5000,5000
"Tamil Nadu",Kallakuruchi,"Kallakurichi(Uzhavar Sandhai ) APMC",Raddish,Raddish,Local,28/03/2026,3000,3000,3000
"Tamil Nadu",Kallakuruchi,"Kallakurichi(Uzhavar Sandhai ) APMC",Thondekai,Thondekai,Local,28/03/2026,5000,5000,5000
"Tamil Nadu",Kallakuruchi,"Kallakurichi(Uzhavar Sandhai ) APMC",Drumstick,Drumstick,Local,28/03/2026,4000,4000,4000
"Tamil Nadu",Kallakuruchi,"Kallakurichi(Uzhavar Sandhai ) APMC",Guava,"Guava Allahabad",Local,28/03/2026,5000,5000,5000
"Tamil Nadu",Kallakuruchi,"Kallakurichi(Uzhavar Sandhai ) APMC",Marigold(Calcutta),Marigold(Calcutta),Local,28/03/2026,30000,30000,30000
"Tamil Nadu",Kallakuruchi,"Kallakurichi(Uzhavar Sandhai ) APMC","Amla(Nelli Kai)",Amla,Local,28/03/2026,8000,8000,8000
"Tamil Nadu",Kallakuruchi,"Kallakurichi(Uzhavar Sandhai ) APMC",Rose(Local),"Rose (Local)",Local,28/03/2026,30000,30000,30000
"Tamil Nadu",Kallakuruchi,"Kallakurichi(Uzhavar Sandhai ) APMC","Baby Corn","Baby Corn","Grade A",28/03/2026,3000,3000,3000
"Tamil Nadu",Kallakuruchi,"Sankarapuram(Uzhavar Sandhai ) APMC",Groundnut,"Big (With Shell)",Local,28/03/2026,8000,8000,8000
"Tamil Nadu",Kallakuruchi,"Sankarapuram(Uzhavar Sandhai ) APMC",Tapioca,Tapioca,Local,28/03/2026,3000,3000,3000
"Tamil Nadu",Kallakuruchi,"Sankarapuram(Uzhavar Sandhai ) APMC",Cucumbar(Kheera),Cucumbar,Local,28/03/2026,6000,6000,6000
"Tamil Nadu",Kallakuruchi,"Sankarapuram(Uzhavar Sandhai ) APMC",Ridgeguard(Tori),Ridgeguard(Tori),Local,28/03/2026,4000,4000,4000
"Tamil Nadu",Kallakuruchi,"Sankarapuram(Uzhavar Sandhai ) APMC","Elephant Yam(Suran)/Amorphophallus","Elephant Yam (Suran)",Local,28/03/2026,4000,4000,4000
"Tamil Nadu",Kallakuruchi,"Sankarapuram(Uzhavar Sandhai ) APMC",Lemon,Lemon,Local,28/03/2026,9000,9000,9000
"Tamil Nadu",Kallakuruchi,"Sankarapuram(Uzhavar Sandhai ) APMC","Onion Green","Onion Green",Local,28/03/2026,2500,2500,2500
"Tamil Nadu",Kallakuruchi,"Sankarapuram(Uzhavar Sandhai ) APMC",Mint(Pudina),Mint(Pudina),Local,28/03/2026,3000,3000,3000
"Tamil Nadu",Tuticorin,"Tuticorin(Uzhavar Sandhai ) APMC",Garlic,Garlic,Local,28/03/2026,21000,22000,21500
"Tamil Nadu",Tuticorin,"Tuticorin(Uzhavar Sandhai ) APMC",Cauliflower,Ranchi,Local,28/03/2026,3500,4000,3750
"Tamil Nadu",Tuticorin,"Tuticorin(Uzhavar Sandhai ) APMC",Coriander(Leaves),"I Sort",Local,28/03/2026,4500,5000,4750
"Tamil Nadu",Tuticorin,"Tuticorin(Uzhavar Sandhai ) APMC","Bitter gourd",Other,Local,28/03/2026,4500,5000,4750
"Tamil Nadu",Tuticorin,"Tuticorin(Uzhavar Sandhai ) APMC",Coconut,Coconut,Local,28/03/2026,6000,7000,6500
"Tamil Nadu",Tuticorin,"Tuticorin(Uzhavar Sandhai ) APMC",Ridgeguard(Tori),Ridgeguard(Tori),Local,28/03/2026,4500,5000,4750
"Tamil Nadu",Tuticorin,"Tuticorin(Uzhavar Sandhai ) APMC","Green Avare(W)",Other,Local,28/03/2026,5000,6000,5500
"Tamil Nadu",Tuticorin,"Tuticorin(Uzhavar Sandhai ) APMC",Colacasia,Colacasia,Local,28/03/2026,4500,5000,4750
"Tamil Nadu","Nagercoil (Kannyiakumari)","Vadaseri APMC",Potato,"Red Nanital",Local,28/03/2026,3000,3500,3250
"Tamil Nadu","Nagercoil (Kannyiakumari)","Vadaseri APMC",Brinjal,Round,Local,28/03/2026,4000,4500,4250
"Tamil Nadu","Nagercoil (Kannyiakumari)","Vadaseri APMC","Green Avare(W)","Green Avare (W)",Local,28/03/2026,4000,4500,4250
"Tamil Nadu","Nagercoil (Kannyiakumari)","Vadaseri APMC",Jasmine,Jasmine,Local,28/03/2026,55000,60000,57500
"Tamil Nadu",Pudukkottai,"Karambakkudi(Uzhavar Sandhai ) APMC",Amaranthus,Amaranthus,Local,28/03/2026,1500,2000,1750
"Tamil Nadu",Pudukkottai,"Karambakkudi(Uzhavar Sandhai ) APMC","Banana - Green","Banana - Green",Local,28/03/2026,2500,3000,2750
"Tamil Nadu",Salem,"Ammapet(Uzhavar Sandhai ) APMC",Apple,American,Local,28/03/2026,20000,22000,21000
"Tamil Nadu",Salem,"Ammapet(Uzhavar Sandhai ) APMC",Banana,Karpura,Local,28/03/2026,3500,4000,3750
"Tamil Nadu",Salem,"Ammapet(Uzhavar Sandhai ) APMC",Onion,Bellary,Local,28/03/2026,2500,3000,2750
"Tamil Nadu",Salem,"Ammapet(Uzhavar Sandhai ) APMC",Cauliflower,Ranchi,Local,28/03/2026,2500,3000,2750
"Tamil Nadu",Salem,"Ammapet(Uzhavar Sandhai ) APMC","Banana - Green","Banana - Green",Local,28/03/2026,2500,2800,2650
"Tamil Nadu",Salem,"Ammapet(Uzhavar Sandhai ) APMC",Thondekai,Thondekai,Local,28/03/2026,4000,4500,4250
"Tamil Nadu",Salem,"Ammapet(Uzhavar Sandhai ) APMC","Chow Chow","Chow Chow",Local,28/03/2026,2500,3000,2750
"Tamil Nadu",Salem,"Ammapet(Uzhavar Sandhai ) APMC","Karbuja(Musk Melon)",Karbhuja,Local,28/03/2026,2500,3000,2750
"Tamil Nadu",Salem,"Ammapet(Uzhavar Sandhai ) APMC",Marigold(Calcutta),Marigold(Calcutta),Local,28/03/2026,13000,14000,13500
"Tamil Nadu",Salem,"Ammapet(Uzhavar Sandhai ) APMC","Elephant Yam(Suran)/Amorphophallus","Elephant Yam (Suran)",Local,28/03/2026,3000,3500,3250
"Tamil Nadu",Salem,"Ammapet(Uzhavar Sandhai ) APMC",Mashrooms,Mashrooms,Local,28/03/2026,21000,22000,21500
"Tamil Nadu",Salem,"Ammapet(Uzhavar Sandhai ) APMC","Amla(Nelli Kai)",Amla,Local,28/03/2026,6000,6500,6250
"Tamil Nadu",Salem,"Ammapet(Uzhavar Sandhai ) APMC","Baby Corn","Baby Corn","Grade A",28/03/2026,2200,2500,2350
"Tamil Nadu",Salem,"Athur(Uzhavar Sandhai ) APMC",Garlic,Garlic,Local,28/03/2026,16000,17000,16500
"Tamil Nadu",Salem,"Athur(Uzhavar Sandhai ) APMC",Cauliflower,Ranchi,Local,28/03/2026,2000,2500,2250
"Tamil Nadu",Salem,"Athur(Uzhavar Sandhai ) APMC","Bitter gourd","Bitter Gourd",Local,28/03/2026,3500,4000,3750
"Tamil Nadu",Salem,"Athur(Uzhavar Sandhai ) APMC","Bottle gourd","Bottle Gourd",Local,28/03/2026,1000,1200,1100
"Tamil Nadu",Salem,"Athur(Uzhavar Sandhai ) APMC",Ginger(Green),"Green Ginger",Local,28/03/2026,7000,8000,7500
"Tamil Nadu",Salem,"Athur(Uzhavar Sandhai ) APMC",Beetroot,Beetroot,Local,28/03/2026,3000,4000,3500
"Tamil Nadu",Salem,"Athur(Uzhavar Sandhai ) APMC",Guava,"Guava Allahabad",Local,28/03/2026,5500,6000,5750
"Tamil Nadu",Theni,"Periyakulam(Uzhavar Sandhai ) APMC",Potato,Other,Local,28/03/2026,2300,2500,2400
"Tamil Nadu",Theni,"Periyakulam(Uzhavar Sandhai ) APMC","Bitter gourd",Other,Local,28/03/2026,2200,2400,2300
"Tamil Nadu",Theni,"Periyakulam(Uzhavar Sandhai ) APMC",Amaranthus,Amaranthus,Local,28/03/2026,2000,2500,2250
"Tamil Nadu",Theni,"Periyakulam(Uzhavar Sandhai ) APMC","Green Chilli","Green Chilly",Local,28/03/2026,3000,3500,3250
"Tamil Nadu",Theni,"Periyakulam(Uzhavar Sandhai ) APMC",Snakeguard,Snakeguard,Local,28/03/2026,1800,2000,1900
"Tamil Nadu",Theni,"Periyakulam(Uzhavar Sandhai ) APMC",Beetroot,Beetroot,Local,28/03/2026,2800,3000,2900
"Tamil Nadu",Theni,"Periyakulam(Uzhavar Sandhai ) APMC",Thondekai,Thondekai,Local,28/03/2026,1600,1600,1600
"Tamil Nadu",Vellore,"Thirupathur APMC",Banana,Besrai,Local,28/03/2026,4000,4000,4000
"Tamil Nadu",Vellore,"Thirupathur APMC",Onion,Bellary,Local,28/03/2026,2400,2400,2400
"Tamil Nadu",Vellore,"Thirupathur APMC",Chikoos(Sapota),Sapota,Local,28/03/2026,4000,4000,4000
"Tamil Nadu",Vellore,"Thirupathur APMC","Cluster beans","Cluster Beans",Local,28/03/2026,4000,4000,4000
"Tamil Nadu",Vellore,"Thirupathur APMC",Pumpkin,Pumpkin,Local,28/03/2026,1500,1500,1500
"Tamil Nadu",Vellore,"Thirupathur APMC",Cowpea(Veg),"Cowpea (Veg)",Local,28/03/2026,6000,6000,6000
"Tamil Nadu",Vellore,"Thirupathur APMC","Banana - Green","Banana - Green",Local,28/03/2026,2500,2500,2500
"Tamil Nadu",Vellore,"Thirupathur APMC",Tapioca,Tapioca,Local,28/03/2026,3000,3000,3000
"Tamil Nadu",Vellore,"Thirupathur APMC",Ginger(Green),"Green Ginger",Local,28/03/2026,8000,8000,8000
"Tamil Nadu",Vellore,"Thirupathur APMC",Capsicum,Capsicum,Local,28/03/2026,5000,5000,5000
"Tamil Nadu",Vellore,"Thirupathur APMC",Drumstick,Drumstick,Local,28/03/2026,3000,3000,3000
"Tamil Nadu",Vellore,"Thirupathur APMC",Mango(Raw-Ripe),"Mango - Raw-Ripe",Local,28/03/2026,3000,3000,3000
"Tamil Nadu",Vellore,"Thirupathur APMC","Tender Coconut","Tender Coconut",Local,28/03/2026,3000,3000,3000
"Tamil Nadu",Dharmapuri,"Harur(Uzhavar Sandhai ) APMC",Brinjal,Other,Local,28/03/2026,1500,2000,1750
"Tamil Nadu",Dharmapuri,"Harur(Uzhavar Sandhai ) APMC",Chikoos(Sapota),Sapota,Local,28/03/2026,3500,4000,3750
"Tamil Nadu",Dharmapuri,"Harur(Uzhavar Sandhai ) APMC","Bottle gourd","Bottle Gourd",Local,28/03/2026,1200,1400,1300
"Tamil Nadu",Dharmapuri,"Harur(Uzhavar Sandhai ) APMC",Pumpkin,Pumpkin,Local,28/03/2026,1200,1400,1300
"Tamil Nadu",Dharmapuri,"Harur(Uzhavar Sandhai ) APMC","Banana - Green","Banana - Green",Local,28/03/2026,2000,2500,2250
"Tamil Nadu",Dharmapuri,"Harur(Uzhavar Sandhai ) APMC","Sweet Potato","Hosur Red",Local,28/03/2026,2500,3000,2750
"Tamil Nadu",Dharmapuri,"Harur(Uzhavar Sandhai ) APMC",Drumstick,Drumstick,Local,28/03/2026,2500,3000,2750
"Tamil Nadu","The Nilgiris","Coonoor(Uzhavar Sandhai ) APMC","Green Peas","Green Peas",Local,28/03/2026,7000,7500,7250
"Tamil Nadu","The Nilgiris","Coonoor(Uzhavar Sandhai ) APMC","Bitter gourd",Other,Local,28/03/2026,3600,4000,3800
"Tamil Nadu","The Nilgiris","Coonoor(Uzhavar Sandhai ) APMC","Bottle gourd","Bottle Gourd",Local,28/03/2026,1600,2000,1800
"Tamil Nadu","The Nilgiris","Coonoor(Uzhavar Sandhai ) APMC",Ashgourd,Gouard,Local,28/03/2026,1800,2000,1900
"Tamil Nadu","The Nilgiris","Coonoor(Uzhavar Sandhai ) APMC",Pumpkin,Pumpkin,Local,28/03/2026,2000,2400,2200
"Tamil Nadu","The Nilgiris","Coonoor(Uzhavar Sandhai ) APMC","Green Chilli","Green Chilly",Local,28/03/2026,3800,4200,4000
"Tamil Nadu","The Nilgiris","Coonoor(Uzhavar Sandhai ) APMC",Beans,"Beans (Whole)",Local,28/03/2026,6500,7000,6750
"Tamil Nadu","The Nilgiris","Coonoor(Uzhavar Sandhai ) APMC",Tapioca,Tapioca,Local,28/03/2026,3200,3500,3350
"Tamil Nadu","The Nilgiris","Coonoor(Uzhavar Sandhai ) APMC",Cabbage,Cabbage,Local,28/03/2026,1500,1800,1650
"Tamil Nadu","The Nilgiris","Coonoor(Uzhavar Sandhai ) APMC",Drumstick,Drumstick,Local,28/03/2026,2800,3200,3000
"Tamil Nadu","The Nilgiris","Coonoor(Uzhavar Sandhai ) APMC","Knool Khol","Knool Khol",Local,28/03/2026,2800,3000,2900
"Tamil Nadu","The Nilgiris","Coonoor(Uzhavar Sandhai ) APMC",Lime,Lime,Local,28/03/2026,11000,12000,11500
"Tamil Nadu","The Nilgiris","Coonoor(Uzhavar Sandhai ) APMC",Mint(Pudina),Mint(Pudina),Local,28/03/2026,4500,5000,4750
"Tamil Nadu","The Nilgiris","Gudalur(Uzhavar Sandhai ) APMC",Banana,Besrai,Local,28/03/2026,4000,5000,4500
"Tamil Nadu","The Nilgiris","Gudalur(Uzhavar Sandhai ) APMC",Potato,"Red Nanital",Local,28/03/2026,3500,4000,3750
"Tamil Nadu","The Nilgiris","Gudalur(Uzhavar Sandhai ) APMC","Bottle gourd","Bottle Gourd",Local,28/03/2026,1500,1800,1650
"Tamil Nadu","The Nilgiris","Gudalur(Uzhavar Sandhai ) APMC","Bhindi(Ladies Finger)",Bhindi,Local,28/03/2026,6000,6500,6250
"Tamil Nadu","The Nilgiris","Gudalur(Uzhavar Sandhai ) APMC",Cowpea(Veg),"Cowpea (Veg)",Local,28/03/2026,3500,4000,3750
"Tamil Nadu","The Nilgiris","Gudalur(Uzhavar Sandhai ) APMC",Carrot,Pusakesar,Local,28/03/2026,2500,3000,2750
"Tamil Nadu","The Nilgiris","Gudalur(Uzhavar Sandhai ) APMC",Beetroot,Beetroot,Local,28/03/2026,2500,3000,2750
"Tamil Nadu","The Nilgiris","Gudalur(Uzhavar Sandhai ) APMC",Capsicum,Capsicum,Local,28/03/2026,6000,7000,6500
"Tamil Nadu",Theni,"Andipatti(Uzhavar Sandhai ) APMC",Soyabean,Local,Local,28/03/2026,9000,10000,9500
"Tamil Nadu",Theni,"Andipatti(Uzhavar Sandhai ) APMC","Green Peas","Green Peas",Local,28/03/2026,6800,7000,6900
"Tamil Nadu",Theni,"Andipatti(Uzhavar Sandhai ) APMC",Ashgourd,Gouard,Local,28/03/2026,1200,1200,1200
"Tamil Nadu",Theni,"Andipatti(Uzhavar Sandhai ) APMC",Beans,"Beans (Whole)",Local,28/03/2026,5600,5800,5700
"Tamil Nadu",Theni,"Andipatti(Uzhavar Sandhai ) APMC",Snakeguard,Snakeguard,Local,28/03/2026,1800,2000,1900
"Tamil Nadu",Theni,"Andipatti(Uzhavar Sandhai ) APMC",Raddish,Raddish,Local,28/03/2026,1600,1800,1700
"Tamil Nadu",Theni,"Andipatti(Uzhavar Sandhai ) APMC",Drumstick,Drumstick,Local,28/03/2026,2500,3500,3000
"Tamil Nadu",Theni,"Andipatti(Uzhavar Sandhai ) APMC","Knool Khol","Knool Khol",Local,28/03/2026,3000,3200,3100
"Tamil Nadu",Theni,"Andipatti(Uzhavar Sandhai ) APMC","Elephant Yam(Suran)/Amorphophallus","Elephant Yam (Suran)",Local,28/03/2026,2600,2800,2700
"Tamil Nadu",Virudhunagar,"Srivilliputhur(Uzhavar Sandhai ) APMC",Potato,"Red Nanital",Local,28/03/2026,2500,3000,2750
"Tamil Nadu",Virudhunagar,"Srivilliputhur(Uzhavar Sandhai ) APMC",Papaya,Papaya,Local,28/03/2026,2500,3000,2750
"Tamil Nadu",Virudhunagar,"Srivilliputhur(Uzhavar Sandhai ) APMC","Bhindi(Ladies Finger)",Bhindi,Local,28/03/2026,3500,4000,3750
"Tamil Nadu",Virudhunagar,"Srivilliputhur(Uzhavar Sandhai ) APMC",Cabbage,Cabbage,Local,28/03/2026,2500,3000,2750
"Tamil Nadu",Virudhunagar,"Srivilliputhur(Uzhavar Sandhai ) APMC",Raddish,Raddish,Local,28/03/2026,2500,3000,2750
"Tamil Nadu",Virudhunagar,"Srivilliputhur(Uzhavar Sandhai ) APMC",Drumstick,Drumstick,Local,28/03/2026,3500,4000,3750
"Tamil Nadu",Virudhunagar,"Srivilliputhur(Uzhavar Sandhai ) APMC",Guava,"Guava Allahabad",Local,28/03/2026,4500,5000,4750
"Tamil Nadu",Virudhunagar,"Srivilliputhur(Uzhavar Sandhai ) APMC","Tender Coconut","Tender Coconut",Local,28/03/2026,2500,3000,2750
"Tamil Nadu",Virudhunagar,"Srivilliputhur(Uzhavar Sandhai ) APMC","Onion Green","Onion Green",Local,28/03/2026,3000,3500,3250
Haryana,Karnal,"Tarori APMC",Onion,Nasik,"Grade A",28/03/2026,3000,4000,3500
Haryana,Kurukshetra,"Ladwa APMC",Banana,Medium,Medium,28/03/2026,4000,4500,4500
Haryana,Kurukshetra,"Ladwa APMC",Chikoos(Sapota),Sapota,Medium,28/03/2026,6000,7500,7500
Haryana,Kurukshetra,"Ladwa APMC","Bottle gourd","Bottle Gourd",Medium,28/03/2026,3500,3800,3800
Haryana,Kurukshetra,"Ladwa APMC","Bhindi(Ladies Finger)",Bhindi,Medium,28/03/2026,7000,8000,8000
Kerala,Kozhikode(Calicut),"Vengeri(Kozhikode) APMC",Drumstick,Drumstick,FAQ,28/03/2026,2500,2800,2800
Kerala,Kozhikode(Calicut),"Vengeri(Kozhikode) APMC",Ginger(Green),"Green Ginger",FAQ,28/03/2026,6000,6300,6300
Kerala,Kozhikode(Calicut),"Vengeri(Kozhikode) APMC",Cucumbar(Kheera),Cucumbar,FAQ,28/03/2026,1500,1800,1800
Kerala,Ernakulam,"Ernakulam APMC",Ashgourd,Ashgourd,FAQ,28/03/2026,1800,2500,2200
Kerala,Ernakulam,"Ernakulam APMC",Cucumbar(Kheera),Cucumbar,FAQ,28/03/2026,2200,2900,2500
Kerala,Ernakulam,"Aluva APMC",Amaranthus,Amaranthus,FAQ,28/03/2026,4000,6000,5000
Odisha,Bargarh,"Bargarh APMC","Bhindi(Ladies Finger)",Bhindi,Local,28/03/2026,3500,4100,3800
Odisha,Bargarh,"Bargarh APMC",Onion,Onion,"Grade C",28/03/2026,1500,2000,1800
Gujarat,Ahmedabad,"Viramgam APMC","Bengal Gram(Gram)(Whole)","Desi (Whole)",Local,28/03/2026,5055,5180,5120
Gujarat,Ahmedabad,"Viramgam APMC","Castor Seed","Castor seed",Local,28/03/2026,6295,6450,6370
"Himachal Pradesh",Chamba,"PMY Chamba",Potato,Potato,Medium,28/03/2026,1000,1200,1100
"Himachal Pradesh",Chamba,"PMY Chamba",Coriander(Leaves),Other,Medium,28/03/2026,4000,4500,4500
"Himachal Pradesh",Chamba,"PMY Chamba",Tomato,Tomato,Medium,28/03/2026,2300,2500,2400
"Himachal Pradesh",Hamirpur,"PMY Hamirpur",Spinach,Spinach,"Grade B",28/03/2026,3000,3500,3250
"Himachal Pradesh",Hamirpur,"PMY Hamirpur",Capsicum,Capsicum,"Grade B",28/03/2026,4500,5000,4750
"Himachal Pradesh",Hamirpur,"PMY Hamirpur",Coriander(Leaves),Other,"Grade B",28/03/2026,6000,7000,6500
"Himachal Pradesh",Hamirpur,"PMY Hamirpur",Cauliflower,Cauliflower,"Grade B",28/03/2026,3500,4000,3750
"Himachal Pradesh",Hamirpur,"PMY Hamirpur",Tomato,Tomato,"Grade B",28/03/2026,2500,3000,2750
"Himachal Pradesh",Hamirpur,"PMY Hamirpur",Lemon,Lemon,"Grade B",28/03/2026,15000,16000,15500
"Himachal Pradesh",Hamirpur,"PMY Hamirpur",Ginger(Green),Other,"Grade B",28/03/2026,8000,8500,8250
"Himachal Pradesh",Hamirpur,"PMY Hamirpur",Apple,Apple,"Grade B",28/03/2026,15000,16000,15500
"Himachal Pradesh",Hamirpur,"PMY Hamirpur","Squash(Chappal Kadoo)",Other,"Grade B",28/03/2026,3000,3500,3250
"Himachal Pradesh",Hamirpur,"PMY Hamirpur",Grapes,Other,"Grade B",28/03/2026,10000,18000,14000
"Himachal Pradesh",Hamirpur,"PMY Hamirpur","Mousambi(Sweet Lime)",Mousambi,"Grade B",28/03/2026,5000,6000,5500
"Himachal Pradesh",Kangra,"SMY Palampur",Mango,Other,Medium,28/03/2026,15000,20000,17500
"Himachal Pradesh",Kangra,"SMY Palampur",Cucumbar(Kheera),Cucumbar,FAQ,28/03/2026,1800,2500,2200
"Himachal Pradesh",Kangra,"SMY Palampur","Peas Wet","Peas Wet",FAQ,28/03/2026,4500,5000,4800
"Himachal Pradesh",Kangra,"SMY Palampur","Green Chilli","Green Chilly",FAQ,28/03/2026,6000,7000,6500
"Himachal Pradesh",Kangra,"SMY Palampur","Bhindi(Ladies Finger)",Bhindi,FAQ,28/03/2026,6500,7000,6800
"Himachal Pradesh",Kangra,"SMY Palampur",Mashrooms,Mashrooms,FAQ,28/03/2026,15000,15500,15200
Rajasthan,Jalore,"Jalore APMC","Bhindi(Ladies Finger)",Bhindi,Local,28/03/2026,1500,2000,1800
Rajasthan,Jalore,"Jalore APMC",Capsicum,Other,Local,28/03/2026,2500,3000,2800
Uttarakhand,Haridwar,"Manglaur APMC",Cabbage,Other,Large,28/03/2026,400,500,450
Haryana,Gurgaon,"Sohna APMC",Cucumbar(Kheera),Cucumbar,Local,28/03/2026,1000,1800,1500
Haryana,Gurgaon,"Sohna APMC",Pumpkin,Pumpkin,Local,28/03/2026,1500,2000,2000
Haryana,Gurgaon,"Sohna APMC","Bottle gourd","Bottle Gourd",Local,28/03/2026,1300,1900,1500
Haryana,Gurgaon,"Sohna APMC",Spinach,Spinach,Local,28/03/2026,1000,1000,1000
Telangana,"Ranga Reddy","Kukatpally,RBZ APMC","Cluster beans","Cluster Beans",FAQ,28/03/2026,2000,2500,2300
Punjab,Fatehgarh,"Khamano APMC",Cucumbar(Kheera),Cucumbar,FAQ,28/03/2026,4500,4500,4500
Punjab,Fatehgarh,"Khamano APMC",Coriander(Leaves),Coriander,FAQ,28/03/2026,3000,3000,3000
Punjab,Amritsar,"Rayya APMC","Bhindi(Ladies Finger)",Bhindi,FAQ,28/03/2026,950,950,950
Punjab,Amritsar,"Rayya APMC",Potato,Potato,FAQ,28/03/2026,515,515,515
Punjab,Amritsar,"Rayya APMC",Brinjal,Round,FAQ,28/03/2026,1560,1560,1560
Punjab,Amritsar,"Rayya APMC","Peas Wet",Other,FAQ,28/03/2026,1750,1750,1750
Punjab,Amritsar,"Rayya APMC",Tomato,Other,FAQ,28/03/2026,935,935,935
"Uttar Pradesh",Mau(Maunathbhanjan),"Kopaganj APMC",Brinjal,Brinjal,FAQ,28/03/2026,1800,1800,1800
Nagaland,Dimapur,"Dimapur APMC",Brinjal,Brinjal,Local,28/03/2026,2500,3500,3000
Uttarakhand,Udhamsinghnagar,"Sitarganj APMC","Bottle gourd","Bottle Gourd",Local,28/03/2026,500,1200,800
Uttarakhand,Udhamsinghnagar,"Sitarganj APMC",Cucumbar(Kheera),Cucumbar,Local,28/03/2026,1200,2000,1500
Kerala,Thiruvananthapuram,"Vamanapuram APMC",Cabbage,Cabbage,FAQ,28/03/2026,2500,3000,2500
Kerala,Thiruvananthapuram,"Vamanapuram APMC",Snakeguard,Other,Local,28/03/2026,3500,4000,3500
Kerala,Thiruvananthapuram,"Vamanapuram APMC",Carrot,Other,FAQ,28/03/2026,4500,5000,4500
Kerala,Thiruvananthapuram,"Vamanapuram APMC","Bitter gourd",Other,Local,28/03/2026,4500,5000,4500
Gujarat,"Gir Somnath","Veraval APMC","Methi Seeds",Other,FAQ,28/03/2026,4875,6305,5640
Gujarat,"Gir Somnath","Veraval APMC","Bengal Gram(Gram)(Whole)",Other,FAQ,28/03/2026,5000,5235,5155
Haryana,Mewat,"FerozpurZirkha(Nagina) APMC","Bottle gourd",Other,Local,28/03/2026,1000,1400,1200
Haryana,Mewat,"FerozpurZirkha(Nagina) APMC",Tomato,Other,Local,28/03/2026,800,1000,900
Kerala,Kollam,"Chathanoor APMC",Banana,Poovan,Medium,28/03/2026,6800,7200,7000
Kerala,Kollam,"Chathanoor APMC",Onion,Other,FAQ,28/03/2026,3300,3700,3500
Kerala,Kollam,"Chathanoor APMC",Banana,"Banana - Ripe",Medium,28/03/2026,7300,7700,7500
Kerala,Kollam,"Chathanoor APMC",Potato,Other,FAQ,28/03/2026,2800,3200,3000
Kerala,Kollam,"Chathanoor APMC",Pumpkin,Other,FAQ,28/03/2026,2800,3200,3000
Kerala,Kollam,"Chathanoor APMC",Cowpea(Veg),Other,FAQ,28/03/2026,7800,8200,8000
Kerala,Kollam,"Chathanoor APMC",Beetroot,Other,FAQ,28/03/2026,7800,8200,8000
Kerala,Alappuzha,"Mannar APMC",Brinjal,Other,FAQ,28/03/2026,3000,3200,3100
Kerala,Ernakulam,"Perumbavoor APMC","Bhindi(Ladies Finger)",Bhindi,Medium,28/03/2026,2000,3400,2700
Kerala,Ernakulam,"Perumbavoor APMC",Cucumbar(Kheera),Cucumbar,Medium,28/03/2026,1500,2500,2000
Kerala,Ernakulam,"Perumbavoor APMC",Lemon,Lemon,Medium,28/03/2026,4000,5000,4500
Kerala,Ernakulam,"Perumbavoor APMC",Banana,Poovan,Medium,28/03/2026,4000,5000,4500
Kerala,Ernakulam,"Perumbavoor APMC",Pineapple,"Pine Apple",Medium,28/03/2026,3000,4000,3500
Kerala,Palakad,"Vadakkenchery APMC",Banana,Palayamthodan,Local,28/03/2026,3000,4000,3500
Kerala,Palakad,"Vadakkenchery APMC",Banana,"Nendra Bale",Local,28/03/2026,2500,3500,3000
Kerala,Palakad,"Vadakkenchery APMC",Beetroot,Beetroot,FAQ,28/03/2026,4000,6000,5000
Kerala,Palakad,"Vadakkenchery APMC","Bottle gourd","Bottle Gourd",FAQ,28/03/2026,2000,3000,2500
Kerala,Palakad,"Vadakkenchery APMC",Brinjal,Brinjal,FAQ,28/03/2026,3000,4000,3500
Kerala,Kozhikode(Calicut),"Perambra APMC","Banana - Green","Banana - Green",FAQ,28/03/2026,1800,2000,1900
Kerala,Kozhikode(Calicut),"Perambra APMC","Bhindi(Ladies Finger)",Other,FAQ,28/03/2026,5000,6000,5500
Kerala,Kozhikode(Calicut),"Perambra APMC","Elephant Yam(Suran)/Amorphophallus",Amorphophallus,FAQ,28/03/2026,2800,3500,3000
"Himachal Pradesh",Kangra,"SMY Jwalaji",Cucumbar(Kheera),Cucumbar,FAQ,28/03/2026,1500,1600,1550
"Himachal Pradesh",Kangra,"SMY Jwalaji","Green Chilli","Green Chilly",FAQ,28/03/2026,8000,10000,9000
"Himachal Pradesh",Kangra,"SMY Jwalaji","Bitter gourd","Bitter Gourd",FAQ,28/03/2026,7000,7200,7120
"Himachal Pradesh",Kangra,"SMY Jwalaji","Mousambi(Sweet Lime)",Mousambi,Medium,28/03/2026,5000,5300,5200
"Himachal Pradesh",Kangra,"SMY Jwalaji",Banana,Other,Medium,28/03/2026,4000,4500,4500
Uttarakhand,Haridwar,"Bhagwanpur(Naveen Mandi Sthal) APMC",Apple,Apple,"Grade B",28/03/2026,7000,8000,7500
Uttarakhand,Haridwar,"Bhagwanpur(Naveen Mandi Sthal) APMC","Water Melon",Other,"Grade B",28/03/2026,1100,1200,1150
Uttarakhand,Haridwar,"Bhagwanpur(Naveen Mandi Sthal) APMC",Papaya,Other,"Grade B",28/03/2026,1400,2500,2200
"Himachal Pradesh",Kangra,"SMY Dharamshala",Brinjal,Brinjal,FAQ,28/03/2026,2800,3200,3000
"Himachal Pradesh",Kangra,"SMY Dharamshala",Cabbage,Cabbage,FAQ,28/03/2026,1000,1200,1100
"Himachal Pradesh",Kangra,"SMY Dharamshala",Guava,Guava,Medium,28/03/2026,8200,8800,8500
"Himachal Pradesh",Kangra,"SMY Dharamshala",Pineapple,"Pine Apple",Medium,28/03/2026,5000,9000,7000
"Himachal Pradesh",Kangra,"SMY Dharamshala",Capsicum,Capsicum,FAQ,28/03/2026,5000,5500,5250
"Himachal Pradesh",Kangra,"SMY Dharamshala",Ginger(Green),"Green Ginger",FAQ,28/03/2026,8000,8500,8250
"Himachal Pradesh",Kangra,"SMY Dharamshala",Potato,Potato,FAQ,28/03/2026,900,1400,1150
"Himachal Pradesh",Kangra,"SMY Dharamshala",Raddish,Raddish,FAQ,28/03/2026,1800,2000,1900
"Himachal Pradesh",Solan,"SMY Wakhnaghat","Pea Pod/Pea Cod/हरी मटर",Other,Medium,28/03/2026,2500,3500,3500
"Himachal Pradesh",Una,"SMY Takarla",Pumpkin,Pumpkin,FAQ,28/03/2026,2000,3000,2500
"Himachal Pradesh",Una,"SMY Takarla","Bottle gourd","Bottle Gourd",FAQ,28/03/2026,2500,4000,3300
Uttarakhand,Udhamsinghnagar,"Nanakmatta APMC",Paddy(Common),Common,Local,28/03/2026,1700,2000,1800
Gujarat,Surat,"KUKARMUNDA APMC","Castor Seed","Castor seed",Local,28/03/2026,6172,6268,6200
"Uttar Pradesh",Mirzapur,"Ahirora APMC",Brinjal,Brinjal,Medium,28/03/2026,1000,1200,1100
"Uttar Pradesh",Mirzapur,"Ahirora APMC","Pea Pod/Pea Cod/हरी मटर","Peas cod",Medium,28/03/2026,1000,1200,1100
"Madhya Pradesh",Indore,"Indore(F&V) APMC",Mango,Other,Local,28/03/2026,6000,15000,9000
"Madhya Pradesh",Indore,"Indore(F&V) APMC",Tomato,Other,Local,28/03/2026,800,1600,1200
"Madhya Pradesh",Indore,"Indore(F&V) APMC","Karbuja(Musk Melon)",Karbhuja,Local,28/03/2026,500,1500,1000
"Madhya Pradesh",Indore,"Indore(F&V) APMC","Green Chilli","Green Chilly",Local,28/03/2026,1500,5000,3500
Rajasthan,Beawar,"Bijaynagar APMC",Barley(Jau),Other,Local,28/03/2026,1800,2224,2000
Rajasthan,Ajmer,"Madanganj Kishangarh APMC",Mustard,Other,Local,28/03/2026,6000,6850,6600
Rajasthan,Ajmer,"Madanganj Kishangarh APMC",Isabgul(Psyllium),"Isabgul (Psyllium)",Local,28/03/2026,11500,11950,11500
Rajasthan,Ajmer,"Madanganj Kishangarh APMC","Bengal Gram(Gram)(Whole)",Other,Local,28/03/2026,4181,5200,4650
Rajasthan,Ajmer,"Madanganj Kishangarh APMC",Wheat,Other,Local,28/03/2026,2100,2260,2100
Rajasthan,Ganganagar,"Sriganganagar (F&V) APMC",Cucumbar(Kheera),Cucumbar,Medium,28/03/2026,700,1100,900
Rajasthan,Ganganagar,"Sriganganagar (F&V) APMC",Tomato,Tomato,Medium,28/03/2026,1400,1800,1600
Rajasthan,Ganganagar,"Sriganganagar (F&V) APMC",Beetroot,Beetroot,Medium,28/03/2026,1800,2200,2000
Rajasthan,Ganganagar,"Sriganganagar (F&V) APMC",Spinach,Spinach,Medium,28/03/2026,1400,1800,1600
Rajasthan,Ganganagar,"Sriganganagar (F&V) APMC","Sponge gourd","Sponge gourd",Medium,28/03/2026,5000,5400,5200
Rajasthan,Ganganagar,"Sriganganagar (F&V) APMC",Pineapple,"Pine Apple",Medium,28/03/2026,5200,5600,5400
Rajasthan,Ganganagar,"Sriganganagar (F&V) APMC","Tender Coconut","Tender Coconut",Medium,28/03/2026,4800,5200,5000
Rajasthan,Ganganagar,"Sriganganagar (F&V) APMC",Strawberry,Strawberry,"Grade A",28/03/2026,11300,11700,11500
Assam,Kamrup,"Fancy Bazaar APMC",Lentil(Masur)(Whole),Other,FAQ,28/03/2026,7100,9400,8800
Assam,Kamrup,"Fancy Bazaar APMC",Lentil(Masur)(Whole),Local,FAQ,28/03/2026,9500,11500,11000
Assam,Kamrup,"Fancy Bazaar APMC","Green Gram Dal(Moong Dal)","Green Gram Dal",FAQ,28/03/2026,8700,11200,10600
"Uttar Pradesh",Etah,"Awagarh APMC","Bottle gourd","Bottle Gourd",FAQ,28/03/2026,1600,1700,1650
"Uttar Pradesh",Etah,"Awagarh APMC","Green Chilli","Green Chilly",FAQ,28/03/2026,2600,2700,2650
"Uttar Pradesh",Etah,"Awagarh APMC",Tomato,Hybrid,FAQ,28/03/2026,1100,1250,1200
Gujarat,Sabarkantha,APMCKHEDBRAHMA,"Kulthi(Horse Gram)",Other,Local,28/03/2026,4700,4900,4800
"Tamil Nadu",Dharmapuri,"Karimangalam(Uzhavar Sandhai)",Brinjal,Other,Local,28/03/2026,1800,2000,1900
"Tamil Nadu",Dharmapuri,"Karimangalam(Uzhavar Sandhai)","Cluster beans","Cluster Beans",Local,28/03/2026,3800,4000,3900
"Tamil Nadu",Dharmapuri,"Karimangalam(Uzhavar Sandhai)",Cowpea(Veg),"Cowpea (Veg)",Local,28/03/2026,4000,4500,4250
"Tamil Nadu",Dharmapuri,"Karimangalam(Uzhavar Sandhai)",Beans,"Beans (Whole)",Local,28/03/2026,7000,7600,7300
"Tamil Nadu",Dharmapuri,"Karimangalam(Uzhavar Sandhai)",Cabbage,Cabbage,Local,28/03/2026,2600,2800,2700
"Tamil Nadu",Dharmapuri,"Karimangalam(Uzhavar Sandhai)",Snakeguard,Snakeguard,Local,28/03/2026,1200,1500,1350
"Tamil Nadu",Dharmapuri,"Karimangalam(Uzhavar Sandhai)",Cucumbar(Kheera),Cucumbar,Local,28/03/2026,3800,4000,3900
"Tamil Nadu",Dharmapuri,"Karimangalam(Uzhavar Sandhai)",Ridgeguard(Tori),Ridgeguard(Tori),Local,28/03/2026,3300,3500,3400
"Tamil Nadu",Dharmapuri,"Karimangalam(Uzhavar Sandhai)",Raddish,Raddish,Local,28/03/2026,1200,1400,1300
"Tamil Nadu",Salem,"Mecheri(Uzhavar Sandhai)",Cauliflower,Ranchi,Local,28/03/2026,2500,3000,2750
"Tamil Nadu",Salem,"Mecheri(Uzhavar Sandhai)",Amaranthus,Amaranthus,Local,28/03/2026,2000,2500,2250
"Tamil Nadu",Salem,"Mecheri(Uzhavar Sandhai)",Cowpea(Veg),"Cowpea (Veg)",Local,28/03/2026,4500,5000,4750
"Tamil Nadu",Salem,"Mecheri(Uzhavar Sandhai)","Sweet Potato","Hosur Red",Local,28/03/2026,3500,4000,3750
"Tamil Nadu",Salem,"Mecheri(Uzhavar Sandhai)",Cabbage,Cabbage,Local,28/03/2026,2500,3000,2750
"Tamil Nadu",Salem,"Mecheri(Uzhavar Sandhai)",Snakeguard,Snakeguard,Local,28/03/2026,2500,3000,2750
"Tamil Nadu",Salem,"Mecheri(Uzhavar Sandhai)",Raddish,Raddish,Local,28/03/2026,1500,2000,1750
"Tamil Nadu",Salem,"Mecheri(Uzhavar Sandhai)",Lemon,Lemon,Local,28/03/2026,5000,6000,5500
"Tamil Nadu",Vellore,"Pallikonda(Uzhavar Sandhai)",Garlic,Garlic,Local,28/03/2026,14000,14000,14000
"Tamil Nadu",Vellore,"Pallikonda(Uzhavar Sandhai)","Green Chilli","Green Chilly",Local,28/03/2026,3000,3000,3000
"Tamil Nadu",Vellore,"Pallikonda(Uzhavar Sandhai)","Banana - Green","Banana - Green",Local,28/03/2026,3000,3000,3000
"Tamil Nadu",Vellore,"Pallikonda(Uzhavar Sandhai)",Tapioca,Tapioca,Local,28/03/2026,3600,3600,3600
"Tamil Nadu",Vellore,"Pallikonda(Uzhavar Sandhai)",Thondekai,Thondekai,Local,28/03/2026,3200,3200,3200
"Tamil Nadu",Vellore,"Pallikonda(Uzhavar Sandhai)",Drumstick,Drumstick,Local,28/03/2026,3000,3000,3000
"Tamil Nadu",Vellore,"Pallikonda(Uzhavar Sandhai)","Tender Coconut","Tender Coconut",Local,28/03/2026,3000,3000,3000
"Tamil Nadu",Vellore,"Perampet(Uzhavar Sandhai)",Tomato,Deshi,Local,28/03/2026,1000,1500,1250
"Tamil Nadu",Vellore,"Perampet(Uzhavar Sandhai)","Bitter gourd","Bitter Gourd",Local,28/03/2026,3000,3000,3000
"Tamil Nadu",Vellore,"Perampet(Uzhavar Sandhai)","Bottle gourd","Bottle Gourd",Local,28/03/2026,1500,1500,1500
"Tamil Nadu",Vellore,"Perampet(Uzhavar Sandhai)",Ashgourd,Gouard,Local,28/03/2026,1800,1800,1800
"Tamil Nadu",Vellore,"Perampet(Uzhavar Sandhai)",Ginger(Green),"Green Ginger",Local,28/03/2026,7500,7500,7500
"Tamil Nadu",Vellore,"Perampet(Uzhavar Sandhai)",Yam(Ratalu),"Yam (Ratalu)",Local,28/03/2026,3500,3500,3500
"Tamil Nadu",Vellore,"Perampet(Uzhavar Sandhai)",Colacasia,Colacasia,Local,28/03/2026,3500,4000,3750
"Tamil Nadu",Vellore,"Perampet(Uzhavar Sandhai)","Onion Green","Onion Green",Local,28/03/2026,5000,5000,5000
"Tamil Nadu",Salem,"Vazhapadi(Uzhavar Sandhai)",Onion,Bellary,Local,28/03/2026,2500,3000,2750
"Tamil Nadu",Salem,"Vazhapadi(Uzhavar Sandhai)",Coriander(Leaves),"I Sort",Local,28/03/2026,4000,4000,4000
"Tamil Nadu",Salem,"Vazhapadi(Uzhavar Sandhai)","Water Melon","Water Melon",Local,28/03/2026,1500,1500,1500
"Tamil Nadu",Salem,"Vazhapadi(Uzhavar Sandhai)",Tomato,Local,Local,28/03/2026,1000,1500,1250
"Tamil Nadu",Salem,"Vazhapadi(Uzhavar Sandhai)","Bottle gourd","Bottle Gourd",Local,28/03/2026,1000,1500,1250
"Tamil Nadu",Salem,"Vazhapadi(Uzhavar Sandhai)",Pumpkin,Pumpkin,Local,28/03/2026,1800,2000,1900
"Tamil Nadu",Salem,"Vazhapadi(Uzhavar Sandhai)","Green Chilli","Green Chilly",Local,28/03/2026,5500,6000,5750
"Tamil Nadu",Salem,"Vazhapadi(Uzhavar Sandhai)",Cucumbar(Kheera),Cucumbar,Local,28/03/2026,4000,4000,4000
"Tamil Nadu",Salem,"Vazhapadi(Uzhavar Sandhai)",Thondekai,Thondekai,Local,28/03/2026,4500,5000,4750
"Tamil Nadu",Salem,"Vazhapadi(Uzhavar Sandhai)",Yam(Ratalu),"Yam (Ratalu)",Local,28/03/2026,4500,5000,4750
"Tamil Nadu",Salem,"Vazhapadi(Uzhavar Sandhai)","Onion Green","Onion Green",Local,28/03/2026,3000,3400,3200
"Tamil Nadu",Karur,"Gandhigramam(Uzhavar Sandhai)",Onion,Bellary,Local,28/03/2026,2500,3000,2750
"Tamil Nadu",Karur,"Gandhigramam(Uzhavar Sandhai)",Cauliflower,Ranchi,Local,28/03/2026,2500,4000,3250
"Tamil Nadu",Karur,"Gandhigramam(Uzhavar Sandhai)",Brinjal,Other,Local,28/03/2026,2500,3000,2750
"Tamil Nadu",Karur,"Gandhigramam(Uzhavar Sandhai)",Papaya,Papaya,Local,28/03/2026,3000,3500,3250
"Tamil Nadu",Karur,"Gandhigramam(Uzhavar Sandhai)","Bitter gourd",Other,Local,28/03/2026,3500,4000,3750
"Tamil Nadu",Karur,"Gandhigramam(Uzhavar Sandhai)",Amaranthus,Amaranthus,Local,28/03/2026,1500,2500,2000
"Tamil Nadu",Karur,"Gandhigramam(Uzhavar Sandhai)","Green Chilli","Green Chilly",Local,28/03/2026,3500,4000,3750
"Tamil Nadu",Karur,"Gandhigramam(Uzhavar Sandhai)","Banana - Green","Banana - Green",Local,28/03/2026,3000,4000,3500
"Tamil Nadu",Karur,"Gandhigramam(Uzhavar Sandhai)","Sweet Potato","Hosur Red",Local,28/03/2026,3000,3500,3250
"Tamil Nadu",Karur,"Gandhigramam(Uzhavar Sandhai)",Cabbage,Cabbage,Local,28/03/2026,2500,3000,2750
"Tamil Nadu",Karur,"Gandhigramam(Uzhavar Sandhai)",Raddish,Raddish,Local,28/03/2026,2000,2500,2250
"Tamil Nadu",Karur,"Gandhigramam(Uzhavar Sandhai)",Drumstick,Drumstick,Local,28/03/2026,2500,3000,2750
"Tamil Nadu",Karur,"Gandhigramam(Uzhavar Sandhai)","Elephant Yam(Suran)/Amorphophallus","Elephant Yam (Suran)",Local,28/03/2026,3000,4000,3500
"Tamil Nadu",Karur,"Gandhigramam(Uzhavar Sandhai)",Yam(Ratalu),"Yam (Ratalu)",Local,28/03/2026,5000,6000,5500
"Uttar Pradesh",Aligarh,"Charra APMC",Onion,"Dry F.A.Q.",FAQ,28/03/2026,1600,1700,1650
"Uttar Pradesh",Saharanpur,"Chutmalpur APMC","Field Pea","Field Pea",Medium,28/03/2026,1400,1600,1500
"Uttar Pradesh",Saharanpur,"Chutmalpur APMC",Lemon,Lemon,Local,28/03/2026,2500,2700,2600
"Uttar Pradesh",Saharanpur,"Chutmalpur APMC",Chikoos(Sapota),Sapota,Medium,28/03/2026,2800,3200,3000
"Uttar Pradesh",Mau(Maunathbhanjan),"Doharighat APMC",Potato,Potato,FAQ,28/03/2026,1800,1800,1800
"Uttar Pradesh",Mau(Maunathbhanjan),"Doharighat APMC",Lemon,Lemon,FAQ,28/03/2026,3200,3200,3200
"Uttar Pradesh",Sitapur,"Hargaon (Laharpur) APMC",Gur(Jaggery),Yellow,Local,28/03/2026,3200,3200,3200
"Uttar Pradesh",Sitapur,"Hargaon (Laharpur) APMC",Potato,Local,Local,28/03/2026,560,560,560
"Uttar Pradesh",Sitapur,"Hargaon (Laharpur) APMC",Pumpkin,Pumpkin,Local,28/03/2026,900,900,900
"Uttar Pradesh",Fatehpur,"Kishunpur APMC",Mustard,"Lohi Black",FAQ,28/03/2026,5600,5700,5650
"Uttar Pradesh",Bahraich,"Naanpara APMC",Papaya,Papaya,Medium,28/03/2026,1600,1730,1700
"Uttar Pradesh",Bahraich,"Naanpara APMC",Pomegranate,Pomogranate,Medium,28/03/2026,5800,6000,5900
"Uttar Pradesh",Bahraich,"Naanpara APMC",Potato,Potato,Medium,28/03/2026,800,900,850
"Uttar Pradesh",Bahraich,"Naanpara APMC","Banana - Green","Banana - Green",Medium,28/03/2026,700,800,760
"Uttar Pradesh",Bahraich,"Naanpara APMC",Ginger(Green),Other,Medium,28/03/2026,6000,6500,6200
"Uttar Pradesh",Bahraich,"Naanpara APMC",Onion,Other,Medium,28/03/2026,1200,1270,1250
"Uttar Pradesh",Bahraich,"Naanpara APMC","Peas Wet","Peas Wet",Medium,28/03/2026,2000,2100,2086
"Uttar Pradesh",Balrampur,"Panchpedwa APMC",Onion,Onion,FAQ,28/03/2026,1400,1550,1500
"Uttar Pradesh",Shravasti,"Payagpur APMC",Onion,Red,FAQ,28/03/2026,1000,1200,1100
"Uttar Pradesh",Shravasti,"Payagpur APMC",Cucumbar(Kheera),Cucumbar,FAQ,28/03/2026,1800,2000,1900
"Uttar Pradesh",Pratapgarh,"Pratapgarh APMC",Wheat,Dara,FAQ,28/03/2026,2500,2500,2500
"Uttar Pradesh",Pratapgarh,"Pratapgarh APMC","Green Chilli","Green Chilly",FAQ,28/03/2026,5200,5200,5200
"Uttar Pradesh",Hathras,"Shadabad APMC",Potato,Potato,Small,28/03/2026,400,500,450
"Uttar Pradesh",Raebarelli,"Salon APMC",Wheat,Dara,FAQ,28/03/2026,2430,2440,2435
"Uttar Pradesh",Raebarelli,"Salon APMC",Tomato,Deshi,FAQ,28/03/2026,1050,1060,1055
"Uttar Pradesh",Hathras,"Sikandraraau APMC",Wheat,Dara,FAQ,28/03/2026,2450,2500,2490
"Uttar Pradesh",Prayagraj,"Sirsa APMC",Paddy(Common),Common,FAQ,28/03/2026,1860,2380,2369
Tripura,Dhalai,"Kulai APMC","Green Chilli","Green Chilly","Grade B",28/03/2026,7500,8000,7700
"West Bengal",Darjeeling,"Karsiyang(Matigara) APMC",Cabbage,Other,FAQ,28/03/2026,2000,2200,2100
"West Bengal",Darjeeling,"Karsiyang(Matigara) APMC",Carrot,Other,FAQ,28/03/2026,3600,3800,3700
"West Bengal",Darjeeling,"Karsiyang(Matigara) APMC",Tomato,Other,FAQ,28/03/2026,2100,2300,2200
"West Bengal",Darjeeling,"Darjeeling APMC",Cabbage,Other,FAQ,28/03/2026,2000,2200,2100
"Tamil Nadu",Coimbatore,"Sulur(Uzhavar Sandhai ) APMC",Banana,Besrai,Local,28/03/2026,5000,6000,5500
"Tamil Nadu",Coimbatore,"Sulur(Uzhavar Sandhai ) APMC",Papaya,Papaya,Local,28/03/2026,3000,3600,3300
"Tamil Nadu",Coimbatore,"Sulur(Uzhavar Sandhai ) APMC",Ashgourd,Gouard,Local,28/03/2026,1600,2000,1800
"Tamil Nadu",Coimbatore,"Sulur(Uzhavar Sandhai ) APMC","Banana - Green","Banana - Green",Local,28/03/2026,2800,3200,3000
"Tamil Nadu",Coimbatore,"Sulur(Uzhavar Sandhai ) APMC",Carrot,Pusakesar,Local,28/03/2026,3600,4000,3800
"Tamil Nadu",Coimbatore,"Sulur(Uzhavar Sandhai ) APMC",Cucumbar(Kheera),Cucumbar,Local,28/03/2026,2600,3000,2800
"Tamil Nadu",Coimbatore,"Sulur(Uzhavar Sandhai ) APMC",Capsicum,Capsicum,Local,28/03/2026,5000,5500,5250
"Tamil Nadu",Coimbatore,"Sulur(Uzhavar Sandhai ) APMC","Elephant Yam(Suran)/Amorphophallus","Elephant Yam (Suran)",Local,28/03/2026,2600,3000,2800
"Tamil Nadu",Coimbatore,"Sulur(Uzhavar Sandhai ) APMC",Lemon,Lemon,Local,28/03/2026,12000,13000,12500
"Tamil Nadu",Pudukkottai,"Gandarvakottai(Uzhavar Sandhai ) APMC",Banana,"Red Banana",Local,28/03/2026,5500,7000,6250
"Tamil Nadu",Pudukkottai,"Gandarvakottai(Uzhavar Sandhai ) APMC","Bottle gourd","Bottle Gourd",Local,28/03/2026,1000,1500,1250
"Tamil Nadu",Pudukkottai,"Gandarvakottai(Uzhavar Sandhai ) APMC",Pumpkin,Pumpkin,Local,28/03/2026,1000,1000,1000
"Tamil Nadu",Pudukkottai,"Gandarvakottai(Uzhavar Sandhai ) APMC",Amaranthus,Amaranthus,Local,28/03/2026,1000,1500,1250
"Tamil Nadu",Pudukkottai,"Gandarvakottai(Uzhavar Sandhai ) APMC","Green Chilli","Green Chilly",Local,28/03/2026,2200,2500,2350
"Tamil Nadu",Pudukkottai,"Gandarvakottai(Uzhavar Sandhai ) APMC",Ginger(Green),"Green Ginger",Local,28/03/2026,6000,7000,6500
"Tamil Nadu",Nagapattinam,"Mayiladuthurai(Uzhavar Sandhai ) APMC",Banana,Besrai,Local,28/03/2026,3500,4000,3750
"Tamil Nadu",Nagapattinam,"Mayiladuthurai(Uzhavar Sandhai ) APMC",Cauliflower,Ranchi,Local,28/03/2026,5000,5000,5000
"Tamil Nadu",Nagapattinam,"Mayiladuthurai(Uzhavar Sandhai ) APMC",Coriander(Leaves),"I Sort",Local,28/03/2026,3500,4000,3750
"Tamil Nadu",Nagapattinam,"Mayiladuthurai(Uzhavar Sandhai ) APMC","Bottle gourd","Bottle Gourd",Local,28/03/2026,3000,3500,3250
"Tamil Nadu",Nagapattinam,"Mayiladuthurai(Uzhavar Sandhai ) APMC",Carrot,Pusakesar,Local,28/03/2026,5000,5000,5000
"Tamil Nadu",Nagapattinam,"Mayiladuthurai(Uzhavar Sandhai ) APMC",Snakeguard,Snakeguard,Local,28/03/2026,3500,4000,3750
"Tamil Nadu",Nagapattinam,"Mayiladuthurai(Uzhavar Sandhai ) APMC",Ridgeguard(Tori),Ridgeguard(Tori),Local,28/03/2026,5500,6000,5750
"Tamil Nadu",Nagapattinam,"Mayiladuthurai(Uzhavar Sandhai ) APMC",Raddish,Raddish,Local,28/03/2026,2500,3000,2750
"Tamil Nadu",Nagapattinam,"Mayiladuthurai(Uzhavar Sandhai ) APMC","Onion Green","Onion Green",Local,28/03/2026,3500,4000,3750
"Tamil Nadu",Namakkal,"Paramathivelur(Uzhavar Sandhai ) APMC",Cauliflower,Ranchi,Local,28/03/2026,2500,3000,2750
"Tamil Nadu",Namakkal,"Paramathivelur(Uzhavar Sandhai ) APMC","Bottle gourd","Bottle Gourd",Local,28/03/2026,1000,1400,1200
"Tamil Nadu",Namakkal,"Paramathivelur(Uzhavar Sandhai ) APMC",Amaranthus,Amaranthus,Local,28/03/2026,3500,4000,3750
"Tamil Nadu",Namakkal,"Paramathivelur(Uzhavar Sandhai ) APMC",Tapioca,Tapioca,Local,28/03/2026,2200,2400,2300
"Tamil Nadu",Namakkal,"Paramathivelur(Uzhavar Sandhai ) APMC","Sweet Potato","Hosur Red",Local,28/03/2026,4200,4800,4500
"Tamil Nadu",Namakkal,"Paramathivelur(Uzhavar Sandhai ) APMC",Snakeguard,Snakeguard,Local,28/03/2026,5500,6000,5750
"Tamil Nadu",Namakkal,"Paramathivelur(Uzhavar Sandhai ) APMC",Beetroot,Beetroot,Local,28/03/2026,5000,5500,5250
"Tamil Nadu",Namakkal,"Paramathivelur(Uzhavar Sandhai ) APMC",Cucumbar(Kheera),Cucumbar,Local,28/03/2026,7000,8000,7500
"Tamil Nadu",Namakkal,"Paramathivelur(Uzhavar Sandhai ) APMC",Raddish,Raddish,Local,28/03/2026,2000,3200,2600
"Tamil Nadu",Namakkal,"Paramathivelur(Uzhavar Sandhai ) APMC","Elephant Yam(Suran)/Amorphophallus","Elephant Yam (Suran)",Local,28/03/2026,2500,3000,2750
"Tamil Nadu",Namakkal,"Paramathivelur(Uzhavar Sandhai ) APMC",Mint(Pudina),Mint(Pudina),Local,28/03/2026,4000,5000,4500
"Tamil Nadu",Salem,"Thammampatti (Uzhavar Sandhai ) APMC",Potato,Other,Local,28/03/2026,3500,3500,3500
"Tamil Nadu",Salem,"Thammampatti (Uzhavar Sandhai ) APMC",Brinjal,Round,Local,28/03/2026,2000,2800,2400
"Tamil Nadu",Salem,"Thammampatti (Uzhavar Sandhai ) APMC",Ashgourd,Gouard,Local,28/03/2026,1500,1500,1500
"Tamil Nadu",Salem,"Thammampatti (Uzhavar Sandhai ) APMC","Banana - Green","Banana - Green",Local,28/03/2026,2000,2500,2250
"Tamil Nadu",Salem,"Thammampatti (Uzhavar Sandhai ) APMC",Guava,"Guava Allahabad",Local,28/03/2026,5500,6000,5750
"Tamil Nadu",Salem,"Thammampatti (Uzhavar Sandhai ) APMC","Elephant Yam(Suran)/Amorphophallus","Elephant Yam (Suran)",Local,28/03/2026,3000,3000,3000
"Tamil Nadu",Salem,"Thammampatti (Uzhavar Sandhai ) APMC",Yam(Ratalu),"Yam (Ratalu)",Local,28/03/2026,3000,5000,4000
"Tamil Nadu",Salem,"Thammampatti (Uzhavar Sandhai ) APMC",Lemon,Lemon,Local,28/03/2026,10000,14000,12000
"Tamil Nadu",Salem,"Thammampatti (Uzhavar Sandhai ) APMC",Mint(Pudina),Mint(Pudina),Local,28/03/2026,3000,3000,3000
"Tamil Nadu",Thiruvarur,"Tiruvarur(Uzhavar Sandhai ) APMC","Bitter gourd","Bitter Gourd",Local,28/03/2026,3000,3000,3000
"Tamil Nadu",Thiruvarur,"Tiruvarur(Uzhavar Sandhai ) APMC",Snakeguard,Snakeguard,Local,28/03/2026,3000,3000,3000
"Tamil Nadu",Thiruvarur,"Tiruvarur(Uzhavar Sandhai ) APMC",Lime,Lime,Local,28/03/2026,3000,3000,3000
"Tamil Nadu",Thiruvarur,"Tiruvarur(Uzhavar Sandhai ) APMC",Guava,"Guava Allahabad",Local,28/03/2026,6000,6000,6000
"Tamil Nadu",Coimbatore,"Udumalpet APMC",Banana,"Red Banana",Local,28/03/2026,6000,7000,6500
"Tamil Nadu",Coimbatore,"Udumalpet APMC",Amaranthus,Amaranthus,Local,28/03/2026,2500,3000,2750
"Tamil Nadu",Coimbatore,"Udumalpet APMC",Beans,"Beans (Whole)",Local,28/03/2026,9000,10000,9500
"Tamil Nadu",Coimbatore,"Udumalpet APMC",Ridgeguard(Tori),Ridgeguard(Tori),Local,28/03/2026,3000,5000,4000
"Tamil Nadu",Coimbatore,"Udumalpet APMC",Thondekai,Thondekai,Local,28/03/2026,3000,4000,3500
"Tamil Nadu",Coimbatore,"Udumalpet APMC",Drumstick,Drumstick,Local,28/03/2026,2500,3000,2750
"Tamil Nadu",Coimbatore,"Udumalpet APMC",Mango(Raw-Ripe),"Mango - Raw-Ripe",Local,28/03/2026,6000,6500,6250
"Tamil Nadu",Coimbatore,"Udumalpet APMC","Baby Corn","Baby Corn","Grade A",28/03/2026,3000,3500,3250
"Tamil Nadu",Coimbatore,"Udumalpet APMC","Sweet Corn ","Sweet Corn ",Local,28/03/2026,3500,4000,3750
"Tamil Nadu",Vellore,"Katpadi (Uzhavar Sandhai ) APMC","Green Peas","Green Peas",Local,28/03/2026,9000,11000,10000
"Tamil Nadu",Vellore,"Katpadi (Uzhavar Sandhai ) APMC",Chikoos(Sapota),Sapota,Local,28/03/2026,3500,4000,3750
"Tamil Nadu",Vellore,"Katpadi (Uzhavar Sandhai ) APMC","Cluster beans","Cluster Beans",Local,28/03/2026,3500,3500,3500
"Tamil Nadu",Vellore,"Katpadi (Uzhavar Sandhai ) APMC","Bitter gourd","Bitter Gourd",Local,28/03/2026,3000,3000,3000
"Tamil Nadu",Vellore,"Katpadi (Uzhavar Sandhai ) APMC",Pumpkin,Pumpkin,Local,28/03/2026,2000,2000,2000
"Tamil Nadu",Vellore,"Katpadi (Uzhavar Sandhai ) APMC",Beans,"Beans (Whole)",Local,28/03/2026,5500,6000,5750
"Tamil Nadu",Vellore,"Katpadi (Uzhavar Sandhai ) APMC",Coconut,Coconut,Local,28/03/2026,3000,3000,3000
"Tamil Nadu",Vellore,"Katpadi (Uzhavar Sandhai ) APMC",Thondekai,Thondekai,Local,28/03/2026,3000,3000,3000
"Tamil Nadu",Vellore,"Katpadi (Uzhavar Sandhai ) APMC",Marigold(Calcutta),Marigold(Calcutta),Local,28/03/2026,21000,21000,21000
"Tamil Nadu",Thanjavur,"Kumbakonam (Uzhavar Sandhai ) APMC",Coriander(Leaves),"I Sort",Local,28/03/2026,3600,3600,3600
"Tamil Nadu",Thanjavur,"Kumbakonam (Uzhavar Sandhai ) APMC",Papaya,Papaya,Local,28/03/2026,4000,4000,4000
"Tamil Nadu",Thanjavur,"Kumbakonam (Uzhavar Sandhai ) APMC",Ashgourd,Gouard,Local,28/03/2026,2400,2400,2400
"Tamil Nadu",Thanjavur,"Kumbakonam (Uzhavar Sandhai ) APMC",Coconut,Coconut,Local,28/03/2026,6500,6500,6500
"Tamil Nadu",Thanjavur,"Kumbakonam (Uzhavar Sandhai ) APMC","Sweet Potato","Hosur Red",Local,28/03/2026,5000,5000,5000
"Tamil Nadu",Thanjavur,"Kumbakonam (Uzhavar Sandhai ) APMC",Cabbage,Cabbage,Local,28/03/2026,2400,2400,2400
"Tamil Nadu",Thanjavur,"Kumbakonam (Uzhavar Sandhai ) APMC",Beetroot,Beetroot,Local,28/03/2026,3600,4200,3900
"Tamil Nadu",Thanjavur,"Kumbakonam (Uzhavar Sandhai ) APMC",Ridgeguard(Tori),Ridgeguard(Tori),Local,28/03/2026,5400,5400,5400
"Tamil Nadu",Thanjavur,"Kumbakonam (Uzhavar Sandhai ) APMC",Yam(Ratalu),"Yam (Ratalu)",Local,28/03/2026,6000,6000,6000
"Tamil Nadu",Thanjavur,"Kumbakonam (Uzhavar Sandhai ) APMC",Lemon,Lemon,Local,28/03/2026,8000,8000,8000
"Tamil Nadu",Villupuram,"Tindivanam APMC",Onion,Bellary,Local,28/03/2026,2000,2500,2250
"Tamil Nadu",Villupuram,"Tindivanam APMC",Cabbage,Cabbage,Local,28/03/2026,2800,2800,2800
"Tamil Nadu",Villupuram,"Ulundurpettai APMC",Ashgourd,Gouard,Local,28/03/2026,3000,3000,3000
"Tamil Nadu",Villupuram,"Ulundurpettai APMC",Raddish,Raddish,Local,28/03/2026,3000,3000,3000
"Tamil Nadu",Villupuram,"Ulundurpettai APMC",Mango(Raw-Ripe),"Mango - Raw-Ripe",Local,28/03/2026,8000,8000,8000
"Tamil Nadu",Villupuram,"Ulundurpettai APMC",Guava,"Guava Allahabad",Local,28/03/2026,5000,5000,5000
"Tamil Nadu",Villupuram,"Ulundurpettai APMC",Yam(Ratalu),"Yam (Ratalu)",Local,28/03/2026,4000,4000,4000
"Madhya Pradesh",Khargone,"Karhi APMC",Wheat,Wheat,FAQ,28/03/2026,2250,2250,2250
"Madhya Pradesh",Chhindwara,"Chhindwara APMC",Wheat,Wheat,Non-FAQ,28/03/2026,2300,2340,2300
Gujarat,Dahod,"Devgadhbaria APMC",Paddy(Common),Common,Non-FAQ,28/03/2026,1250,1300,1280
Gujarat,Sabarkantha,"Vadali APMC",Wheat,Other,FAQ,28/03/2026,2220,2700,2460
Gujarat,Sabarkantha,"Vadali APMC","Arhar(Tur/Red Gram)(Whole)",Other,Non-FAQ,28/03/2026,6500,7000,6750
Gujarat,Dahod,"Dahod(Veg. Market) APMC",Cauliflower,Cauliflower,Local,28/03/2026,600,1600,1200
Gujarat,Dahod,"Dahod(Veg. Market) APMC",Garlic,Garlic,Local,28/03/2026,6000,13000,10000
Gujarat,Dahod,"Dahod(Veg. Market) APMC","Onion Green","Onion Green",Local,28/03/2026,1500,1700,1600
Gujarat,Dahod,"Dahod(Veg. Market) APMC",Potato,Potato,Local,28/03/2026,700,1100,1000
Gujarat,Dahod,"Dahod(Veg. Market) APMC",Onion,Onion,Local,28/03/2026,400,1600,1100
Gujarat,Dahod,"Dahod(Veg. Market) APMC",Methi(Leaves),Methi,Local,28/03/2026,600,3000,2500
Gujarat,Dahod,"Dahod(Veg. Market) APMC",Cabbage,Cabbage,Local,28/03/2026,500,1000,700
Gujarat,Anand,"Anand(Veg,Yard,Anand) APMC","Bhindi(Ladies Finger)",Bhindi,"Grade B",28/03/2026,3000,3500,3250
Gujarat,Anand,"Anand(Veg,Yard,Anand) APMC","Green Chilli","Green Chilly","Grade B",28/03/2026,2000,2500,2250
Gujarat,Sabarkantha,"Meghraj(Radlavada) APMC",Wheat,Lokwan,Local,28/03/2026,2175,2175,2175
Gujarat,Surat,"Bardoli(Kadod) APMC",Cauliflower,Other,Local,28/03/2026,1000,4200,2400
"Himachal Pradesh",Bilaspur,"PMY Bilaspur","Water Melon","Water Melon","Grade B",28/03/2026,1600,2600,1900
"Himachal Pradesh",Bilaspur,"PMY Bilaspur",Grapes,Other,"Grade B",28/03/2026,12000,17000,15000
Gujarat,Banaskanth,"Deesa(Deesa Veg Yard) APMC",Grapes,Other,Medium,28/03/2026,6500,7800,7150
Gujarat,Surendranagar,"Vadhvan APMC","Water Melon","Water Melon",Medium,28/03/2026,500,1000,750
Gujarat,Surendranagar,"Vadhvan APMC",Carrot,Carrot,Medium,28/03/2026,1500,2000,1750
Gujarat,Surendranagar,"Vadhvan APMC",Drumstick,Drumstick,Local,28/03/2026,1000,1500,1250
Gujarat,"Gir Somnath","Talalagir APMC",Tomato,Hybrid,FAQ,28/03/2026,1000,1250,1125
Gujarat,Rajkot,"Dhoraji APMC",Wheat,Milbar,Non-FAQ,28/03/2026,1750,2395,2080
Gujarat,Porbandar,"Porbandar APMC",Orange,Darjeeling,"Grade A",28/03/2026,6000,7000,6500
Gujarat,Porbandar,"Porbandar APMC",Pomegranate,Other,"Grade A",28/03/2026,3000,6000,4500
Gujarat,Porbandar,"Porbandar APMC","Water Melon","Water Melon",Local,28/03/2026,500,1500,1000
Gujarat,Porbandar,"Porbandar APMC",Ginger(Green),"Green Ginger",FAQ,28/03/2026,6000,7000,6500
Gujarat,Porbandar,"Porbandar APMC",Tomato,Deshi,Local,28/03/2026,500,1000,750
Gujarat,Amreli,"Damnagar APMC","Bhindi(Ladies Finger)",Bhindi,Local,28/03/2026,4000,4000,4000
Gujarat,Amreli,"Damnagar APMC",Lemon,Lemon,Local,28/03/2026,6000,6000,6000
Gujarat,Amreli,"Damnagar APMC",Cauliflower,Cauliflower,Local,28/03/2026,3500,3500,3500
Gujarat,Amreli,"Damnagar APMC",Coriander(Leaves),Coriander,Local,28/03/2026,3500,3500,3500
Gujarat,Amreli,"Damnagar APMC","Green Chilli","Green Chilly",Local,28/03/2026,5000,5000,5000
Gujarat,Rajkot,"Gondal(Veg.market Gondal) APMC",Potato,Potato,Local,28/03/2026,700,1200,950
Gujarat,Surat,"Surat APMC","Banana - Green",Other,FAQ,28/03/2026,300,1200,750
Gujarat,Surat,"Surat APMC",Beetroot,Other,FAQ,28/03/2026,900,1300,1100
Gujarat,Surat,"Surat APMC","Bitter gourd","Bitter Gourd",FAQ,28/03/2026,2500,5000,3750
Gujarat,Surat,"Surat APMC",Carrot,Carrot,FAQ,28/03/2026,1200,1800,1500
Gujarat,Surat,"Surat APMC",Cucumbar(Kheera),Cucumbar,FAQ,28/03/2026,800,1800,1300
Gujarat,Surat,"Surat APMC",Drumstick,Drumstick,FAQ,28/03/2026,1000,3000,2000
Gujarat,Surat,"Surat APMC",Ridgeguard(Tori),Other,FAQ,28/03/2026,1500,5000,3250
Gujarat,Surat,"Surat APMC",Brinjal,Brinjal,FAQ,28/03/2026,900,2000,1450
Gujarat,Surat,"Surat APMC","French Beans(Frasbean)",Other,FAQ,28/03/2026,2000,4500,3250
Gujarat,Surat,"Surat APMC","Pegeon Pea(Arhar Fali)",Other,FAQ,28/03/2026,4000,10000,7000
Telangana,Warangal,"Warangal APMC",Capsicum,Capsicum,FAQ,28/03/2026,4500,5000,4750
Telangana,Warangal,"Warangal APMC",Potato,Potato,FAQ,28/03/2026,1500,2000,1750
Telangana,Warangal,"Warangal APMC",Ridgeguard(Tori),Ridgeguard(Tori),FAQ,28/03/2026,3000,3500,3250
Telangana,Warangal,"Warangal APMC",Tomato,Tomato,FAQ,28/03/2026,600,800,700
Telangana,Warangal,"Warangal APMC","Field Pea","Field Pea",FAQ,28/03/2026,4500,5000,4750
Haryana,Fatehabad,"Fatehabad APMC",Guava,Other,Local,28/03/2026,2000,3000,2000
Haryana,Fatehabad,"Fatehabad APMC","Mousambi(Sweet Lime)",Other,Local,28/03/2026,3000,4000,3500
Haryana,Fatehabad,"Fatehabad APMC","Water Melon","Water Melon",Local,28/03/2026,2000,3000,2500
"Andhra Pradesh",Chittor,"Chittoor APMC",Gur(Jaggery),"NO 2",Local,28/03/2026,3000,3100,3000
"Jammu and Kashmir",Udhampur,"Udhampur APMC",Apple,Apple,"Grade B",28/03/2026,12000,12000,12000
"Jammu and Kashmir",Udhampur,"Udhampur APMC",Papaya,Papaya,"Grade B",28/03/2026,5250,5250,5250
Kerala,Kannur,"Kannur APMC","Bitter gourd","Bitter Gourd","Grade A",28/03/2026,5200,5800,5500
Kerala,Palakad,"Palakkad APMC",Cowpea(Lobia/Karamani),"Cowpea (Whole)",FAQ,28/03/2026,8800,10000,9500
Kerala,Palakad,"Palakkad APMC",Banana,"Nendra Bale",Large,28/03/2026,2500,3500,3100
Kerala,Palakad,"Palakkad APMC",Lime,Other,Medium,28/03/2026,4300,5000,4700
Kerala,Palakad,"Palakkad APMC",Pineapple,"Pine Apple",Medium,28/03/2026,4500,5500,5100
Kerala,Palakad,"Palakkad APMC","Water Melon","Water Melon",Medium,28/03/2026,2200,2500,2400
Kerala,Palakad,"Palakkad APMC","Green Peas","Green Peas",FAQ,28/03/2026,8000,9500,8800
Kerala,Palakad,"Palakkad APMC","Bhindi(Ladies Finger)",Bhindi,FAQ,28/03/2026,5500,6500,6100
Kerala,Palakad,"Palakkad APMC",Cabbage,Cabbage,FAQ,28/03/2026,1400,2000,1800
Kerala,Wayanad,"Sultan bathery APMC",Coffee,Other,Local,28/03/2026,20300,20300,20300
Punjab,Ludhiana,"Khanna APMC",Cauliflower,Local,"Grade A",28/03/2026,1500,1500,1500
Punjab,Ludhiana,"Khanna APMC",Apple,Apple,"Grade A",28/03/2026,7000,7000,7000
Punjab,Ludhiana,"Khanna APMC",Orange,Orange,"Grade A",28/03/2026,6000,6000,6000
Punjab,Ludhiana,"Khanna APMC",Onion,Onion,"Grade A",28/03/2026,1400,1400,1400
Punjab,Ludhiana,"Khanna APMC",Papaya,Papaya,"Grade A",28/03/2026,1500,1500,1500
Punjab,Ludhiana,"Khanna APMC","Bottle gourd",Other,"Grade A",28/03/2026,2500,2500,2500
Punjab,Ludhiana,"Khanna APMC",Potato,Potato,"Grade A",28/03/2026,400,400,400
Punjab,Ludhiana,"Khanna APMC",Chikoos(Sapota),Other,"Grade A",28/03/2026,4000,4000,4000
Punjab,Ludhiana,"Khanna APMC",Carrot,Carrot,"Grade A",28/03/2026,1200,1200,1200
Punjab,Patiala,"Patiala APMC",Carrot,Carrot,"Grade A",28/03/2026,1200,1600,1400
Punjab,Patiala,"Patiala APMC","Green Chilli","Green Chilly","Grade C",28/03/2026,5000,6000,5500
Punjab,Patiala,"Patiala APMC",Garlic,Garlic,"Grade Range-3",28/03/2026,5000,6000,5500
Punjab,Patiala,"Patiala APMC",Banana,"Banana - Ripe","Grade B",28/03/2026,2800,3200,3000
Punjab,Patiala,"Patiala APMC",Grapes,Other,"Grade B",28/03/2026,10000,11000,10500
Punjab,Patiala,"Patiala APMC",Apple,Apple,"Grade A",28/03/2026,10000,11000,10500
Punjab,Patiala,"Patiala APMC",Pineapple,"Pine Apple","Grade B",28/03/2026,4000,5000,4500
Punjab,Patiala,"Patiala APMC",Pomegranate,Pomogranate,"Grade A",28/03/2026,9500,10500,10000
Punjab,Patiala,"Patiala APMC",Cabbage,Cabbage,"Grade C",28/03/2026,200,400,300
"Andhra Pradesh",Anantapur,"Anantapur APMC","Mousambi(Sweet Lime)",Mousambi,"Grade B",28/03/2026,800,2400,1600
Uttarakhand,Udhamsinghnagar,"Kicchha APMC",Capsicum,Capsicum,Local,28/03/2026,500,700,600
Uttarakhand,Udhamsinghnagar,"Kicchha APMC",Grapes,Green,Medium,28/03/2026,3500,3800,3700
Uttarakhand,Udhamsinghnagar,"Rudrapur APMC",Cucumbar(Kheera),Other,Medium,28/03/2026,1500,2000,1800
Uttarakhand,Udhamsinghnagar,"Rudrapur APMC",Lemon,Other,Medium,28/03/2026,8000,15000,10000
Uttarakhand,Udhamsinghnagar,"Rudrapur APMC","Green Chilli",Other,Medium,28/03/2026,5000,7000,6000
Uttarakhand,Udhamsinghnagar,"Rudrapur APMC",Papaya,Other,Medium,28/03/2026,4000,6000,5000
Uttarakhand,Udhamsinghnagar,"Rudrapur APMC","Jack Fruit(Ripe)",Other,Medium,28/03/2026,1500,3000,2000
"Andhra Pradesh",Nellore,"Atmakur(SPS) APMC",Paddy(Common),"Nellore Sanna",FAQ,28/03/2026,2300,2400,2369
"Andhra Pradesh",Chittor,"Palamaner APMC",Tomato,Other,FAQ,28/03/2026,800,1100,900
"Andhra Pradesh",Palnadu,"Gurazala APMC","Chili Red",Red,"Grade Range-1",28/03/2026,11000,19100,18100
Haryana,Jhajar,"Jhajjar APMC",Banana,Other,Medium,28/03/2026,2500,2500,2500
Haryana,Rewari,"Rewari APMC",Onion,Medium,Medium,28/03/2026,1000,1600,1300
"Himachal Pradesh",Solan,"PMY Kather Solan",Apple,Apple,Medium,28/03/2026,9000,17500,15000
"Himachal Pradesh",Solan,"PMY Kather Solan",Grapes,Other,Medium,28/03/2026,6000,12000,8700
"Himachal Pradesh",Solan,"PMY Kather Solan","Kiwi Fruit",Kiwi,"Grade B",28/03/2026,30000,32000,30000
"Himachal Pradesh",Solan,"PMY Kather Solan",Pineapple,Other,Medium,28/03/2026,4000,8500,6000
"Himachal Pradesh",Solan,"PMY Kather Solan","Bhindi(Ladies Finger)",Other,Medium,28/03/2026,6000,6500,6200
"Himachal Pradesh",Solan,"PMY Kather Solan","Bitter gourd",Other,Medium,28/03/2026,6500,7000,6800
Rajasthan,Udaipur,"Udaipur (Grain) APMC",Jowar(Sorghum),Other,Local,28/03/2026,3600,3600,3600
Rajasthan,Udaipur,"Udaipur (Grain) APMC",Mahua,Other,FAQ,28/03/2026,2600,2600,2600
Rajasthan,Udaipur,"Udaipur (Grain) APMC",Barley(Jau),Local,Local,28/03/2026,2200,2200,2200
Rajasthan,Udaipur,"Udaipur (Grain) APMC","Bajra(Pearl Millet/Cumbu)",Bold,FAQ,28/03/2026,2800,2800,2800
Rajasthan,Udaipur,"Udaipur (Grain) APMC",Maize,Yellow,Local,28/03/2026,1500,1500,1500
Tripura,Unokoti,"Pabiacherra APMC",Cucumbar(Kheera),Other,FAQ,28/03/2026,2400,2600,2500
Tripura,Unokoti,"Pabiacherra APMC",Onion,Nasik,FAQ,28/03/2026,1900,2100,2000
Tripura,Sepahijala,"Melaghar APMC",Potato,Local,Local,28/03/2026,1500,1700,1600
Goa,"North Goa","Mapusa APMC",Potato,Potato,FAQ,28/03/2026,1000,1400,1200
"Tamil Nadu",Thiruvannamalai,"Cheyyar(Uzhavar Sandhai ) APMC",Brinjal,Other,Local,28/03/2026,2000,2500,2250
"Tamil Nadu",Thiruvannamalai,"Cheyyar(Uzhavar Sandhai ) APMC",Coriander(Leaves),"I Sort",Local,28/03/2026,3200,4000,3600
"Tamil Nadu",Thiruvannamalai,"Cheyyar(Uzhavar Sandhai ) APMC","Cluster beans","Cluster Beans",Local,28/03/2026,3200,4000,3600
"Tamil Nadu",Thiruvannamalai,"Cheyyar(Uzhavar Sandhai ) APMC",Drumstick,Drumstick,Local,28/03/2026,3500,4200,3850
"Tamil Nadu",Thanjavur,"Papanasam(Uzhavar Sandhai ) APMC",Banana,Besrai,Local,28/03/2026,4000,6000,5000
"Tamil Nadu",Thanjavur,"Papanasam(Uzhavar Sandhai ) APMC",Coconut,Coconut,Local,28/03/2026,6500,6500,6500
"Tamil Nadu",Thanjavur,"Papanasam(Uzhavar Sandhai ) APMC","Chow Chow","Chow Chow",Local,28/03/2026,2400,2400,2400
Uttarakhand,"Garhwal (Pauri)","Kotadwara APMC",Potato,Potato,FAQ,28/03/2026,900,900,900
Uttarakhand,"Garhwal (Pauri)","Kotadwara APMC",Brinjal,Brinjal,FAQ,28/03/2026,1500,1500,1500
Uttarakhand,"Garhwal (Pauri)","Kotadwara APMC",Pumpkin,Pumpkin,FAQ,28/03/2026,1600,1600,1600
Haryana,Sonipat,"Sonepat APMC",Apple,Other,Medium,28/03/2026,8000,12000,9000
Haryana,Sonipat,"Sonepat APMC",Pomegranate,Pomogranate,Medium,28/03/2026,7000,8500,7500
Uttarakhand,Haridwar,"Haridwar Union APMC",Grapes,Other,"Grade C",28/03/2026,6500,7000,6600
Uttarakhand,Haridwar,"Haridwar Union APMC",Cabbage,Other,FAQ,28/03/2026,300,400,350
Uttarakhand,Haridwar,"Haridwar Union APMC","Water Melon",Other,"Grade B",28/03/2026,1400,2000,1500
Uttarakhand,Haridwar,"Haridwar Union APMC",Brinjal,Other,FAQ,28/03/2026,600,800,700
Rajasthan,Hanumangarh,"Rawatsar APMC",Onion,"1st Sort",FAQ,28/03/2026,1500,1500,1500
Rajasthan,Hanumangarh,"Rawatsar APMC",Potato,"Red Nanital",FAQ,28/03/2026,600,600,600
Punjab,Hoshiarpur,"Tanda Urmur APMC",Tomato,Tomato,"Grade A",28/03/2026,2500,3000,2800
Punjab,Hoshiarpur,"Tanda Urmur APMC",Papaya,Other,"Grade B",28/03/2026,4000,5000,4500
Punjab,Hoshiarpur,"Tanda Urmur APMC",Capsicum,Capsicum,"Grade A",28/03/2026,5000,6000,5500
Punjab,Hoshiarpur,"Tanda Urmur APMC",Cauliflower,Cauliflower,"Grade A",28/03/2026,3000,4000,3500
Punjab,Jalandhar,"Bhogpur APMC",Cauliflower,Cauliflower,Local,28/03/2026,1500,1500,1500
Odisha,Boudh,"Boudh APMC",Potato,Other,Medium,28/03/2026,1500,2000,1800
Odisha,Sundergarh,"Sargipali APMC",Capsicum,Other,FAQ,28/03/2026,4500,5000,4800
Odisha,Sundergarh,"Sargipali APMC",Cauliflower,Other,FAQ,28/03/2026,1400,1700,1500
Odisha,Mayurbhanja,"Betnoti APMC","Water Melon","Water Melon",Medium,28/03/2026,1700,2100,1900
"Tamil Nadu",Coimbatore,"Vadavalli(Uzhavar Sandhai ) APMC",Garlic,Garlic,Local,28/03/2026,13200,14200,13700
"Tamil Nadu",Coimbatore,"Vadavalli(Uzhavar Sandhai ) APMC",Chikoos(Sapota),Sapota,Local,28/03/2026,3000,4000,3500
"Tamil Nadu",Coimbatore,"Vadavalli(Uzhavar Sandhai ) APMC",Pumpkin,Pumpkin,Local,28/03/2026,1500,2000,1750
"Tamil Nadu",Coimbatore,"Vadavalli(Uzhavar Sandhai ) APMC","Green Chilli","Green Chilly",Local,28/03/2026,4000,4400,4200
"Tamil Nadu",Coimbatore,"Vadavalli(Uzhavar Sandhai ) APMC",Cowpea(Veg),"Cowpea (Veg)",Local,28/03/2026,2200,2800,2500
"Tamil Nadu",Coimbatore,"Vadavalli(Uzhavar Sandhai ) APMC",Carrot,Pusakesar,Local,28/03/2026,3000,3800,3400
"Tamil Nadu",Coimbatore,"Vadavalli(Uzhavar Sandhai ) APMC",Ridgeguard(Tori),Ridgeguard(Tori),Local,28/03/2026,4200,4800,4500
"Tamil Nadu",Coimbatore,"Vadavalli(Uzhavar Sandhai ) APMC",Raddish,Raddish,Local,28/03/2026,2200,2800,2500
"Tamil Nadu",Coimbatore,"Vadavalli(Uzhavar Sandhai ) APMC",Pomegranate,Pomogranate,Local,28/03/2026,22000,23000,22500
"Tamil Nadu",Coimbatore,"Vadavalli(Uzhavar Sandhai ) APMC",Mint(Pudina),Mint(Pudina),Local,28/03/2026,3000,3500,3250
"Tamil Nadu",Coimbatore,"Vadavalli(Uzhavar Sandhai ) APMC","Sweet Corn ","Sweet Corn ",Local,28/03/2026,3500,4000,3750
Nagaland,Kohima,"Kohima APMC",Potato,Potato,Local,28/03/2026,2000,2000,2000
Nagaland,Kohima,"Kohima APMC",Yam(Ratalu),Other,"Grade A",28/03/2026,3000,3000,3000
Tripura,"North Tripura","Dasda APMC",Brinjal,Round/Long,FAQ,28/03/2026,1500,1700,1600
Tripura,"North Tripura","Dasda APMC",Cabbage,Cabbage,FAQ,28/03/2026,800,900,850
Tripura,"North Tripura","Dasda APMC",Cauliflower,Cauliflower,FAQ,28/03/2026,2700,2900,2800
"Himachal Pradesh",Mandi,"PMY Kangni Mandi","Karbuja(Musk Melon)",Karbhuja,"Grade B",28/03/2026,1800,4200,2500
"Himachal Pradesh",Mandi,"PMY Kangni Mandi","Bitter gourd","Bitter Gourd","Grade B",28/03/2026,3500,5000,4000
"Himachal Pradesh",Mandi,"PMY Kangni Mandi",Kinnow,Kinnow,"Grade B",28/03/2026,6000,7500,7000
"Himachal Pradesh",Mandi,"PMY Kangni Mandi",Mango,Other,"Grade B",28/03/2026,15000,18000,17000
"Himachal Pradesh",Mandi,"PMY Kangni Mandi",Colacasia,Colacasia,"Grade B",28/03/2026,3000,3000,3000
"Himachal Pradesh",Mandi,"PMY Kangni Mandi",Cucumbar(Kheera),Cucumbar,"Grade B",28/03/2026,1000,3000,2000
"Himachal Pradesh",Mandi,"PMY Kangni Mandi",Tomato,Tomato,"Grade B",28/03/2026,1600,2300,2000
"Uttar Pradesh",Kaushambi,"Bharwari APMC",Rice,Other,FAQ,28/03/2026,2300,2500,2400
"Uttar Pradesh",Kaushambi,"Bharwari APMC","Green Chilli","Green Chilly",FAQ,28/03/2026,3300,3700,3500
"Tamil Nadu",Dindigul,"Vedasanthur(Uzhavar Sandhai ) APMC",Brinjal,Round,Local,28/03/2026,3000,3600,3300
"Tamil Nadu",Dindigul,"Vedasanthur(Uzhavar Sandhai ) APMC","Bottle gourd","Bottle Gourd",Local,28/03/2026,1000,1200,1100
"Tamil Nadu",Dindigul,"Vedasanthur(Uzhavar Sandhai ) APMC","Bhindi(Ladies Finger)",Bhindi,Local,28/03/2026,4000,4500,4250
"Tamil Nadu",Dindigul,"Vedasanthur(Uzhavar Sandhai ) APMC",Raddish,Raddish,Local,28/03/2026,2000,2500,2250
"Tamil Nadu",Dindigul,"Vedasanthur(Uzhavar Sandhai ) APMC","Onion Green","Onion Green",Local,28/03/2026,2500,3200,2850
Gujarat,Vadodara(Baroda),"Padra APMC",Coriander(Leaves),Other,FAQ,28/03/2026,1500,2000,1750
Gujarat,Vadodara(Baroda),"Padra APMC","Green Chilli","Green Chilly",FAQ,28/03/2026,2500,3500,3000
Gujarat,Vadodara(Baroda),"Padra APMC",Onion,Other,FAQ,28/03/2026,1000,2000,1500
Gujarat,Vadodara(Baroda),"Padra APMC",Lemon,Other,FAQ,28/03/2026,10000,11000,10500
Gujarat,Vadodara(Baroda),"Padra APMC",Mango(Raw-Ripe),"Mango - Raw-Ripe",FAQ,28/03/2026,3000,5000,4000
Gujarat,Vadodara(Baroda),"Padra APMC",Spinach,Spinach,FAQ,28/03/2026,800,900,850
Kerala,Thiruvananthapuram,"Pappanchani VFPCK APMC","Amranthas Red","Chawli Lal","Grade A",28/03/2026,3000,3000,3000
Haryana,"Yamuna Nagar","Sadhaura APMC","Bottle gourd","Bottle Gourd",Local,28/03/2026,1000,1500,1300
Haryana,"Yamuna Nagar","Sadhaura APMC",Pumpkin,Pumpkin,Local,28/03/2026,1000,1400,1200
Kerala,Kollam,"Kulathoopuzha VFPCK APMC",Banana,Poovan,"Grade A",28/03/2026,3000,3000,3000
Haryana,Hissar,"Barwala(Hisar) APMC",Capsicum,Capsicum,Local,28/03/2026,2500,3000,2800
Haryana,Hissar,"Barwala(Hisar) APMC","Leafy Vegetable","Leafy Vegetables",Local,28/03/2026,800,1000,900
Haryana,Kaithal,"Dhand APMC",Apple,Other,Medium,28/03/2026,7000,9000,8500
Haryana,Kaithal,"Dhand APMC",Tomato,Other,Medium,28/03/2026,2000,2700,2500
Haryana,Sonipat,"Ganaur APMC",Lemon,Lemon,Medium,28/03/2026,6500,7000,6800
Haryana,Sonipat,"Ganaur APMC",Brinjal,Brinjal,Medium,28/03/2026,2500,3000,2800
Haryana,Sonipat,"Ganaur APMC",Capsicum,Capsicum,Medium,28/03/2026,4500,5000,4800
Kerala,Wayanad,"Pulpally APMC",Paddy(Common),Other,Local,28/03/2026,3210,3230,3220
Kerala,Thiruvananthapuram,"Neyyatinkara APMC","Bhindi(Ladies Finger)",Bhindi,FAQ,28/03/2026,7400,8000,7700
Kerala,Thiruvananthapuram,"Neyyatinkara APMC",Brinjal,Brinjal,FAQ,28/03/2026,3400,4000,3600
Kerala,Thiruvananthapuram,"Neyyatinkara APMC",Pumpkin,Other,FAQ,28/03/2026,2300,3000,2600
Kerala,Thiruvananthapuram,"Neyyatinkara APMC",Tomato,Tomato,FAQ,28/03/2026,2300,3000,2600
Kerala,Thiruvananthapuram,"Neyyatinkara APMC",Beetroot,Beetroot,FAQ,28/03/2026,3400,4000,3600
Kerala,Alappuzha,"Chengannur APMC",Carrot,Other,FAQ,28/03/2026,4800,5100,5000
Kerala,Alappuzha,"Chengannur APMC",Cabbage,Other,FAQ,28/03/2026,2800,3100,3000
Kerala,Alappuzha,"Chengannur APMC",Garlic,Garlic,FAQ,28/03/2026,11900,12200,12000
Kerala,Alappuzha,"Chengannur APMC","Green Chilli","Green Chilly",FAQ,28/03/2026,3900,4200,4000
Kerala,Alappuzha,"Chengannur APMC",Pumpkin,Other,FAQ,28/03/2026,1800,2100,2000
Kerala,Alappuzha,"Harippad APMC",Ashgourd,Other,FAQ,28/03/2026,3000,3500,3000
Kerala,Alappuzha,"Harippad APMC","Bitter gourd",Other,FAQ,28/03/2026,5000,5500,5000
Kerala,Alappuzha,"Cherthala APMC",Ashgourd,Other,FAQ,28/03/2026,3000,3300,3200
Kerala,Alappuzha,"Cherthala APMC",Cauliflower,Cauliflower,FAQ,28/03/2026,3700,4000,3800
Kerala,Alappuzha,"Cherthala APMC","Bhindi(Ladies Finger)",Bhindi,FAQ,28/03/2026,4000,4200,4100
Kerala,Alappuzha,"Cherthala APMC","Bitter gourd",Other,FAQ,28/03/2026,4000,4200,4100
Kerala,Alappuzha,"Cherthala APMC",Cucumbar(Kheera),Cucumbar,FAQ,28/03/2026,3500,3700,3600
Kerala,Alappuzha,"Cherthala APMC",Cowpea(Veg),"Cowpea (Veg)",FAQ,28/03/2026,3900,4200,4000
Kerala,Alappuzha,"Cherthala APMC",Onion,Onion,FAQ,28/03/2026,3400,3600,3500
Kerala,Kottayam,"Ettumanoor APMC",Ashgourd,Ashgourd,FAQ,28/03/2026,1600,2000,1800
Kerala,Kottayam,"Ettumanoor APMC","Bitter gourd","Bitter Gourd",FAQ,28/03/2026,5600,6000,5800
"Jammu and Kashmir",Kathua,"Kathua APMC",Pomegranate,Pomogranate,"Grade B",28/03/2026,10000,12000,11000
"Jammu and Kashmir",Kathua,"Kathua APMC",Cabbage,Cabbage,FAQ,28/03/2026,400,600,500
"Jammu and Kashmir",Kathua,"Kathua APMC",Capsicum,Capsicum,FAQ,28/03/2026,4000,4500,4250
"Jammu and Kashmir",Kathua,"Kathua APMC","Round gourd",Other,FAQ,28/03/2026,2000,2500,2250
"Jammu and Kashmir",Kathua,"Kathua APMC",Pumpkin,Pumpkin,FAQ,28/03/2026,2500,3000,2750
"Jammu and Kashmir",Kathua,"Kathua APMC",Banana,Other,"Grade B",28/03/2026,4000,4500,4250
Kerala,Ernakulam,"Thrippunithura APMC","Banana - Green","Banana - Green",Medium,28/03/2026,2800,5000,3000
Kerala,Ernakulam,"Thrippunithura APMC","Bottle gourd","Bottle Gourd",Medium,28/03/2026,5000,6000,5200
Kerala,Ernakulam,"Thrippunithura APMC",Cabbage,Cabbage,Medium,28/03/2026,3800,5000,4000
Kerala,Ernakulam,"Thrippunithura APMC",Brinjal,Brinjal,Medium,28/03/2026,5000,6000,5200
Kerala,Ernakulam,"Thrippunithura APMC","Indian Beans(Seam)",Other,Medium,28/03/2026,9000,9500,9200
Kerala,Ernakulam,"Thrippunithura APMC",Mango(Raw-Ripe),"Mango - Raw-Ripe",Local,28/03/2026,5000,6000,5200
Kerala,Ernakulam,"Thrippunithura APMC",Potato,Potato,Medium,28/03/2026,3600,4400,3600
Kerala,Ernakulam,"Thrippunithura APMC",Tapioca,Tapioca,Medium,28/03/2026,3000,3500,3200
Kerala,Palakad,"Pattambi APMC",Cowpea(Veg),"Cowpea (Veg)",FAQ,28/03/2026,3000,3500,3200
Kerala,Palakad,"Pattambi APMC",Onion,Onion,FAQ,28/03/2026,3500,4000,3800
Kerala,Palakad,"Pattambi APMC",Potato,Potato,FAQ,28/03/2026,2600,3000,2800
Kerala,Palakad,"Pattambi APMC",Tomato,Tomato,FAQ,28/03/2026,2400,2600,2500
Kerala,Palakad,"Pattambi APMC","Bottle gourd","Bottle Gourd",FAQ,28/03/2026,3000,3500,3200
Kerala,Ernakulam,"North Paravur APMC","Amla(Nelli Kai)",Amla,Medium,28/03/2026,6500,7000,6800
Kerala,Ernakulam,"North Paravur APMC","Black pepper",Garbled,"Grade Range-1",28/03/2026,75000,95000,80000
Kerala,Ernakulam,"North Paravur APMC",Alsandikai,Alsandikai,Medium,28/03/2026,3800,4200,4000
"Himachal Pradesh",Solan,"SMY Nalagarh",Grapes,Other,Medium,28/03/2026,5000,6000,5500
"Himachal Pradesh",Solan,"SMY Nalagarh",Banana,Other,Medium,28/03/2026,2700,2900,2800
"Himachal Pradesh",Solan,"SMY Nalagarh",Cauliflower,Other,Medium,28/03/2026,2000,2200,2100
Rajasthan,Dausa,"Lalsot APMC",Mustard,Other,Local,28/03/2026,6414,7023,6820
Rajasthan,Dausa,"Lalsot APMC",Soanf,Other,Local,28/03/2026,5100,11225,10815
Rajasthan,Dausa,"Lalsot APMC","Red Gram",Local,Local,28/03/2026,4325,5270,5250
"Himachal Pradesh",Hamirpur,"SMY Nadaun",Potato,Other,"Grade B",28/03/2026,1000,1600,1300
"Himachal Pradesh",Hamirpur,"SMY Nadaun",Cucumbar(Kheera),Cucumbar,"Grade B",28/03/2026,2000,3000,2500
"Himachal Pradesh",Kangra,"SMY Baijnath",Banana,"Banana - Ripe","Grade A",28/03/2026,3500,3600,3600
"Himachal Pradesh",Kangra,"SMY Baijnath",Pomegranate,Pomogranate,"Grade B",28/03/2026,13000,14500,14000
"Himachal Pradesh",Kangra,"SMY Baijnath",Tomato,Deshi,"Grade B",28/03/2026,2000,2200,2100
"Himachal Pradesh",Kangra,"SMY Baijnath",Potato,Jyoti,"Grade A",28/03/2026,800,1000,900
"Himachal Pradesh",Kangra,"SMY Jaisinghpur",Tomato,Tomato,FAQ,28/03/2026,1900,2100,2000
"Himachal Pradesh",Kangra,"SMY Jaisinghpur",Ginger(Green),"Green Ginger",FAQ,28/03/2026,9000,9500,9200
"Himachal Pradesh",Kangra,"SMY Jaisinghpur",Grapes,Other,Medium,28/03/2026,11000,14500,12500
"Himachal Pradesh",Kangra,"SMY Jaisinghpur","Green Chilli","Green Chilly",FAQ,28/03/2026,6500,7500,7000
"Himachal Pradesh",Kangra,"SMY Jaisinghpur","Bhindi(Ladies Finger)",Bhindi,FAQ,28/03/2026,6800,7200,7000
"Himachal Pradesh",Kangra,"SMY Jaisinghpur",Potato,Potato,FAQ,28/03/2026,900,1200,1000
"Himachal Pradesh",Kangra,"SMY Nagrota Bagwan",Grapes,Other,Medium,28/03/2026,8500,12000,10000
"Himachal Pradesh",Kangra,"SMY Nagrota Bagwan",Apple,Apple,Medium,28/03/2026,11000,13000,12000
"Himachal Pradesh",Kangra,"SMY Nagrota Bagwan",Ginger(Green),"Green Ginger",FAQ,28/03/2026,7500,8000,7800
"West Bengal",Darjeeling,"Siliguri APMC",Banana,"Banana - Ripe","Grade A",28/03/2026,2000,2200,2100
"West Bengal",Darjeeling,"Siliguri APMC",Ginger(Green),"Green Ginger",FAQ,28/03/2026,5600,6000,5800
"West Bengal",Darjeeling,"Siliguri APMC","Masur Dal","Masur Dal",FAQ,28/03/2026,12100,12300,12200
Kerala,Kannur,"Taliparamba APMC",Banana,Other,Small,28/03/2026,6200,6400,6300
Kerala,Kannur,"Taliparamba APMC",Potato,Potato,FAQ,28/03/2026,2400,2600,2500
"Tamil Nadu",Erode,"Gobichettipalayam(Uzhavar Sandhai ) APMC",Brinjal,Round,Local,28/03/2026,3600,4000,3800
"Tamil Nadu",Erode,"Gobichettipalayam(Uzhavar Sandhai ) APMC",Papaya,Papaya,Local,28/03/2026,2500,2800,2650
"Tamil Nadu",Erode,"Gobichettipalayam(Uzhavar Sandhai ) APMC","Bottle gourd","Bottle Gourd",Local,28/03/2026,1000,1200,1100
"Tamil Nadu",Erode,"Gobichettipalayam(Uzhavar Sandhai ) APMC","Bhindi(Ladies Finger)",Bhindi,Local,28/03/2026,4500,5000,4750
"Tamil Nadu",Erode,"Gobichettipalayam(Uzhavar Sandhai ) APMC",Coconut,Coconut,Local,28/03/2026,4500,5000,4750
"Tamil Nadu",Erode,"Gobichettipalayam(Uzhavar Sandhai ) APMC",Carrot,Pusakesar,Local,28/03/2026,4600,5000,4800
"Tamil Nadu",Erode,"Gobichettipalayam(Uzhavar Sandhai ) APMC",Cabbage,Cabbage,Local,28/03/2026,1800,2200,2000
"Tamil Nadu",Erode,"Gobichettipalayam(Uzhavar Sandhai ) APMC","Green Avare(W)","Green Avare (W)",Local,28/03/2026,5500,6000,5750
"Tamil Nadu",Erode,"Gobichettipalayam(Uzhavar Sandhai ) APMC","Chow Chow","Chow Chow",Local,28/03/2026,2500,2800,2650
"Tamil Nadu",Erode,"Gobichettipalayam(Uzhavar Sandhai ) APMC","Elephant Yam(Suran)/Amorphophallus","Elephant Yam (Suran)",Local,28/03/2026,3000,3500,3250
"Tamil Nadu",Erode,"Sathiyamagalam(Uzhavar Sandhai ) APMC",Onion,Bellary,Local,28/03/2026,2400,2800,2600
"Tamil Nadu",Erode,"Sathiyamagalam(Uzhavar Sandhai ) APMC",Brinjal,Other,Local,28/03/2026,3500,4000,3750
"Tamil Nadu",Erode,"Sathiyamagalam(Uzhavar Sandhai ) APMC",Tomato,Local,Local,28/03/2026,1000,1500,1250
"Tamil Nadu",Erode,"Sathiyamagalam(Uzhavar Sandhai ) APMC",Ashgourd,Gouard,Local,28/03/2026,1400,1800,1600
"Tamil Nadu",Erode,"Sathiyamagalam(Uzhavar Sandhai ) APMC",Tapioca,Tapioca,Local,28/03/2026,2500,3000,2750
"Tamil Nadu",Erode,"Sathiyamagalam(Uzhavar Sandhai ) APMC","Elephant Yam(Suran)/Amorphophallus","Elephant Yam (Suran)",Local,28/03/2026,3000,3500,3250
"Himachal Pradesh",Shimla,"SMY Rohroo",Tomato,Deshi,"Grade A",28/03/2026,2200,2400,2300
"Himachal Pradesh",Una,"SMY Santoshgarh",Garlic,Other,FAQ,28/03/2026,7000,7500,7250
"Himachal Pradesh",Una,"SMY Santoshgarh",Ginger(Green),"Green Ginger",FAQ,28/03/2026,7000,7300,7150
"Himachal Pradesh",Una,"SMY Santoshgarh","Bottle gourd","Bottle Gourd",FAQ,28/03/2026,3300,3300,3300
"Himachal Pradesh",Una,"SMY Santoshgarh",Carrot,Other,FAQ,28/03/2026,2400,2400,2400
"Himachal Pradesh",Una,"SMY Santoshgarh",Pumpkin,Pumpkin,FAQ,28/03/2026,2000,2100,2050
"Himachal Pradesh",Una,"SMY Santoshgarh",Chikoos(Sapota),Other,"Grade A",28/03/2026,4100,4100,4100
"Himachal Pradesh",Una,"SMY Santoshgarh",Papaya,Papaya,"Grade A",28/03/2026,3700,3700,3700
Odisha,Dhenkanal,"Hindol APMC",Brinjal,Brinjal,"Grade B",28/03/2026,2500,3000,2800
Odisha,Dhenkanal,"Hindol APMC",Cabbage,Cabbage,"Grade B",28/03/2026,1800,2200,2000
Odisha,Dhenkanal,"Hindol APMC",Cucumbar(Kheera),Cucumbar,"Grade B",28/03/2026,3700,4000,3800
Odisha,Dhenkanal,"Hindol APMC",Onion,Other,"Grade B",28/03/2026,1700,2000,1800
"Andaman and Nicobar","North and Middle Andaman ","Diglipur APMC","Knool Khol",Other,FAQ,28/03/2026,2000,4000,3000
"Andaman and Nicobar","North and Middle Andaman ","Diglipur APMC",Colacasia,Other,FAQ,28/03/2026,3000,6000,4000
"Andaman and Nicobar","North and Middle Andaman ","Diglipur APMC",Papaya(Raw),Other,FAQ,28/03/2026,1500,3000,2000
"Andaman and Nicobar","North and Middle Andaman ","Diglipur APMC","Little gourd(Kundru)",Other,FAQ,28/03/2026,2000,4000,3000
"Andaman and Nicobar","North and Middle Andaman ","Diglipur APMC",Raddish,Other,FAQ,28/03/2026,1500,3000,2000
"Andaman and Nicobar","North and Middle Andaman ","Diglipur APMC",Banana,"Banana - Ripe",Local,28/03/2026,3000,6000,4500
"Tamil Nadu",Namakkal,"Tiruchengode APMC","Cluster beans","Cluster Beans",Local,28/03/2026,3500,4000,3750
"Tamil Nadu",Namakkal,"Tiruchengode APMC",Ashgourd,Gouard,Local,28/03/2026,1400,1600,1500
"Tamil Nadu",Namakkal,"Tiruchengode APMC","Green Chilli","Green Chilly",Local,28/03/2026,4500,5000,4750
"Tamil Nadu",Namakkal,"Tiruchengode APMC",Tapioca,Tapioca,Local,28/03/2026,2000,2500,2250
"Tamil Nadu",Namakkal,"Tiruchengode APMC",Carrot,Pusakesar,Local,28/03/2026,4500,5000,4750
"Tamil Nadu",Namakkal,"Tiruchengode APMC",Drumstick,Drumstick,Local,28/03/2026,2000,2500,2250
"Tamil Nadu",Thiruchirappalli,"Thuraiyur APMC",Coriander(Leaves),"I Sort",Local,28/03/2026,2000,2500,2250
"Tamil Nadu",Thiruchirappalli,"Thuraiyur APMC",Cowpea(Veg),"Cowpea (Veg)",Local,28/03/2026,2000,2500,2250
"Tamil Nadu",Thiruchirappalli,"Thuraiyur APMC","Betal Leaves",Mysore,Local,28/03/2026,8000,9000,8500
"Tamil Nadu",Thiruchirappalli,"Thuraiyur APMC",Carrot,Pusakesar,Local,28/03/2026,3500,4000,3750
"Tamil Nadu",Ariyalur,"Ariyalur(Uzhavar Sandhai) APMC",Raddish,Raddish,Local,28/03/2026,2000,2400,2200
"Tamil Nadu",Ariyalur,"Ariyalur(Uzhavar Sandhai) APMC","Onion Green","Onion Green",Local,28/03/2026,3000,3500,3250
"Tamil Nadu",Ariyalur,"Ariyalur(Uzhavar Sandhai) APMC",Mint(Pudina),Mint(Pudina),Local,28/03/2026,3500,4000,3750
"Madhya Pradesh",Khandwa,"Khandwa(F&V) APMC",Brinjal,Brinjal,FAQ,28/03/2026,800,1600,1000
"Madhya Pradesh",Khandwa,"Khandwa(F&V) APMC",Tomato,Tomato,FAQ,28/03/2026,400,1000,524
"Tamil Nadu",Coimbatore,"RSPuram(Uzhavar Sandhai ) APMC",Onion,Bellary,Local,28/03/2026,1800,2100,1950
"Tamil Nadu",Coimbatore,"RSPuram(Uzhavar Sandhai ) APMC","Water Melon","Water Melon",Local,28/03/2026,2200,2400,2300
"Tamil Nadu",Coimbatore,"RSPuram(Uzhavar Sandhai ) APMC",Amaranthus,Amaranthus,Local,28/03/2026,2000,3000,2500
"Tamil Nadu",Coimbatore,"RSPuram(Uzhavar Sandhai ) APMC","Banana - Green","Banana - Green",Local,28/03/2026,2800,3200,3000
"Tamil Nadu",Coimbatore,"RSPuram(Uzhavar Sandhai ) APMC",Cabbage,Cabbage,Local,28/03/2026,1400,1800,1600
"Tamil Nadu",Coimbatore,"RSPuram(Uzhavar Sandhai ) APMC",Snakeguard,Snakeguard,Local,28/03/2026,3000,3500,3250
"Tamil Nadu",Coimbatore,"RSPuram(Uzhavar Sandhai ) APMC",Thondekai,Thondekai,Local,28/03/2026,2800,3200,3000
"Tamil Nadu",Coimbatore,"RSPuram(Uzhavar Sandhai ) APMC",Capsicum,Capsicum,Local,28/03/2026,4600,5000,4800
"Tamil Nadu",Coimbatore,"RSPuram(Uzhavar Sandhai ) APMC","Green Avare(W)",Other,Local,28/03/2026,5600,6200,5900
"Tamil Nadu",Coimbatore,"RSPuram(Uzhavar Sandhai ) APMC","Karbuja(Musk Melon)",Karbhuja,Local,28/03/2026,3000,3400,3200
"Tamil Nadu",Coimbatore,"RSPuram(Uzhavar Sandhai ) APMC",Pomegranate,Pomogranate,Local,28/03/2026,22000,23000,22500
"Tamil Nadu",Coimbatore,"RSPuram(Uzhavar Sandhai ) APMC","Indian Beans(Seam)","Indian Beans (Seam)",Local,28/03/2026,6000,6400,6200
"Tamil Nadu",Coimbatore,"RSPuram(Uzhavar Sandhai ) APMC","Onion Green","Onion Green",Local,28/03/2026,2800,3200,3000
"Tamil Nadu",Coimbatore,"RSPuram(Uzhavar Sandhai ) APMC",Mint(Pudina),Mint(Pudina),Local,28/03/2026,3000,3500,3250
"Tamil Nadu",Coimbatore,"Singanallur(Uzhavar Sandhai ) APMC",Apple,American,Local,28/03/2026,23000,24000,23500
"Tamil Nadu",Coimbatore,"Singanallur(Uzhavar Sandhai ) APMC",Potato,Other,Local,28/03/2026,3000,3600,3300
"Tamil Nadu",Coimbatore,"Singanallur(Uzhavar Sandhai ) APMC",Brinjal,Round,Local,28/03/2026,3000,4500,3750
"Tamil Nadu",Coimbatore,"Singanallur(Uzhavar Sandhai ) APMC",Tomato,Deshi,Local,28/03/2026,1600,1800,1700
"Tamil Nadu",Coimbatore,"Singanallur(Uzhavar Sandhai ) APMC",Pumpkin,Pumpkin,Local,28/03/2026,1800,2000,1900
"Tamil Nadu",Coimbatore,"Singanallur(Uzhavar Sandhai ) APMC","Sweet Potato","Hosur Red",Local,28/03/2026,3000,3500,3250
"Tamil Nadu",Coimbatore,"Singanallur(Uzhavar Sandhai ) APMC",Cabbage,Cabbage,Local,28/03/2026,1800,2200,2000
"Tamil Nadu",Coimbatore,"Singanallur(Uzhavar Sandhai ) APMC",Capsicum,Capsicum,Local,28/03/2026,5000,5500,5250
"Tamil Nadu",Coimbatore,"Singanallur(Uzhavar Sandhai ) APMC","Green Avare(W)","Green Avare (W)",Local,28/03/2026,5500,6000,5750
"Tamil Nadu",Coimbatore,"Singanallur(Uzhavar Sandhai ) APMC",Lime,Lime,Local,28/03/2026,12000,12500,12250
"Himachal Pradesh",Kangra,"PMY Kangra",Mango,Other,Medium,28/03/2026,15000,20000,18000
"Himachal Pradesh",Kangra,"PMY Kangra",Onion,Onion,FAQ,28/03/2026,1800,2000,1900
"Himachal Pradesh",Kangra,"PMY Kangra",Tomato,Tomato,FAQ,28/03/2026,1800,2000,1900
"Himachal Pradesh",Kangra,"PMY Kangra",Capsicum,Capsicum,FAQ,28/03/2026,5000,5500,5200
"Himachal Pradesh",Kangra,"PMY Kangra","Pea Pod/Pea Cod/हरी मटर",Other,FAQ,28/03/2026,4500,5000,4700
"Himachal Pradesh",Kangra,"PMY Kangra","Green Chilli","Green Chilly",FAQ,28/03/2026,8000,10000,9000
"Himachal Pradesh",Kangra,"PMY Kangra",Tinda,Tinda,FAQ,28/03/2026,4500,5000,4700
"Himachal Pradesh",Kangra,"PMY Kangra","Bitter gourd","Bitter Gourd",FAQ,28/03/2026,7000,7500,7200
Haryana,Mahendragarh-Narnaul,"Narnaul APMC",Tomato,Tomato,Medium,28/03/2026,1000,1500,1500
Haryana,Mahendragarh-Narnaul,"Narnaul APMC",Onion,Onion,Medium,28/03/2026,800,1200,1000
Haryana,Mahendragarh-Narnaul,"Narnaul APMC",Pomegranate,Pomogranate,Medium,28/03/2026,12000,14000,14000
Haryana,Mahendragarh-Narnaul,"Narnaul APMC","Water Melon","Water Melon",Medium,28/03/2026,2000,2500,2500
Haryana,Mahendragarh-Narnaul,"Narnaul APMC","Karbuja(Musk Melon)",Karbhuja,Medium,28/03/2026,2000,2500,2500
Gujarat,Rajkot,"Rajkot(Veg.Sub Yard) APMC",Potato,Potato,FAQ,28/03/2026,495,1280,885
"Uttar Pradesh",Raebarelli,"Lalganj APMC",Onion,Red,FAQ,28/03/2026,1100,1300,1200
"Uttar Pradesh",Raebarelli,"Lalganj APMC",Pumpkin,Pumpkin,FAQ,28/03/2026,1300,1500,1400
"Uttar Pradesh",Raebarelli,"Lalganj APMC","Bottle gourd","Bottle Gourd",FAQ,28/03/2026,1300,1500,1400
"Uttar Pradesh",Amroha,"Hasanpur APMC","Bottle gourd","Bottle Gourd",FAQ,28/03/2026,1450,1520,1500
"Uttar Pradesh",Amroha,"Hasanpur APMC","Bitter gourd","Bitter Gourd",FAQ,28/03/2026,1450,1550,1520
Haryana,Panchkula,"Barwala APMC",Onion,Onion,FAQ,28/03/2026,1500,1500,1500
Haryana,Panchkula,"Barwala APMC","Bottle gourd","Bottle Gourd",FAQ,28/03/2026,1500,2000,1750
"Tamil Nadu",Coimbatore,"Pollachi(Uzhavar Sandhai ) APMC",Potato,"Red Nanital",Local,28/03/2026,3000,3500,3250
"Tamil Nadu",Coimbatore,"Pollachi(Uzhavar Sandhai ) APMC",Cauliflower,Ranchi,Local,28/03/2026,3500,4000,3750
"Tamil Nadu",Coimbatore,"Pollachi(Uzhavar Sandhai ) APMC",Tomato,Deshi,Local,28/03/2026,1500,1800,1650
"Tamil Nadu",Coimbatore,"Pollachi(Uzhavar Sandhai ) APMC",Pumpkin,Pumpkin,Local,28/03/2026,2000,2500,2250
"Tamil Nadu",Coimbatore,"Pollachi(Uzhavar Sandhai ) APMC",Drumstick,Drumstick,Local,28/03/2026,2500,3000,2750
"Uttar Pradesh",Shahjahanpur,"Jalalabad APMC",Wheat,Dara,FAQ,28/03/2026,2300,2595,2447
"Uttar Pradesh",Shahjahanpur,"Jalalabad APMC",Maize,Hybrid,FAQ,28/03/2026,1900,2025,2000
"Uttar Pradesh",Shahjahanpur,"Jalalabad APMC","Bottle gourd","Bottle Gourd",Local,28/03/2026,900,1000,950
"Uttar Pradesh",Shamli,"Kairana APMC","Water Melon","Water Melon",Medium,28/03/2026,1400,1500,1450
"Uttar Pradesh",Shamli,"Kairana APMC",Lemon,Lemon,FAQ,28/03/2026,4500,4600,4550
"Tamil Nadu",Coimbatore,"Mettupalayam(Uzhavar Sandhai ) APMC",Banana,Besrai,Local,28/03/2026,3000,7000,5000
"Tamil Nadu",Coimbatore,"Mettupalayam(Uzhavar Sandhai ) APMC",Cauliflower,Ranchi,Local,28/03/2026,3000,3500,3250
"Tamil Nadu",Coimbatore,"Mettupalayam(Uzhavar Sandhai ) APMC",Tomato,Deshi,Local,28/03/2026,1500,1800,1650
"Tamil Nadu",Coimbatore,"Mettupalayam(Uzhavar Sandhai ) APMC",Tapioca,Tapioca,Local,28/03/2026,2500,3000,2750
"Tamil Nadu",Coimbatore,"Mettupalayam(Uzhavar Sandhai ) APMC",Cabbage,Cabbage,Local,28/03/2026,1800,2200,2000
"Tamil Nadu",Coimbatore,"Mettupalayam(Uzhavar Sandhai ) APMC",Ridgeguard(Tori),Ridgeguard(Tori),Local,28/03/2026,3500,4500,4000
"Tamil Nadu",Coimbatore,"Mettupalayam(Uzhavar Sandhai ) APMC","Green Avare(W)","Green Avare (W)",Local,28/03/2026,4500,5000,4750
"Tamil Nadu",Coimbatore,"Mettupalayam(Uzhavar Sandhai ) APMC","Chow Chow","Chow Chow",Local,28/03/2026,2000,2400,2200
"Tamil Nadu",Coimbatore,"Mettupalayam(Uzhavar Sandhai ) APMC",Mango(Raw-Ripe),"Mango - Raw-Ripe",Local,28/03/2026,4000,4500,4250
"Tamil Nadu",Coimbatore,"Mettupalayam(Uzhavar Sandhai ) APMC","Knool Khol","Knool Khol",Local,28/03/2026,3000,3500,3250
"Tamil Nadu",Coimbatore,"Mettupalayam(Uzhavar Sandhai ) APMC","Elephant Yam(Suran)/Amorphophallus","Elephant Yam (Suran)",Local,28/03/2026,3000,3500,3250
"Uttar Pradesh","Khiri (Lakhimpur)","Maigalganj APMC",Potato,Desi,FAQ,28/03/2026,588,610,599
"Uttar Pradesh","Khiri (Lakhimpur)","Maigalganj APMC",Brinjal,Round/Long,FAQ,28/03/2026,640,680,660
"Uttar Pradesh",Saharanpur,"Rampurmaniharan APMC",Ridgeguard(Tori),Ridgeguard(Tori),"Grade C",28/03/2026,1900,1900,1900
"Uttar Pradesh",Saharanpur,"Rampurmaniharan APMC",Cauliflower,Cauliflower,"Grade C",28/03/2026,700,700,700
"Uttar Pradesh",Saharanpur,"Rampurmaniharan APMC","Green Chilli","Green Chilly","Grade C",28/03/2026,2800,2800,2800
"Uttar Pradesh",Saharanpur,"Rampurmaniharan APMC",Carrot,Carrot,"Grade C",28/03/2026,1300,1300,1300
Telangana,Mahbubnagar,"Mahabubnagar(Rythu Bazar) APMC",Tomato,Deshi,Local,28/03/2026,1600,1600,1600
"Uttar Pradesh",Bareilly,"Anwala APMC","Bottle gourd","Bottle Gourd",FAQ,28/03/2026,1000,1000,1000
"Uttar Pradesh",Bareilly,"Anwala APMC",Tomato,Local,FAQ,28/03/2026,1200,1200,1200
"Uttar Pradesh","Siddharth Nagar","Naugarh APMC","Green Chilli","Green Chilly","Grade A",28/03/2026,5060,5060,5060
"Uttar Pradesh","Siddharth Nagar","Naugarh APMC",Pomegranate,Pomogranate,"Grade A",28/03/2026,8450,8450,8450
"Uttar Pradesh","Siddharth Nagar","Naugarh APMC",Onion,Red,"Grade A",28/03/2026,1350,1350,1350
"Uttar Pradesh","Siddharth Nagar","Naugarh APMC",Cauliflower,Cauliflower,"Grade A",28/03/2026,1650,1650,1650
"Uttar Pradesh",Agra,"Khairagarh APMC",Onion,Red,FAQ,28/03/2026,1000,1100,1050
"Uttar Pradesh",Agra,"Khairagarh APMC",Ginger(Green),"Green Ginger",FAQ,28/03/2026,3500,3600,3550
"Tamil Nadu",Karur,"Karur(Uzhavar Sandhai ) APMC",Banana,"Red Banana",Local,28/03/2026,5000,6000,5500
"Tamil Nadu",Karur,"Karur(Uzhavar Sandhai ) APMC",Potato,Other,Local,28/03/2026,3500,4000,3750
"Tamil Nadu",Karur,"Karur(Uzhavar Sandhai ) APMC",Coriander(Leaves),"I Sort",Local,28/03/2026,5500,6000,5750
"Tamil Nadu",Karur,"Karur(Uzhavar Sandhai ) APMC",Papaya,Papaya,Local,28/03/2026,3000,3500,3250
"Tamil Nadu",Karur,"Karur(Uzhavar Sandhai ) APMC",Tomato,Deshi,Local,28/03/2026,1300,1800,1550
"Tamil Nadu",Karur,"Karur(Uzhavar Sandhai ) APMC","Cluster beans","Cluster Beans",Local,28/03/2026,3500,4000,3750
"Tamil Nadu",Karur,"Karur(Uzhavar Sandhai ) APMC",Pumpkin,Pumpkin,Local,28/03/2026,1500,2000,1750
"Tamil Nadu",Karur,"Karur(Uzhavar Sandhai ) APMC","Green Chilli","Green Chilly",Local,28/03/2026,3000,4000,3500
"Tamil Nadu",Karur,"Karur(Uzhavar Sandhai ) APMC",Beans,"Beans (Whole)",Local,28/03/2026,7500,8000,7750
"Tamil Nadu",Karur,"Karur(Uzhavar Sandhai ) APMC","Sweet Potato","Hosur Red",Local,28/03/2026,3000,3500,3250
"Tamil Nadu",Karur,"Karur(Uzhavar Sandhai ) APMC",Carrot,Pusakesar,Local,28/03/2026,4500,5000,4750
"Tamil Nadu",Karur,"Karur(Uzhavar Sandhai ) APMC",Cabbage,Cabbage,Local,28/03/2026,2500,3000,2750
"Tamil Nadu",Karur,"Karur(Uzhavar Sandhai ) APMC",Snakeguard,Snakeguard,Local,28/03/2026,2500,3000,2750
"Tamil Nadu",Karur,"Karur(Uzhavar Sandhai ) APMC",Drumstick,Drumstick,Local,28/03/2026,2500,3000,2750
"Tamil Nadu",Karur,"Karur(Uzhavar Sandhai ) APMC","Elephant Yam(Suran)/Amorphophallus","Elephant Yam (Suran)",Local,28/03/2026,3500,4000,3750
"Tamil Nadu",Karur,"Karur(Uzhavar Sandhai ) APMC","Sweet Corn ","Sweet Corn ",Local,28/03/2026,3500,4000,3750
Tripura,Unokoti,Machmara,Cauliflower,Local,FAQ,28/03/2026,2000,2200,2100
Tripura,Unokoti,Machmara,Cabbage,Cabbage,FAQ,28/03/2026,800,1000,900
"Tamil Nadu",Coimbatore,"Kurichi(Uzhavar Sandhai ) APMC",Onion,Bellary,Local,28/03/2026,2000,2200,2100
"Tamil Nadu",Coimbatore,"Kurichi(Uzhavar Sandhai ) APMC","Bitter gourd",Other,Local,28/03/2026,4500,5000,4750
"Tamil Nadu",Coimbatore,"Kurichi(Uzhavar Sandhai ) APMC",Ashgourd,Gouard,Local,28/03/2026,1600,2000,1800
"Tamil Nadu",Coimbatore,"Kurichi(Uzhavar Sandhai ) APMC","Bhindi(Ladies Finger)",Bhindi,Local,28/03/2026,6000,6500,6250
"Tamil Nadu",Coimbatore,"Kurichi(Uzhavar Sandhai ) APMC","Banana - Green","Banana - Green",Local,28/03/2026,3200,3600,3400
"Tamil Nadu",Coimbatore,"Kurichi(Uzhavar Sandhai ) APMC",Snakeguard,Snakeguard,Local,28/03/2026,3000,3500,3250
"Tamil Nadu",Coimbatore,"Kurichi(Uzhavar Sandhai ) APMC",Drumstick,Drumstick,Local,28/03/2026,3000,3500,3250
"Tamil Nadu",Coimbatore,"Kurichi(Uzhavar Sandhai ) APMC","Elephant Yam(Suran)/Amorphophallus","Elephant Yam (Suran)",Local,28/03/2026,2500,3000,2750
"Tamil Nadu",Coimbatore,"Kurichi(Uzhavar Sandhai ) APMC",Mint(Pudina),Mint(Pudina),Local,28/03/2026,3500,4000,3750
"Tamil Nadu",Cuddalore,"Cuddalore(Uzhavar Sandhai ) APMC",Coriander(Leaves),"I Sort",Local,28/03/2026,4000,4000,4000
"Tamil Nadu",Cuddalore,"Cuddalore(Uzhavar Sandhai ) APMC","Cluster beans","Cluster Beans",Local,28/03/2026,4000,4000,4000
"Tamil Nadu",Cuddalore,"Cuddalore(Uzhavar Sandhai ) APMC","Green Avare(W)","Green Avare (W)",Local,28/03/2026,6000,10000,8000
"Tamil Nadu",Cuddalore,"Cuddalore(Uzhavar Sandhai ) APMC",Lemon,Lemon,Local,28/03/2026,10000,12000,11000
"Tamil Nadu",Cuddalore,"Cuddalore(Uzhavar Sandhai ) APMC",Mint(Pudina),Mint(Pudina),Local,28/03/2026,2500,2500,2500
"Tamil Nadu",Cuddalore,"Viruthachalam(Uzhavar Sandhai ) APMC",Banana,Besrai,Local,28/03/2026,4000,7000,5500
"Tamil Nadu",Cuddalore,"Viruthachalam(Uzhavar Sandhai ) APMC",Potato,"Red Nanital",Local,28/03/2026,3500,4000,3750
"Tamil Nadu",Cuddalore,"Viruthachalam(Uzhavar Sandhai ) APMC",Brinjal,Round,Local,28/03/2026,3000,3000,3000
"Tamil Nadu",Cuddalore,"Viruthachalam(Uzhavar Sandhai ) APMC","Cluster beans","Cluster Beans",Local,28/03/2026,3000,3000,3000
"Tamil Nadu",Cuddalore,"Viruthachalam(Uzhavar Sandhai ) APMC",Pumpkin,Pumpkin,Local,28/03/2026,2000,2000,2000
"Tamil Nadu",Cuddalore,"Viruthachalam(Uzhavar Sandhai ) APMC",Snakeguard,Snakeguard,Local,28/03/2026,2000,2000,2000
"Tamil Nadu",Cuddalore,"Vadalur(Uzhavar Sandhai ) APMC",Coriander(Leaves),"I Sort",Local,28/03/2026,5000,5000,5000
"Tamil Nadu",Cuddalore,"Vadalur(Uzhavar Sandhai ) APMC",Tomato,Local,Local,28/03/2026,1500,1500,1500
"Tamil Nadu",Cuddalore,"Vadalur(Uzhavar Sandhai ) APMC","Cluster beans","Cluster Beans",Local,28/03/2026,3000,3000,3000
"Tamil Nadu",Cuddalore,"Vadalur(Uzhavar Sandhai ) APMC",Cabbage,Cabbage,Local,28/03/2026,2500,2500,2500
"Tamil Nadu",Cuddalore,"Vadalur(Uzhavar Sandhai ) APMC",Beetroot,Beetroot,Local,28/03/2026,2500,2500,2500
"Tamil Nadu",Cuddalore,"Vadalur(Uzhavar Sandhai ) APMC",Cucumbar(Kheera),Cucumbar,Local,28/03/2026,3000,3000,3000
"Tamil Nadu",Cuddalore,"Vadalur(Uzhavar Sandhai ) APMC",Raddish,Raddish,Local,28/03/2026,2500,2500,2500
"Tamil Nadu",Cuddalore,"Vadalur(Uzhavar Sandhai ) APMC",Thondekai,Thondekai,Local,28/03/2026,5000,5000,5000
"Tamil Nadu",Cuddalore,"Vadalur(Uzhavar Sandhai ) APMC","Knool Khol","Knool Khol",Local,28/03/2026,3000,3000,3000
"Tamil Nadu",Cuddalore,"Vadalur(Uzhavar Sandhai ) APMC","Amla(Nelli Kai)",Amla,Local,28/03/2026,6000,6000,6000
"Tamil Nadu",Dharmapuri,"Dharmapuri(Uzhavar Sandhai ) APMC",Ginger(Green),"Green Ginger",Local,28/03/2026,8400,8600,8500
"Tamil Nadu",Dharmapuri,"Dharmapuri(Uzhavar Sandhai ) APMC",Cucumbar(Kheera),Cucumbar,Local,28/03/2026,3600,3800,3700
"Tamil Nadu",Dharmapuri,"Dharmapuri(Uzhavar Sandhai ) APMC",Thondekai,Thondekai,Local,28/03/2026,5400,5600,5500
"Tamil Nadu",Dharmapuri,"Pennagaram(Uzhavar Sandhai ) APMC",Chikoos(Sapota),Sapota,Local,28/03/2026,4800,5000,4900
"Tamil Nadu",Dharmapuri,"Pennagaram(Uzhavar Sandhai ) APMC","Cluster beans","Cluster Beans",Local,28/03/2026,3800,4000,3900
"Tamil Nadu",Dharmapuri,"Pennagaram(Uzhavar Sandhai ) APMC","Bhindi(Ladies Finger)",Bhindi,Local,28/03/2026,4300,4500,4400
"Tamil Nadu",Dharmapuri,"Pennagaram(Uzhavar Sandhai ) APMC",Coconut,Coconut,Local,28/03/2026,5800,6000,5900
"Tamil Nadu",Dharmapuri,"Pennagaram(Uzhavar Sandhai ) APMC",Guava,"Guava Allahabad",Local,28/03/2026,4800,5000,4900
"Tamil Nadu",Dharmapuri,"Palacode(Uzhavar Sandhai ) APMC",Cauliflower,Ranchi,Local,28/03/2026,2500,3000,2750
"Tamil Nadu",Dharmapuri,"Palacode(Uzhavar Sandhai ) APMC",Brinjal,Other,Local,28/03/2026,1800,2000,1900
"Tamil Nadu",Dharmapuri,"Palacode(Uzhavar Sandhai ) APMC",Chikoos(Sapota),Sapota,Local,28/03/2026,3000,3500,3250
"Tamil Nadu",Dharmapuri,"Palacode(Uzhavar Sandhai ) APMC",Papaya,Papaya,Local,28/03/2026,2500,3000,2750
"Tamil Nadu",Dharmapuri,"Palacode(Uzhavar Sandhai ) APMC",Beans,"Beans (Whole)",Local,28/03/2026,5600,6000,5800
"Tamil Nadu",Dharmapuri,"Palacode(Uzhavar Sandhai ) APMC",Ginger(Green),"Green Ginger",Local,28/03/2026,7500,8000,7750
"Tamil Nadu",Dharmapuri,"Palacode(Uzhavar Sandhai ) APMC",Capsicum,Capsicum,Local,28/03/2026,4800,5000,4900
"Tamil Nadu",Dharmapuri,"Palacode(Uzhavar Sandhai ) APMC","Onion Green","Onion Green",Local,28/03/2026,3000,3400,3200
"Tamil Nadu",Dharmapuri,"Palacode(Uzhavar Sandhai ) APMC",Mint(Pudina),Mint(Pudina),Local,28/03/2026,5500,6000,5750
"Tamil Nadu",Dharmapuri,"AJattihalli(Uzhavar Sandhai ) APMC",Brinjal,Other,Local,28/03/2026,1600,2000,1800
"Tamil Nadu",Dharmapuri,"AJattihalli(Uzhavar Sandhai ) APMC",Papaya,Papaya,Local,28/03/2026,3000,3600,3300
"Tamil Nadu",Dharmapuri,"AJattihalli(Uzhavar Sandhai ) APMC","Bitter gourd",Other,Local,28/03/2026,3000,3000,3000
"Tamil Nadu",Dharmapuri,"AJattihalli(Uzhavar Sandhai ) APMC","Bhindi(Ladies Finger)",Bhindi,Local,28/03/2026,6000,6000,6000
"Tamil Nadu",Dharmapuri,"AJattihalli(Uzhavar Sandhai ) APMC",Beans,"Beans (Whole)",Local,28/03/2026,7000,7600,7300
"Tamil Nadu",Dharmapuri,"AJattihalli(Uzhavar Sandhai ) APMC",Coconut,Coconut,Local,28/03/2026,5500,6400,5950
"Tamil Nadu",Dharmapuri,"AJattihalli(Uzhavar Sandhai ) APMC","Sweet Potato","Hosur Red",Local,28/03/2026,2000,2000,2000
"Tamil Nadu",Dharmapuri,"AJattihalli(Uzhavar Sandhai ) APMC",Snakeguard,Snakeguard,Local,28/03/2026,1000,1000,1000
"Tamil Nadu",Dharmapuri,"AJattihalli(Uzhavar Sandhai ) APMC",Cucumbar(Kheera),Cucumbar,Local,28/03/2026,3500,3800,3650
"Tamil Nadu",Dharmapuri,"AJattihalli(Uzhavar Sandhai ) APMC",Ridgeguard(Tori),Ridgeguard(Tori),Local,28/03/2026,3000,3000,3000
"Tamil Nadu",Dharmapuri,"AJattihalli(Uzhavar Sandhai ) APMC","Green Avare(W)",Other,Local,28/03/2026,5000,5000,5000
"Tamil Nadu",Dharmapuri,"AJattihalli(Uzhavar Sandhai ) APMC","Tender Coconut","Tender Coconut",Local,28/03/2026,2500,3000,2750
"Tamil Nadu",Dharmapuri,"AJattihalli(Uzhavar Sandhai ) APMC","Tamarind Fruit","Tamarind Fruit",Local,28/03/2026,14400,14400,14400
"Tamil Nadu",Dharmapuri,"AJattihalli(Uzhavar Sandhai ) APMC",Colacasia,Colacasia,Local,28/03/2026,6400,6400,6400
"Tamil Nadu",Erode,"Periyar Nagar(Uzhavar Sandhai ) APMC",Brinjal,Other,Local,28/03/2026,3000,3400,3200
"Tamil Nadu",Erode,"Periyar Nagar(Uzhavar Sandhai ) APMC",Chikoos(Sapota),Sapota,Local,28/03/2026,3000,3500,3250
"Tamil Nadu",Erode,"Periyar Nagar(Uzhavar Sandhai ) APMC","Cluster beans","Cluster Beans",Local,28/03/2026,3000,3500,3250
"Tamil Nadu",Erode,"Periyar Nagar(Uzhavar Sandhai ) APMC",Ashgourd,Gouard,Local,28/03/2026,1600,1800,1700
"Tamil Nadu",Erode,"Periyar Nagar(Uzhavar Sandhai ) APMC","Bhindi(Ladies Finger)",Bhindi,Local,28/03/2026,5400,5800,5600
"Tamil Nadu",Erode,"Periyar Nagar(Uzhavar Sandhai ) APMC",Coconut,Coconut,Local,28/03/2026,4200,4500,4350
"Tamil Nadu",Erode,"Periyar Nagar(Uzhavar Sandhai ) APMC",Ridgeguard(Tori),Ridgeguard(Tori),Local,28/03/2026,4000,4200,4100
"Tamil Nadu",Erode,"Periyar Nagar(Uzhavar Sandhai ) APMC","Tender Coconut","Tender Coconut",Local,28/03/2026,3500,4000,3750
"Tamil Nadu",Erode,"Periyar Nagar(Uzhavar Sandhai ) APMC","Elephant Yam(Suran)/Amorphophallus","Elephant Yam (Suran)",Local,28/03/2026,2000,2200,2100
"Tamil Nadu",Erode,"Periyar Nagar(Uzhavar Sandhai ) APMC","Amla(Nelli Kai)",Amla,Local,28/03/2026,6500,7000,6750
"Tamil Nadu",Erode,"Periyar Nagar(Uzhavar Sandhai ) APMC","Onion Green","Onion Green",Local,28/03/2026,2200,2600,2400
"Tamil Nadu",Erode,"Perundurai(Uzhavar Sandhai ) APMC",Carrot,Pusakesar,Local,28/03/2026,4200,4400,4300
"Tamil Nadu",Erode,"Perundurai(Uzhavar Sandhai ) APMC","Elephant Yam(Suran)/Amorphophallus","Elephant Yam (Suran)",Local,28/03/2026,2600,3000,2800
"Tamil Nadu",Erode,"Thalavadi(Uzhavar Sandhai ) APMC",Pumpkin,Pumpkin,Local,28/03/2026,1200,1600,1400
"Tamil Nadu",Erode,"Thalavadi(Uzhavar Sandhai ) APMC","Green Chilli","Green Chilly",Local,28/03/2026,3000,3600,3300
"Tamil Nadu",Erode,"Thalavadi(Uzhavar Sandhai ) APMC",Tapioca,Tapioca,Local,28/03/2026,2500,3000,2750
"Tamil Nadu",Erode,"Thalavadi(Uzhavar Sandhai ) APMC",Cucumbar(Kheera),Cucumbar,Local,28/03/2026,1400,1800,1600
"Tamil Nadu",Erode,"Thalavadi(Uzhavar Sandhai ) APMC",Ridgeguard(Tori),Ridgeguard(Tori),Local,28/03/2026,3000,3400,3200
"Tamil Nadu",Erode,"Thalavadi(Uzhavar Sandhai ) APMC",Guava,"Guava Allahabad",Local,28/03/2026,5000,5500,5250
"Tamil Nadu",Erode,"Thalavadi(Uzhavar Sandhai ) APMC","Onion Green","Onion Green",Local,28/03/2026,2500,3000,2750
"Tamil Nadu",Karur,"Kulithalai(Uzhavar Sandhai ) APMC",Potato,Other,Local,28/03/2026,2500,3000,2750
"Tamil Nadu",Karur,"Kulithalai(Uzhavar Sandhai ) APMC",Brinjal,Other,Local,28/03/2026,2000,2400,2200
"Tamil Nadu",Karur,"Kulithalai(Uzhavar Sandhai ) APMC",Chikoos(Sapota),Sapota,Local,28/03/2026,4500,5000,4750
"Tamil Nadu",Karur,"Kulithalai(Uzhavar Sandhai ) APMC","Bottle gourd","Bottle Gourd",Local,28/03/2026,1000,1500,1250
"Tamil Nadu",Karur,"Kulithalai(Uzhavar Sandhai ) APMC",Cowpea(Veg),"Cowpea (Veg)",Local,28/03/2026,3000,3500,3250
"Tamil Nadu",Karur,"Kulithalai(Uzhavar Sandhai ) APMC",Beetroot,Beetroot,Local,28/03/2026,2800,3000,2900
"Tamil Nadu",Karur,"Kulithalai(Uzhavar Sandhai ) APMC",Ridgeguard(Tori),Ridgeguard(Tori),Local,28/03/2026,3000,3600,3300
"Tamil Nadu",Karur,"Kulithalai(Uzhavar Sandhai ) APMC",Raddish,Raddish,Local,28/03/2026,2000,2400,2200
"Tamil Nadu",Karur,"Kulithalai(Uzhavar Sandhai ) APMC","Elephant Yam(Suran)/Amorphophallus","Elephant Yam (Suran)",Local,28/03/2026,4500,5000,4750
"Tamil Nadu",Karur,"Kulithalai(Uzhavar Sandhai ) APMC",Turnip,Turnip,Local,28/03/2026,4000,5000,4500
"Tamil Nadu",Karur,"Kulithalai(Uzhavar Sandhai ) APMC",Mint(Pudina),Mint(Pudina),Local,28/03/2026,3500,4000,3750
"Tamil Nadu",Karur,"Velayuthampalayam(Uzhavar Sandhai ) APMC",Pumpkin,Pumpkin,Local,28/03/2026,1600,2000,1800
"Tamil Nadu",Karur,"Velayuthampalayam(Uzhavar Sandhai ) APMC",Beans,"Beans (Whole)",Local,28/03/2026,7000,8000,7500
"Tamil Nadu",Karur,"Velayuthampalayam(Uzhavar Sandhai ) APMC",Cabbage,Cabbage,Local,28/03/2026,2400,3000,2700
"Tamil Nadu",Karur,"Velayuthampalayam(Uzhavar Sandhai ) APMC",Snakeguard,Snakeguard,Local,28/03/2026,2400,3000,2700
"Tamil Nadu",Karur,"Velayuthampalayam(Uzhavar Sandhai ) APMC","Green Avare(W)",Other,Local,28/03/2026,7000,8000,7500
"Tamil Nadu",Karur,"Pallapatti (Uzhavar Sandhai ) APMC",Coriander(Leaves),"I Sort",Local,28/03/2026,4500,5000,4750
"Tamil Nadu",Karur,"Pallapatti (Uzhavar Sandhai ) APMC","Cluster beans","Cluster Beans",Local,28/03/2026,3500,4000,3750
"Tamil Nadu",Karur,"Pallapatti (Uzhavar Sandhai ) APMC","Bitter gourd",Other,Local,28/03/2026,3500,4000,3750
"Tamil Nadu",Karur,"Pallapatti (Uzhavar Sandhai ) APMC","Bottle gourd","Bottle Gourd",Local,28/03/2026,1200,1500,1350
"Tamil Nadu",Karur,"Pallapatti (Uzhavar Sandhai ) APMC","Banana - Green","Banana - Green",Local,28/03/2026,3000,3500,3250
"Tamil Nadu",Karur,"Pallapatti (Uzhavar Sandhai ) APMC","Sweet Potato","Hosur Red",Local,28/03/2026,3000,3500,3250
"Tamil Nadu",Karur,"Pallapatti (Uzhavar Sandhai ) APMC","Baby Corn","Baby Corn","Grade A",28/03/2026,3500,4000,3750
"Tamil Nadu",Karur,"Vengamedu(Uzhavar Sandhai ) APMC",Coriander(Leaves),"I Sort",Local,28/03/2026,5500,6000,5750
"Tamil Nadu",Karur,"Vengamedu(Uzhavar Sandhai ) APMC","Bitter gourd",Other,Local,28/03/2026,3500,4000,3750
"Tamil Nadu",Karur,"Vengamedu(Uzhavar Sandhai ) APMC","Banana - Green","Banana - Green",Local,28/03/2026,3500,4000,3750
"Tamil Nadu",Karur,"Vengamedu(Uzhavar Sandhai ) APMC",Raddish,Raddish,Local,28/03/2026,2000,2500,2250
"Tamil Nadu",Karur,"Vengamedu(Uzhavar Sandhai ) APMC","Green Avare(W)",Other,Local,28/03/2026,6000,8000,7000
"Tamil Nadu",Karur,"Vengamedu(Uzhavar Sandhai ) APMC",Yam(Ratalu),"Yam (Ratalu)",Local,28/03/2026,5000,6000,5500
"Tamil Nadu",Karur,"Vengamedu(Uzhavar Sandhai ) APMC",Colacasia,Colacasia,Local,28/03/2026,4500,5000,4750
"Tamil Nadu",Krishnagiri,"Hosur(Uzhavar Sandhai ) APMC",Cauliflower,Ranchi,Local,28/03/2026,2000,2500,2250
"Tamil Nadu",Krishnagiri,"Hosur(Uzhavar Sandhai ) APMC",Brinjal,Round,Local,28/03/2026,2000,2500,2250
"Tamil Nadu",Krishnagiri,"Hosur(Uzhavar Sandhai ) APMC","Green Peas","Green Peas",Local,28/03/2026,8000,10000,9000
"Tamil Nadu",Krishnagiri,"Hosur(Uzhavar Sandhai ) APMC","Banana - Green","Banana - Green",Local,28/03/2026,4500,5000,4750
"Tamil Nadu",Krishnagiri,"Hosur(Uzhavar Sandhai ) APMC","Sweet Potato","Hosur Red",Local,28/03/2026,3500,4000,3750
"Tamil Nadu",Krishnagiri,"Hosur(Uzhavar Sandhai ) APMC",Carrot,Pusakesar,Local,28/03/2026,2000,2500,2250
"Tamil Nadu",Krishnagiri,"Hosur(Uzhavar Sandhai ) APMC",Snakeguard,Snakeguard,Local,28/03/2026,2500,3000,2750
"Tamil Nadu",Krishnagiri,"Hosur(Uzhavar Sandhai ) APMC",Beetroot,Beetroot,Local,28/03/2026,2000,2500,2250
"Tamil Nadu",Krishnagiri,"Hosur(Uzhavar Sandhai ) APMC","Chow Chow","Chow Chow",Local,28/03/2026,1000,1500,1250
"Tamil Nadu",Krishnagiri,"Hosur(Uzhavar Sandhai ) APMC",Guava,"Guava Allahabad",Local,28/03/2026,5000,6000,5500
"Tamil Nadu",Krishnagiri,"Hosur(Uzhavar Sandhai ) APMC","Indian Beans(Seam)","Indian Beans (Seam)",Local,28/03/2026,5000,6000,5500
"Tamil Nadu",Krishnagiri,"Denkanikottai(Uzhavar Sandhai ) APMC",Garlic,Garlic,Local,28/03/2026,14000,16000,15000
"Tamil Nadu",Krishnagiri,"Denkanikottai(Uzhavar Sandhai ) APMC","Bitter gourd","Bitter Gourd",Local,28/03/2026,3500,4000,3750
"Tamil Nadu",Krishnagiri,"Denkanikottai(Uzhavar Sandhai ) APMC","Banana - Green","Banana - Green",Local,28/03/2026,4000,4500,4250
"Tamil Nadu",Krishnagiri,"Denkanikottai(Uzhavar Sandhai ) APMC",Snakeguard,Snakeguard,Local,28/03/2026,3000,3500,3250
"Tamil Nadu",Krishnagiri,"Denkanikottai(Uzhavar Sandhai ) APMC",Cucumbar(Kheera),Cucumbar,Local,28/03/2026,2000,2500,2250
"Tamil Nadu",Madurai,"Anna nagar(Uzhavar Sandhai ) APMC",Apple,American,Local,28/03/2026,18000,20000,19000
"Tamil Nadu",Madurai,"Anna nagar(Uzhavar Sandhai ) APMC",Papaya,Papaya,Local,28/03/2026,4000,4000,4000
"Tamil Nadu",Madurai,"Anna nagar(Uzhavar Sandhai ) APMC",Pumpkin,Pumpkin,Local,28/03/2026,1800,1800,1800
"Tamil Nadu",Madurai,"Anna nagar(Uzhavar Sandhai ) APMC","Bhindi(Ladies Finger)",Bhindi,Local,28/03/2026,5000,5600,5300
"Tamil Nadu",Madurai,"Anna nagar(Uzhavar Sandhai ) APMC","Banana - Green","Banana - Green",Local,28/03/2026,2500,2500,2500
"Tamil Nadu",Madurai,"Anna nagar(Uzhavar Sandhai ) APMC",Raddish,Raddish,Local,28/03/2026,2000,2600,2300
"Tamil Nadu",Madurai,"Anna nagar(Uzhavar Sandhai ) APMC","Green Avare(W)",Other,Local,28/03/2026,7600,7600,7600
"Tamil Nadu",Madurai,"Anna nagar(Uzhavar Sandhai ) APMC","Tamarind Fruit","Tamarind Fruit",Local,28/03/2026,15000,15000,15000
"Tamil Nadu",Madurai,"Chokkikulam(Uzhavar Sandhai ) APMC",Garlic,Garlic,Local,28/03/2026,18000,20000,19000
"Tamil Nadu",Madurai,"Chokkikulam(Uzhavar Sandhai ) APMC",Brinjal,Round,Local,28/03/2026,3000,3400,3200
"Tamil Nadu",Madurai,"Chokkikulam(Uzhavar Sandhai ) APMC","Mousambi(Sweet Lime)",Mousambi,Local,28/03/2026,7000,8000,7500
"Tamil Nadu",Madurai,"Chokkikulam(Uzhavar Sandhai ) APMC","Bottle gourd","Bottle Gourd",Local,28/03/2026,2000,2400,2200
"Tamil Nadu",Madurai,"Chokkikulam(Uzhavar Sandhai ) APMC",Beans,"Beans (Whole)",Local,28/03/2026,6000,7000,6500
"Tamil Nadu",Madurai,"Chokkikulam(Uzhavar Sandhai ) APMC","Sweet Potato","Hosur Red",Local,28/03/2026,3000,3600,3300
"Tamil Nadu",Madurai,"Chokkikulam(Uzhavar Sandhai ) APMC",Ridgeguard(Tori),Ridgeguard(Tori),Local,28/03/2026,4000,4500,4250
"Tamil Nadu",Madurai,"Chokkikulam(Uzhavar Sandhai ) APMC",Drumstick,Drumstick,Local,28/03/2026,3000,5000,4000
"Tamil Nadu",Madurai,"Chokkikulam(Uzhavar Sandhai ) APMC","Elephant Yam(Suran)/Amorphophallus","Elephant Yam (Suran)",Local,28/03/2026,3600,4000,3800
"Tamil Nadu",Madurai,"Chokkikulam(Uzhavar Sandhai ) APMC","Indian Beans(Seam)","Indian Beans (Seam)",Local,28/03/2026,6000,6500,6250
"Tamil Nadu",Madurai,"Chokkikulam(Uzhavar Sandhai ) APMC",Turnip,Turnip,Local,28/03/2026,4000,4500,4250
"Tamil Nadu",Madurai,"Palanganatham(Uzhavar Sandhai ) APMC",Cauliflower,Ranchi,Local,28/03/2026,2000,2500,2250
"Tamil Nadu",Madurai,"Palanganatham(Uzhavar Sandhai ) APMC","Green Peas","Green Peas",Local,28/03/2026,6000,7000,6500
"Tamil Nadu",Madurai,"Palanganatham(Uzhavar Sandhai ) APMC",Tomato,Other,Local,28/03/2026,1500,1800,1650
"Tamil Nadu",Madurai,"Palanganatham(Uzhavar Sandhai ) APMC",Ashgourd,Gouard,Local,28/03/2026,1500,1800,1650
"Tamil Nadu",Madurai,"Palanganatham(Uzhavar Sandhai ) APMC",Pumpkin,Pumpkin,Local,28/03/2026,1500,1800,1650
"Tamil Nadu",Madurai,"Palanganatham(Uzhavar Sandhai ) APMC","Bhindi(Ladies Finger)",Bhindi,Local,28/03/2026,6000,6500,6250
"Tamil Nadu",Madurai,"Palanganatham(Uzhavar Sandhai ) APMC",Amaranthus,Amaranthus,Local,28/03/2026,3000,3600,3300
"Tamil Nadu",Madurai,"Palanganatham(Uzhavar Sandhai ) APMC",Ridgeguard(Tori),Ridgeguard(Tori),Local,28/03/2026,4000,4500,4250
"Tamil Nadu",Madurai,"Palanganatham(Uzhavar Sandhai ) APMC",Thondekai,Thondekai,Local,28/03/2026,3600,4000,3800
"Tamil Nadu",Madurai,"Palanganatham(Uzhavar Sandhai ) APMC",Capsicum,Capsicum,Local,28/03/2026,5000,6000,5500
"Tamil Nadu",Madurai,"Palanganatham(Uzhavar Sandhai ) APMC","Green Avare(W)","Green Avare (W)",Local,28/03/2026,6000,8500,7250
"Tamil Nadu",Madurai,"Palanganatham(Uzhavar Sandhai ) APMC","Indian Beans(Seam)","Indian Beans (Seam)",Local,28/03/2026,5000,6000,5500
"Tamil Nadu",Madurai,"Palanganatham(Uzhavar Sandhai ) APMC",Lemon,Lemon,Local,28/03/2026,12000,16000,14000
"Tamil Nadu",Madurai,"Usilampatti(Uzhavar Sandhai ) APMC","Bitter gourd","Bitter Gourd",Local,28/03/2026,3000,3600,3300
"Tamil Nadu",Madurai,"Usilampatti(Uzhavar Sandhai ) APMC","Bhindi(Ladies Finger)",Bhindi,Local,28/03/2026,6000,6500,6250
"Tamil Nadu",Madurai,"Usilampatti(Uzhavar Sandhai ) APMC","Elephant Yam(Suran)/Amorphophallus","Elephant Yam (Suran)",Local,28/03/2026,3600,4000,3800
"Tamil Nadu",Madurai,"Usilampatti(Uzhavar Sandhai ) APMC","Indian Beans(Seam)","Indian Beans (Seam)",Local,28/03/2026,6000,6500,6250
"Tamil Nadu",Madurai,"Thirumangalam(Uzhavar Sandhai ) APMC",Tomato,Deshi,Local,28/03/2026,1500,1800,1650
"Tamil Nadu",Madurai,"Thirumangalam(Uzhavar Sandhai ) APMC",Snakeguard,Snakeguard,Local,28/03/2026,3000,3600,3300
"Tamil Nadu",Madurai,"Melur(Uzhavar Sandhai ) APMC",Onion,Bellary,Local,28/03/2026,2000,2400,2200
"Tamil Nadu",Madurai,"Melur(Uzhavar Sandhai ) APMC",Brinjal,Round,Local,28/03/2026,3000,3400,3200
"Tamil Nadu",Madurai,"Melur(Uzhavar Sandhai ) APMC",Papaya,Papaya,Local,28/03/2026,3600,4000,3800
"Tamil Nadu",Madurai,"Melur(Uzhavar Sandhai ) APMC",Tomato,Deshi,Local,28/03/2026,1500,1800,1650
"Tamil Nadu",Madurai,"Melur(Uzhavar Sandhai ) APMC","Bottle gourd","Bottle Gourd",Local,28/03/2026,1800,2000,1900
"Tamil Nadu",Madurai,"Melur(Uzhavar Sandhai ) APMC","Green Avare(W)","Green Avare (W)",Local,28/03/2026,7000,8000,7500
"Tamil Nadu",Madurai,"Melur(Uzhavar Sandhai ) APMC","Elephant Yam(Suran)/Amorphophallus","Elephant Yam (Suran)",Local,28/03/2026,3600,4000,3800
"Tamil Nadu",Madurai,"Melur(Uzhavar Sandhai ) APMC",Colacasia,Colacasia,Local,28/03/2026,4500,5000,4750
"Tamil Nadu",Madurai,"Anaiyur(Uzhavar Sandhai ) APMC",Orange,Darjeeling,Local,28/03/2026,10000,12000,11000
"Tamil Nadu",Madurai,"Anaiyur(Uzhavar Sandhai ) APMC",Banana,Besrai,Local,28/03/2026,3000,4000,3500
"Tamil Nadu",Madurai,"Anaiyur(Uzhavar Sandhai ) APMC",Grapes,Annabesahai,Local,28/03/2026,11000,16000,13500
"Tamil Nadu",Madurai,"Anaiyur(Uzhavar Sandhai ) APMC",Chikoos(Sapota),Sapota,Local,28/03/2026,4000,5000,4500
"Tamil Nadu",Madurai,"Anaiyur(Uzhavar Sandhai ) APMC",Ashgourd,Gouard,Local,28/03/2026,1500,1800,1650
"Tamil Nadu",Madurai,"Anaiyur(Uzhavar Sandhai ) APMC","Bhindi(Ladies Finger)",Bhindi,Local,28/03/2026,6000,6500,6250
"Tamil Nadu",Madurai,"Anaiyur(Uzhavar Sandhai ) APMC","Green Chilli","Green Chilly",Local,28/03/2026,3000,3600,3300
"Tamil Nadu",Madurai,"Anaiyur(Uzhavar Sandhai ) APMC","Banana - Green","Banana - Green",Local,28/03/2026,1800,2200,2000
"Tamil Nadu",Madurai,"Anaiyur(Uzhavar Sandhai ) APMC",Coconut,Coconut,Local,28/03/2026,5400,5800,5600
"Tamil Nadu",Madurai,"Anaiyur(Uzhavar Sandhai ) APMC",Carrot,Pusakesar,Local,28/03/2026,3600,4000,3800
"Tamil Nadu",Madurai,"Anaiyur(Uzhavar Sandhai ) APMC",Snakeguard,Snakeguard,Local,28/03/2026,2200,2600,2400
"Tamil Nadu",Madurai,"Anaiyur(Uzhavar Sandhai ) APMC","Green Avare(W)","Green Avare (W)",Local,28/03/2026,7000,7500,7250
"Tamil Nadu",Madurai,"Anaiyur(Uzhavar Sandhai ) APMC",Drumstick,Drumstick,Local,28/03/2026,3000,5000,4000
"Tamil Nadu",Madurai,"Anaiyur(Uzhavar Sandhai ) APMC","Elephant Yam(Suran)/Amorphophallus","Elephant Yam (Suran)",Local,28/03/2026,3600,4000,3800
"Tamil Nadu",Madurai,"Anaiyur(Uzhavar Sandhai ) APMC",Yam(Ratalu),"Yam (Ratalu)",Local,28/03/2026,5500,6000,5750
"Tamil Nadu",Madurai,"Anaiyur(Uzhavar Sandhai ) APMC",Lemon,Lemon,Local,28/03/2026,14000,16000,15000
"Tamil Nadu",Nagapattinam,"Sirkali(Uzhavar Sandhai ) APMC",Banana,Besrai,Local,28/03/2026,4000,5000,4500
"Tamil Nadu",Nagapattinam,"Sirkali(Uzhavar Sandhai ) APMC",Potato,"Red Nanital",Local,28/03/2026,3600,4000,3800
"Tamil Nadu",Nagapattinam,"Sirkali(Uzhavar Sandhai ) APMC",Tomato,Deshi,Local,28/03/2026,2000,2200,2100
"Tamil Nadu",Nagapattinam,"Sirkali(Uzhavar Sandhai ) APMC",Cabbage,Cabbage,Local,28/03/2026,2500,3000,2750
"Tamil Nadu",Nagapattinam,"Sirkali(Uzhavar Sandhai ) APMC","Green Avare(W)","Green Avare (W)",Local,28/03/2026,5500,6000,5750
"Tamil Nadu",Nagapattinam,"Sirkali(Uzhavar Sandhai ) APMC",Mango(Raw-Ripe),"Mango - Raw-Ripe",Local,28/03/2026,6500,7000,6750
"Tamil Nadu",Nagapattinam,"Sirkali(Uzhavar Sandhai ) APMC","Elephant Yam(Suran)/Amorphophallus","Elephant Yam (Suran)",Local,28/03/2026,6500,7000,6750
"Tamil Nadu",Namakkal,"Rasipuram(Uzhavar Sandhai ) APMC","Mousambi(Sweet Lime)",Mousambi,Local,28/03/2026,3500,4000,3750
"Tamil Nadu",Namakkal,"Rasipuram(Uzhavar Sandhai ) APMC",Pumpkin,Pumpkin,Local,28/03/2026,1600,1800,1700
"Tamil Nadu",Namakkal,"Rasipuram(Uzhavar Sandhai ) APMC",Amaranthus,Amaranthus,Local,28/03/2026,3000,3500,3250
"Tamil Nadu",Namakkal,"Rasipuram(Uzhavar Sandhai ) APMC",Snakeguard,Snakeguard,Local,28/03/2026,4600,5200,4900
"Tamil Nadu",Namakkal,"Rasipuram(Uzhavar Sandhai ) APMC","Tender Coconut","Tender Coconut",Local,28/03/2026,3000,3500,3250
"Tamil Nadu",Namakkal,"Rasipuram(Uzhavar Sandhai ) APMC",Fig(Anjura/Anjeer),Anjura,Local,28/03/2026,13000,15000,14000
"Tamil Nadu",Namakkal,"Rasipuram(Uzhavar Sandhai ) APMC",Marigold(Calcutta),Marigold(Calcutta),Local,28/03/2026,16000,18000,17000
"Tamil Nadu",Namakkal,"Rasipuram(Uzhavar Sandhai ) APMC","Amla(Nelli Kai)",Amla,Local,28/03/2026,6000,7000,6500
"Tamil Nadu",Namakkal,"Rasipuram(Uzhavar Sandhai ) APMC",Rose(Local),"Rose (Local)",Local,28/03/2026,12000,14000,13000
"Tamil Nadu",Namakkal,"Rasipuram(Uzhavar Sandhai ) APMC","Sweet Corn ","Sweet Corn ",Local,28/03/2026,2000,2500,2250
"Tamil Nadu",Namakkal,"Kumarapalayam(Uzhavar Sandhai ) APMC",Potato,"Red Nanital",Local,28/03/2026,2500,3000,2750
"Tamil Nadu",Namakkal,"Kumarapalayam(Uzhavar Sandhai ) APMC",Cauliflower,Ranchi,Local,28/03/2026,2500,3000,2750
"Tamil Nadu",Namakkal,"Kumarapalayam(Uzhavar Sandhai ) APMC",Papaya,Papaya,Local,28/03/2026,2500,3000,2750
"Tamil Nadu",Namakkal,"Kumarapalayam(Uzhavar Sandhai ) APMC","Bitter gourd","Bitter Gourd",Local,28/03/2026,5000,5500,5250
"Tamil Nadu",Namakkal,"Kumarapalayam(Uzhavar Sandhai ) APMC",Ashgourd,Gouard,Local,28/03/2026,1400,1600,1500
"Tamil Nadu",Namakkal,"Kumarapalayam(Uzhavar Sandhai ) APMC",Ginger(Green),"Green Ginger",Local,28/03/2026,6500,7500,7000
"Tamil Nadu",Namakkal,"Kumarapalayam(Uzhavar Sandhai ) APMC",Cabbage,Cabbage,Local,28/03/2026,2000,2500,2250
"Tamil Nadu",Namakkal,"Kumarapalayam(Uzhavar Sandhai ) APMC",Beetroot,Beetroot,Local,28/03/2026,4000,4500,4250
"Tamil Nadu",Namakkal,"Kumarapalayam(Uzhavar Sandhai ) APMC",Raddish,Raddish,Local,28/03/2026,2000,2500,2250
"Tamil Nadu",Namakkal,"Mohanur(Uzhavar Sandhai ) APMC",Banana,"Red Banana",Local,28/03/2026,5600,6600,6100
"Tamil Nadu",Namakkal,"Mohanur(Uzhavar Sandhai ) APMC",Potato,Other,Local,28/03/2026,2400,3000,2700
"Tamil Nadu",Namakkal,"Mohanur(Uzhavar Sandhai ) APMC",Coriander(Leaves),"I Sort",Local,28/03/2026,5000,6000,5500
"Tamil Nadu",Namakkal,"Mohanur(Uzhavar Sandhai ) APMC","Bitter gourd","Bitter Gourd",Local,28/03/2026,4800,5200,5000
"Tamil Nadu",Namakkal,"Mohanur(Uzhavar Sandhai ) APMC",Ashgourd,Gouard,Local,28/03/2026,1000,2000,1500
"Tamil Nadu",Namakkal,"Mohanur(Uzhavar Sandhai ) APMC",Mint(Pudina),Mint(Pudina),Local,28/03/2026,4000,5000,4500
"Tamil Nadu","The Nilgiris","Udhagamandalam(Uzhavar Sandhai ) APMC",Garlic,Garlic,Local,28/03/2026,10000,15000,12500
"Tamil Nadu","The Nilgiris","Udhagamandalam(Uzhavar Sandhai ) APMC",Cauliflower,Ranchi,Local,28/03/2026,3000,3500,3250
"Tamil Nadu","The Nilgiris","Udhagamandalam(Uzhavar Sandhai ) APMC","Cluster beans","Cluster Beans",Local,28/03/2026,3500,4000,3750
"Tamil Nadu","The Nilgiris","Udhagamandalam(Uzhavar Sandhai ) APMC",Ashgourd,Gouard,Local,28/03/2026,1500,1800,1650
"Tamil Nadu","The Nilgiris","Udhagamandalam(Uzhavar Sandhai ) APMC",Pumpkin,Pumpkin,Local,28/03/2026,1500,1800,1650
"Tamil Nadu","The Nilgiris","Udhagamandalam(Uzhavar Sandhai ) APMC","Green Chilli","Green Chilly",Local,28/03/2026,3500,4000,3750
"Tamil Nadu","The Nilgiris","Udhagamandalam(Uzhavar Sandhai ) APMC","Sweet Potato","Hosur Red",Local,28/03/2026,3000,3500,3250
"Tamil Nadu","The Nilgiris","Udhagamandalam(Uzhavar Sandhai ) APMC",Cabbage,Cabbage,Local,28/03/2026,1200,1500,1350
"Tamil Nadu","The Nilgiris","Udhagamandalam(Uzhavar Sandhai ) APMC",Beetroot,Beetroot,Local,28/03/2026,2500,3000,2750
"Tamil Nadu","The Nilgiris","Udhagamandalam(Uzhavar Sandhai ) APMC","Amla(Nelli Kai)",Amla,Local,28/03/2026,7000,8000,7500
"Tamil Nadu",Perambalur,"Perambalur(Uzhavar Sandhai ) APMC",Brinjal,Other,Local,28/03/2026,2600,2800,2700
"Tamil Nadu",Perambalur,"Perambalur(Uzhavar Sandhai ) APMC","Green Peas","Green Peas",Local,28/03/2026,8500,9000,8750
"Tamil Nadu",Perambalur,"Perambalur(Uzhavar Sandhai ) APMC","Bhindi(Ladies Finger)",Bhindi,Local,28/03/2026,5200,5200,5200
"Tamil Nadu",Perambalur,"Perambalur(Uzhavar Sandhai ) APMC",Amaranthus,Amaranthus,Local,28/03/2026,2500,3000,2750
"Tamil Nadu",Perambalur,"Perambalur(Uzhavar Sandhai ) APMC",Cowpea(Veg),"Cowpea (Veg)",Local,28/03/2026,4000,4000,4000
"Tamil Nadu",Perambalur,"Perambalur(Uzhavar Sandhai ) APMC",Ginger(Green),"Green Ginger",Local,28/03/2026,7500,8000,7750
"Tamil Nadu",Perambalur,"Perambalur(Uzhavar Sandhai ) APMC",Coconut,Coconut,Local,28/03/2026,6000,7000,6500
"Tamil Nadu",Perambalur,"Perambalur(Uzhavar Sandhai ) APMC",Cucumbar(Kheera),Cucumbar,Local,28/03/2026,6000,6000,6000
"Tamil Nadu",Perambalur,"Perambalur(Uzhavar Sandhai ) APMC",Pomegranate,Pomogranate,Local,28/03/2026,20000,22000,21000
"Tamil Nadu",Pudukkottai,"Pudukottai(Uzhavar Sandhai ) APMC","Water Melon","Water Melon",Local,28/03/2026,1500,2000,1750
"Tamil Nadu",Pudukkottai,"Pudukottai(Uzhavar Sandhai ) APMC","Bitter gourd",Other,Local,28/03/2026,3000,4000,3500
"Tamil Nadu",Pudukkottai,"Pudukottai(Uzhavar Sandhai ) APMC",Cowpea(Veg),"Cowpea (Veg)",Local,28/03/2026,1500,2000,1750
"Tamil Nadu",Pudukkottai,"Pudukottai(Uzhavar Sandhai ) APMC",Snakeguard,Snakeguard,Local,28/03/2026,3000,3500,3250
"Tamil Nadu",Pudukkottai,"Aranthangi(Uzhavar Sandhai ) APMC",Brinjal,Round,Local,28/03/2026,4000,4500,4250
"Tamil Nadu",Pudukkottai,"Aranthangi(Uzhavar Sandhai ) APMC","Bottle gourd","Bottle Gourd",Local,28/03/2026,1500,2000,1750
"Tamil Nadu",Pudukkottai,"Aranthangi(Uzhavar Sandhai ) APMC",Pumpkin,Pumpkin,Local,28/03/2026,1000,1500,1250
"Tamil Nadu",Pudukkottai,"Aranthangi(Uzhavar Sandhai ) APMC",Amaranthus,Amaranthus,Local,28/03/2026,1500,2000,1750
"Tamil Nadu",Pudukkottai,"Aranthangi(Uzhavar Sandhai ) APMC","Green Chilli","Green Chilly",Local,28/03/2026,3000,3500,3250
"Tamil Nadu",Pudukkottai,"Aranthangi(Uzhavar Sandhai ) APMC",Coconut,Coconut,Local,28/03/2026,5000,6000,5500
"Tamil Nadu",Pudukkottai,"Aranthangi(Uzhavar Sandhai ) APMC",Raddish,Raddish,Local,28/03/2026,2000,2500,2250
"Tamil Nadu",Pudukkottai,"Alangudi(Uzhavar Sandhai ) APMC",Banana,Poovan,Local,28/03/2026,4500,5000,4750
"Tamil Nadu",Pudukkottai,"Alangudi(Uzhavar Sandhai ) APMC",Onion,Bellary,Local,28/03/2026,2500,3000,2750
"Tamil Nadu",Pudukkottai,"Alangudi(Uzhavar Sandhai ) APMC",Potato,Other,Local,28/03/2026,3500,4000,3750
"Tamil Nadu",Pudukkottai,"Alangudi(Uzhavar Sandhai ) APMC",Papaya,Papaya,Local,28/03/2026,2500,3000,2750
"Tamil Nadu",Pudukkottai,"Alangudi(Uzhavar Sandhai ) APMC","Cluster beans","Cluster Beans",Local,28/03/2026,4000,4500,4250
"Tamil Nadu",Pudukkottai,"Alangudi(Uzhavar Sandhai ) APMC","Bhindi(Ladies Finger)",Bhindi,Local,28/03/2026,3500,4000,3750
"Tamil Nadu",Pudukkottai,"Alangudi(Uzhavar Sandhai ) APMC","Green Chilli","Green Chilly",Local,28/03/2026,2500,3000,2750
"Tamil Nadu",Pudukkottai,"Alangudi(Uzhavar Sandhai ) APMC",Coconut,Coconut,Local,28/03/2026,3500,4000,3750
"Tamil Nadu",Pudukkottai,"Alangudi(Uzhavar Sandhai ) APMC",Ridgeguard(Tori),Ridgeguard(Tori),Local,28/03/2026,3500,4000,3750
"Tamil Nadu",Pudukkottai,"Alangudi(Uzhavar Sandhai ) APMC","Onion Green","Onion Green",Local,28/03/2026,4000,4500,4250
"Tamil Nadu",Ramanathapuram,"Paramakudi(Uzhavar Sandhai ) APMC",Banana,Besrai,Local,28/03/2026,4500,5000,4750
"Tamil Nadu",Ramanathapuram,"Paramakudi(Uzhavar Sandhai ) APMC",Tomato,Deshi,Local,28/03/2026,2000,2500,2250
"Tamil Nadu",Ramanathapuram,"Paramakudi(Uzhavar Sandhai ) APMC","Bitter gourd","Bitter Gourd",Local,28/03/2026,5500,6000,5750
"Tamil Nadu",Ramanathapuram,"Paramakudi(Uzhavar Sandhai ) APMC","Bottle gourd","Bottle Gourd",Local,28/03/2026,1800,2000,1900
"Tamil Nadu",Ramanathapuram,"Paramakudi(Uzhavar Sandhai ) APMC",Ridgeguard(Tori),Ridgeguard(Tori),Local,28/03/2026,5000,5500,5250
"Tamil Nadu",Ramanathapuram,"Paramakudi(Uzhavar Sandhai ) APMC",Raddish,Raddish,Local,28/03/2026,2500,3000,2750
"Tamil Nadu",Ramanathapuram,"Paramakudi(Uzhavar Sandhai ) APMC","Chow Chow","Chow Chow",Local,28/03/2026,2500,3000,2750
"Tamil Nadu",Ramanathapuram,"Paramakudi(Uzhavar Sandhai ) APMC",Jasmine,Jasmine,Local,28/03/2026,40000,50000,45000
"Tamil Nadu",Ramanathapuram,"Kamuthi(Uzhavar Sandhai ) APMC",Amaranthus,Amaranthus,Local,28/03/2026,3800,4000,3900
"Tamil Nadu",Salem,"Sooramangalam(Uzhavar Sandhai ) APMC",Grapes,Annabesahai,Local,28/03/2026,7000,8000,7500
"Tamil Nadu",Salem,"Sooramangalam(Uzhavar Sandhai ) APMC",Onion,Bellary,Local,28/03/2026,2600,3000,2800
"Tamil Nadu",Salem,"Sooramangalam(Uzhavar Sandhai ) APMC",Potato,Other,Local,28/03/2026,2500,2800,2650
"Tamil Nadu",Salem,"Sooramangalam(Uzhavar Sandhai ) APMC","Mousambi(Sweet Lime)",Mousambi,Local,28/03/2026,3000,3500,3250
"Tamil Nadu",Salem,"Sooramangalam(Uzhavar Sandhai ) APMC",Ashgourd,Gouard,Local,28/03/2026,1200,1400,1300
"Tamil Nadu",Salem,"Sooramangalam(Uzhavar Sandhai ) APMC",Cowpea(Veg),"Cowpea (Veg)",Local,28/03/2026,4000,4500,4250
"Tamil Nadu",Salem,"Sooramangalam(Uzhavar Sandhai ) APMC",Beans,"Beans (Whole)",Local,28/03/2026,9000,9500,9250
"Tamil Nadu",Salem,"Sooramangalam(Uzhavar Sandhai ) APMC",Tapioca,Tapioca,Local,28/03/2026,2500,3000,2750
"Tamil Nadu",Salem,"Sooramangalam(Uzhavar Sandhai ) APMC",Coconut,Coconut,Local,28/03/2026,5000,5500,5250
"Tamil Nadu",Salem,"Sooramangalam(Uzhavar Sandhai ) APMC","Green Avare(W)","Green Avare (W)",Local,28/03/2026,5500,6000,5750
"Tamil Nadu",Salem,"Sooramangalam(Uzhavar Sandhai ) APMC","Chow Chow","Chow Chow",Local,28/03/2026,3000,3400,3200
"Tamil Nadu",Salem,"Sooramangalam(Uzhavar Sandhai ) APMC",Drumstick,Drumstick,Local,28/03/2026,3000,4000,3500
"Tamil Nadu",Salem,"Sooramangalam(Uzhavar Sandhai ) APMC",Mango(Raw-Ripe),"Mango - Raw-Ripe",Local,28/03/2026,3500,4000,3750
"Tamil Nadu",Salem,"Sooramangalam(Uzhavar Sandhai ) APMC",Guava,"Guava Allahabad",Local,28/03/2026,5000,6000,5500
"Tamil Nadu",Salem,"Sooramangalam(Uzhavar Sandhai ) APMC",Pomegranate,Pomogranate,Local,28/03/2026,16000,18000,17000
"Tamil Nadu",Salem,"Sooramangalam(Uzhavar Sandhai ) APMC",Mint(Pudina),Mint(Pudina),Local,28/03/2026,2400,2600,2500
"Tamil Nadu",Salem,"Sooramangalam(Uzhavar Sandhai ) APMC","Sweet Corn ","Sweet Corn ",Local,28/03/2026,3000,3500,3250
"Tamil Nadu",Salem,"Thathakapatti(Uzhavar Sandhai ) APMC",Chikoos(Sapota),Sapota,Local,28/03/2026,3000,4000,3500
"Tamil Nadu",Salem,"Thathakapatti(Uzhavar Sandhai ) APMC","Green Chilli","Green Chilly",Local,28/03/2026,3400,3600,3500
"Tamil Nadu",Salem,"Thathakapatti(Uzhavar Sandhai ) APMC",Carrot,Pusakesar,Local,28/03/2026,5000,5500,5250
"Tamil Nadu",Salem,"Thathakapatti(Uzhavar Sandhai ) APMC",Ridgeguard(Tori),Ridgeguard(Tori),Local,28/03/2026,4000,4600,4300
"Tamil Nadu",Salem,"Thathakapatti(Uzhavar Sandhai ) APMC",Capsicum,Capsicum,Local,28/03/2026,6000,6500,6250
"Tamil Nadu",Salem,"Thathakapatti(Uzhavar Sandhai ) APMC","Green Avare(W)","Green Avare (W)",Local,28/03/2026,5600,6000,5800
"Tamil Nadu",Salem,"Thathakapatti(Uzhavar Sandhai ) APMC","Indian Beans(Seam)","Indian Beans (Seam)",Local,28/03/2026,7000,7500,7250
"Tamil Nadu",Salem,"Thathakapatti(Uzhavar Sandhai ) APMC",Lemon,Lemon,Local,28/03/2026,9000,10000,9500
"Tamil Nadu",Salem,"Thathakapatti(Uzhavar Sandhai ) APMC",Mint(Pudina),Mint(Pudina),Local,28/03/2026,2500,2800,2650
"Tamil Nadu",Salem,"Thathakapatti(Uzhavar Sandhai ) APMC","Tube Rose(Loose)","Tube Rose (Loose)",Local,28/03/2026,3000,4000,3500
"Tamil Nadu",Salem,"Mettur(Uzhavar Sandhai ) APMC",Groundnut,"Big (With Shell)",Local,28/03/2026,5500,6000,5750
"Tamil Nadu",Salem,"Mettur(Uzhavar Sandhai ) APMC",Potato,Other,Local,28/03/2026,3500,4000,3750
"Tamil Nadu",Salem,"Mettur(Uzhavar Sandhai ) APMC",Tomato,Local,Local,28/03/2026,1200,1600,1400
"Tamil Nadu",Salem,"Mettur(Uzhavar Sandhai ) APMC",Pumpkin,Pumpkin,Local,28/03/2026,1500,2000,1750
"Tamil Nadu",Salem,"Mettur(Uzhavar Sandhai ) APMC","Banana - Green","Banana - Green",Local,28/03/2026,2000,2500,2250
"Tamil Nadu",Salem,"Mettur(Uzhavar Sandhai ) APMC",Beans,"Beans (Whole)",Local,28/03/2026,6500,7000,6750
"Tamil Nadu",Salem,"Mettur(Uzhavar Sandhai ) APMC",Cabbage,Cabbage,Local,28/03/2026,1500,2000,1750
"Tamil Nadu",Salem,"Mettur(Uzhavar Sandhai ) APMC",Beetroot,Beetroot,Local,28/03/2026,4500,5000,4750
"Tamil Nadu",Salem,"Mettur(Uzhavar Sandhai ) APMC",Thondekai,Thondekai,Local,28/03/2026,4500,5000,4750
"Tamil Nadu",Salem,"Mettur(Uzhavar Sandhai ) APMC","Green Avare(W)",Other,Local,28/03/2026,5500,6000,5750
"Tamil Nadu",Salem,"Mettur(Uzhavar Sandhai ) APMC","Tender Coconut","Tender Coconut",Local,28/03/2026,3000,3500,3250
"Tamil Nadu",Salem,"Mettur(Uzhavar Sandhai ) APMC","Onion Green","Onion Green",Local,28/03/2026,2500,3000,2750
"Tamil Nadu",Salem,"Attayampatti(Uzhavar Sandhai ) APMC",Cauliflower,Ranchi,Local,28/03/2026,2500,3000,2750
"Tamil Nadu",Salem,"Attayampatti(Uzhavar Sandhai ) APMC",Ashgourd,Gouard,Local,28/03/2026,1200,1600,1400
"Tamil Nadu",Salem,"Attayampatti(Uzhavar Sandhai ) APMC",Amaranthus,Amaranthus,Local,28/03/2026,2000,2400,2200
"Tamil Nadu",Salem,"Attayampatti(Uzhavar Sandhai ) APMC","Sweet Potato","Hosur Red",Local,28/03/2026,3500,4000,3750
"Tamil Nadu",Salem,"Attayampatti(Uzhavar Sandhai ) APMC",Carrot,Pusakesar,Local,28/03/2026,5000,6000,5500
"Tamil Nadu",Salem,"Attayampatti(Uzhavar Sandhai ) APMC",Snakeguard,Snakeguard,Local,28/03/2026,3000,3000,3000
"Tamil Nadu",Salem,"Hasthampatti(Uzhavar Sandhai ) APMC",Groundnut,"Big (With Shell)",Local,28/03/2026,6500,7000,6750
"Tamil Nadu",Salem,"Hasthampatti(Uzhavar Sandhai ) APMC",Apple,American,Local,28/03/2026,21000,22000,21500
"Tamil Nadu",Salem,"Hasthampatti(Uzhavar Sandhai ) APMC",Orange,Darjeeling,Local,28/03/2026,7000,8000,7500
"Tamil Nadu",Salem,"Hasthampatti(Uzhavar Sandhai ) APMC",Banana,Karpura,Local,28/03/2026,3800,4000,3900
"Tamil Nadu",Salem,"Hasthampatti(Uzhavar Sandhai ) APMC",Mango,Other,Local,28/03/2026,18000,20000,19000
"Tamil Nadu",Salem,"Hasthampatti(Uzhavar Sandhai ) APMC",Brinjal,Other,Local,28/03/2026,2000,2500,2250
"Tamil Nadu",Salem,"Hasthampatti(Uzhavar Sandhai ) APMC","Green Peas","Green Peas",Local,28/03/2026,11000,11200,11100
"Tamil Nadu",Salem,"Hasthampatti(Uzhavar Sandhai ) APMC",Chikoos(Sapota),Sapota,Local,28/03/2026,3800,4000,3900
"Tamil Nadu",Salem,"Hasthampatti(Uzhavar Sandhai ) APMC","Mousambi(Sweet Lime)",Mousambi,Local,28/03/2026,2800,3000,2900
"Tamil Nadu",Salem,"Hasthampatti(Uzhavar Sandhai ) APMC","Cluster beans","Cluster Beans",Local,28/03/2026,4200,4500,4350
"Tamil Nadu",Salem,"Hasthampatti(Uzhavar Sandhai ) APMC",Ashgourd,Gouard,Local,28/03/2026,1400,1600,1500
"Tamil Nadu",Salem,"Hasthampatti(Uzhavar Sandhai ) APMC",Ginger(Green),"Green Ginger",Local,28/03/2026,7800,8000,7900
"Tamil Nadu",Salem,"Hasthampatti(Uzhavar Sandhai ) APMC",Snakeguard,Snakeguard,Local,28/03/2026,2800,3000,2900
"Tamil Nadu",Salem,"Hasthampatti(Uzhavar Sandhai ) APMC",Thondekai,Thondekai,Local,28/03/2026,3800,4000,3900
"Tamil Nadu",Salem,"Hasthampatti(Uzhavar Sandhai ) APMC",Mango(Raw-Ripe),"Mango - Raw-Ripe",Local,28/03/2026,4800,5000,4900
"Tamil Nadu",Salem,"Hasthampatti(Uzhavar Sandhai ) APMC","Knool Khol","Knool Khol",Local,28/03/2026,4200,4400,4300
"Tamil Nadu",Salem,"Hasthampatti(Uzhavar Sandhai ) APMC",Pomegranate,Pomogranate,Local,28/03/2026,19000,20000,19500
"Tamil Nadu",Salem,"Hasthampatti(Uzhavar Sandhai ) APMC","Tamarind Fruit","Tamarind Fruit",Local,28/03/2026,14000,15000,14500
"Tamil Nadu",Salem,"Hasthampatti(Uzhavar Sandhai ) APMC","Amla(Nelli Kai)",Amla,Local,28/03/2026,6800,7000,6900
"Tamil Nadu",Salem,"Hasthampatti(Uzhavar Sandhai ) APMC",Mint(Pudina),Mint(Pudina),Local,28/03/2026,2800,2800,2800
"Tamil Nadu",Salem,"Elampillai(Uzhavar Sandhai ) APMC",Banana,Karpura,Local,28/03/2026,4500,5000,4750
"Tamil Nadu",Salem,"Elampillai(Uzhavar Sandhai ) APMC",Onion,Bellary,Local,28/03/2026,2600,3000,2800
"Tamil Nadu",Salem,"Elampillai(Uzhavar Sandhai ) APMC",Tomato,Local,Local,28/03/2026,1200,1600,1400
"Tamil Nadu",Salem,"Elampillai(Uzhavar Sandhai ) APMC","Cluster beans","Cluster Beans",Local,28/03/2026,4000,4500,4250
"Tamil Nadu",Salem,"Elampillai(Uzhavar Sandhai ) APMC",Ashgourd,Gouard,Local,28/03/2026,1400,1600,1500
"Tamil Nadu",Salem,"Elampillai(Uzhavar Sandhai ) APMC","Sweet Potato","Hosur Red",Local,28/03/2026,3500,4000,3750
"Tamil Nadu",Salem,"Elampillai(Uzhavar Sandhai ) APMC",Raddish,Raddish,Local,28/03/2026,2000,2400,2200
"Tamil Nadu",Salem,"Elampillai(Uzhavar Sandhai ) APMC","Chow Chow","Chow Chow",Local,28/03/2026,3000,3400,3200
"Tamil Nadu",Salem,"Jalagandapuram(Uzhavar Sandhai ) APMC",Groundnut,"Big (With Shell)",Local,28/03/2026,6000,6500,6250
"Tamil Nadu",Salem,"Jalagandapuram(Uzhavar Sandhai ) APMC",Papaya,Papaya,Local,28/03/2026,2600,3000,2800
"Tamil Nadu",Salem,"Jalagandapuram(Uzhavar Sandhai ) APMC","Banana - Green","Banana - Green",Local,28/03/2026,2000,2400,2200
"Tamil Nadu",Salem,"Jalagandapuram(Uzhavar Sandhai ) APMC",Ginger(Green),"Green Ginger",Local,28/03/2026,7500,8000,7750
"Tamil Nadu",Salem,"Jalagandapuram(Uzhavar Sandhai ) APMC","Sweet Potato","Hosur Red",Local,28/03/2026,3500,4000,3750
"Tamil Nadu",Salem,"Jalagandapuram(Uzhavar Sandhai ) APMC",Ridgeguard(Tori),Ridgeguard(Tori),Local,28/03/2026,4000,4400,4200
"Tamil Nadu",Salem,"Jalagandapuram(Uzhavar Sandhai ) APMC","Green Avare(W)","Green Avare (W)",Local,28/03/2026,5500,6000,5750
"Tamil Nadu",Salem,"Jalagandapuram(Uzhavar Sandhai ) APMC",Lime,Lime,Local,28/03/2026,3000,3500,3250
"Tamil Nadu",Salem,"Jalagandapuram(Uzhavar Sandhai ) APMC","Tender Coconut","Tender Coconut",Local,28/03/2026,2500,3000,2750
"Tamil Nadu",Salem,"Jalagandapuram(Uzhavar Sandhai ) APMC","Amla(Nelli Kai)",Amla,Local,28/03/2026,6500,7000,6750
"Tamil Nadu",Salem,"Jalagandapuram(Uzhavar Sandhai ) APMC","Onion Green","Onion Green",Local,28/03/2026,2600,3000,2800
"Tamil Nadu",Salem,"Jalagandapuram(Uzhavar Sandhai ) APMC",Mint(Pudina),Mint(Pudina),Local,28/03/2026,2500,3000,2750
"Tamil Nadu",Salem,"Edapadi (Uzhavar Sandhai ) APMC",Potato,Other,Local,28/03/2026,2500,3000,2750
"Tamil Nadu",Salem,"Edapadi (Uzhavar Sandhai ) APMC",Brinjal,Other,Local,28/03/2026,2200,2400,2300
"Tamil Nadu",Salem,"Edapadi (Uzhavar Sandhai ) APMC",Tomato,Other,Local,28/03/2026,1200,1500,1350
"Tamil Nadu",Salem,"Edapadi (Uzhavar Sandhai ) APMC","Bitter gourd",Other,Local,28/03/2026,3600,4000,3800
"Tamil Nadu",Salem,"Edapadi (Uzhavar Sandhai ) APMC","Bottle gourd","Bottle Gourd",Local,28/03/2026,1200,1500,1350
"Tamil Nadu",Salem,"Edapadi (Uzhavar Sandhai ) APMC","Sweet Potato","Hosur Red",Local,28/03/2026,3500,4000,3750
"Tamil Nadu",Salem,"Edapadi (Uzhavar Sandhai ) APMC",Cucumbar(Kheera),Cucumbar,Local,28/03/2026,3500,4000,3750
"Tamil Nadu",Salem,"Edapadi (Uzhavar Sandhai ) APMC",Mango(Raw-Ripe),"Mango - Raw-Ripe",Local,28/03/2026,3500,4000,3750
"Tamil Nadu",Salem,"Edapadi (Uzhavar Sandhai ) APMC",Lemon,Lemon,Local,28/03/2026,9000,10000,9500
"Tamil Nadu",Salem,"Edapadi (Uzhavar Sandhai ) APMC","Amla(Nelli Kai)",Amla,Local,28/03/2026,6000,7000,6500
"Tamil Nadu",Sivaganga,"Sivagangai (Uzhavar Sandhai ) APMC",Onion,Bellary,Local,28/03/2026,2600,3000,2800
"Tamil Nadu",Sivaganga,"Sivagangai (Uzhavar Sandhai ) APMC",Cauliflower,Ranchi,Local,28/03/2026,2200,2600,2400
"Tamil Nadu",Sivaganga,"Sivagangai (Uzhavar Sandhai ) APMC",Pumpkin,Pumpkin,Local,28/03/2026,1800,2000,1900
"Tamil Nadu",Sivaganga,"Sivagangai (Uzhavar Sandhai ) APMC",Coconut,Coconut,Local,28/03/2026,5600,6000,5800
"Tamil Nadu",Sivaganga,"Sivagangai (Uzhavar Sandhai ) APMC",Carrot,Pusakesar,Local,28/03/2026,3200,4200,3700
"Tamil Nadu",Sivaganga,"Sivagangai (Uzhavar Sandhai ) APMC",Cabbage,Cabbage,Local,28/03/2026,1800,2200,2000
"Tamil Nadu",Sivaganga,"Sivagangai (Uzhavar Sandhai ) APMC",Snakeguard,Snakeguard,Local,28/03/2026,2800,3800,3300
"Tamil Nadu",Sivaganga,"Sivagangai (Uzhavar Sandhai ) APMC","Green Avare(W)",Other,Local,28/03/2026,7200,8200,7700
"Tamil Nadu",Sivaganga,"Sivagangai (Uzhavar Sandhai ) APMC","Chow Chow","Chow Chow",Local,28/03/2026,2600,2800,2700
"Tamil Nadu",Sivaganga,"Sivagangai (Uzhavar Sandhai ) APMC","Knool Khol","Knool Khol",Local,28/03/2026,3200,3800,3500
"Tamil Nadu",Sivaganga,"Devakottai (Uzhavar Sandhai ) APMC",Banana,Poovan,Local,28/03/2026,3500,4000,3750
"Tamil Nadu",Sivaganga,"Devakottai (Uzhavar Sandhai ) APMC",Onion,Bellary,Local,28/03/2026,2500,3000,2750
"Tamil Nadu",Sivaganga,"Devakottai (Uzhavar Sandhai ) APMC",Raddish,Raddish,Local,28/03/2026,2500,3000,2750
"Tamil Nadu",Sivaganga,"Devakottai (Uzhavar Sandhai ) APMC",Mint(Pudina),Mint(Pudina),Local,28/03/2026,2500,3000,2750
"Tamil Nadu",Sivaganga,"Karaikudi(Uzhavar Sandhai ) APMC",Potato,"Red Nanital",Local,28/03/2026,3000,3500,3250
"Tamil Nadu",Sivaganga,"Karaikudi(Uzhavar Sandhai ) APMC",Pumpkin,Pumpkin,Local,28/03/2026,2000,2200,2100
"Tamil Nadu",Sivaganga,"Karaikudi(Uzhavar Sandhai ) APMC","Green Chilli","Green Chilly",Local,28/03/2026,3500,4000,3750
"Tamil Nadu",Sivaganga,"Karaikudi(Uzhavar Sandhai ) APMC",Carrot,Pusakesar,Local,28/03/2026,3500,4500,4000
"Tamil Nadu",Sivaganga,"Karaikudi(Uzhavar Sandhai ) APMC",Ridgeguard(Tori),Ridgeguard(Tori),Local,28/03/2026,3000,3500,3250
"Tamil Nadu",Sivaganga,"Karaikudi(Uzhavar Sandhai ) APMC","Onion Green","Onion Green",Local,28/03/2026,4000,4200,4100
"Tamil Nadu",Sivaganga,"Tirupatthur(Uzhavar Sandhai ) APMC",Onion,Bellary,Local,28/03/2026,2500,3000,2750
"Tamil Nadu",Sivaganga,"Tirupatthur(Uzhavar Sandhai ) APMC","Bitter gourd",Other,Local,28/03/2026,3500,4000,3750
"Tamil Nadu",Sivaganga,"Tirupatthur(Uzhavar Sandhai ) APMC",Amaranthus,Amaranthus,Local,28/03/2026,3500,4000,3750
"Tamil Nadu",Sivaganga,"Tirupatthur(Uzhavar Sandhai ) APMC",Cabbage,Cabbage,Local,28/03/2026,2000,2500,2250
"Tamil Nadu",Sivaganga,"Tirupatthur(Uzhavar Sandhai ) APMC","Indian Beans(Seam)","Indian Beans (Seam)",Local,28/03/2026,5000,5500,5250
"Tamil Nadu",Sivaganga,"Singampunari(Uzhavar Sandhai ) APMC",Coriander(Leaves),"I Sort",Local,28/03/2026,4500,4500,4500
"Tamil Nadu",Sivaganga,"Singampunari(Uzhavar Sandhai ) APMC",Chikoos(Sapota),Sapota,Local,28/03/2026,4500,5000,4750
"Tamil Nadu",Sivaganga,"Singampunari(Uzhavar Sandhai ) APMC","Bitter gourd",Other,Local,28/03/2026,3500,4000,3750
"Tamil Nadu",Sivaganga,"Singampunari(Uzhavar Sandhai ) APMC",Ashgourd,Gouard,Local,28/03/2026,2000,2200,2100
"Tamil Nadu",Sivaganga,"Singampunari(Uzhavar Sandhai ) APMC","Green Chilli","Green Chilly",Local,28/03/2026,3500,4000,3750
"Tamil Nadu",Sivaganga,"Singampunari(Uzhavar Sandhai ) APMC",Snakeguard,Snakeguard,Local,28/03/2026,3000,3500,3250
"Tamil Nadu",Sivaganga,"Singampunari(Uzhavar Sandhai ) APMC",Ridgeguard(Tori),Ridgeguard(Tori),Local,28/03/2026,3000,3500,3250
"Tamil Nadu",Sivaganga,"Singampunari(Uzhavar Sandhai ) APMC","Chow Chow","Chow Chow",Local,28/03/2026,2500,3000,2750
"Tamil Nadu",Sivaganga,"Singampunari(Uzhavar Sandhai ) APMC",Yam(Ratalu),"Yam (Ratalu)",Local,28/03/2026,6000,6000,6000
"Tamil Nadu",Sivaganga,"Singampunari(Uzhavar Sandhai ) APMC","Onion Green","Onion Green",Local,28/03/2026,3500,4000,3750
"Tamil Nadu",Thanjavur,"Pattukottai(Uzhavar Sandhai ) APMC",Garlic,Garlic,Local,28/03/2026,14000,14000,14000
"Tamil Nadu",Thanjavur,"Pattukottai(Uzhavar Sandhai ) APMC",Coriander(Leaves),"I Sort",Local,28/03/2026,3000,3000,3000
"Tamil Nadu",Thanjavur,"Pattukottai(Uzhavar Sandhai ) APMC",Tomato,Deshi,Local,28/03/2026,2000,2000,2000
"Tamil Nadu",Thanjavur,"Pattukottai(Uzhavar Sandhai ) APMC","Green Chilli","Green Chilly",Local,28/03/2026,3800,3800,3800
"Tamil Nadu",Thanjavur,"Pattukottai(Uzhavar Sandhai ) APMC","Banana - Green","Banana - Green",Local,28/03/2026,3000,3000,3000
"Tamil Nadu",Thanjavur,"Pattukottai(Uzhavar Sandhai ) APMC",Snakeguard,Snakeguard,Local,28/03/2026,3800,3800,3800
"Tamil Nadu",Thanjavur,"Pattukottai(Uzhavar Sandhai ) APMC",Ridgeguard(Tori),Ridgeguard(Tori),Local,28/03/2026,5600,5600,5600
"Tamil Nadu",Thanjavur,"Pattukottai(Uzhavar Sandhai ) APMC","Jack Fruit(Ripe)","Jack Fruit",Local,28/03/2026,3000,3000,3000
"Tamil Nadu",Theni,"Theni(Uzhavar Sandhai ) APMC",Orange,Darjeeling,Local,28/03/2026,12000,16000,14000
"Tamil Nadu",Theni,"Theni(Uzhavar Sandhai ) APMC",Pineapple,"Pine Apple",Local,28/03/2026,8000,8000,8000
"Tamil Nadu",Theni,"Theni(Uzhavar Sandhai ) APMC",Grapes,Annabesahai,Local,28/03/2026,13000,20000,16500
"Tamil Nadu",Theni,"Theni(Uzhavar Sandhai ) APMC",Onion,Bellary,Local,28/03/2026,2400,2500,2450
"Tamil Nadu",Theni,"Theni(Uzhavar Sandhai ) APMC",Potato,Other,Local,28/03/2026,2500,2500,2500
"Tamil Nadu",Theni,"Theni(Uzhavar Sandhai ) APMC",Coriander(Leaves),"I Sort",Local,28/03/2026,3000,3000,3000
"Tamil Nadu",Theni,"Theni(Uzhavar Sandhai ) APMC","Bitter gourd",Other,Local,28/03/2026,2400,2400,2400
"Tamil Nadu",Theni,"Theni(Uzhavar Sandhai ) APMC",Snakeguard,Snakeguard,Local,28/03/2026,2000,2000,2000
"Tamil Nadu",Theni,"Theni(Uzhavar Sandhai ) APMC",Beetroot,Beetroot,Local,28/03/2026,3000,3000,3000
"Tamil Nadu",Theni,"Theni(Uzhavar Sandhai ) APMC",Mashrooms,Mashrooms,Local,28/03/2026,23000,23000,23000
"Tamil Nadu",Theni,"Theni(Uzhavar Sandhai ) APMC","Amla(Nelli Kai)",Amla,Local,28/03/2026,7500,7500,7500
"Tamil Nadu",Theni,"Theni(Uzhavar Sandhai ) APMC","Onion Green","Onion Green",Local,28/03/2026,3000,3600,3300
"Tamil Nadu",Theni,"Kambam(Uzhavar Sandhai ) APMC",Papaya,Papaya,Local,28/03/2026,3000,3500,3250
"Tamil Nadu",Theni,"Kambam(Uzhavar Sandhai ) APMC",Tomato,Deshi,Local,28/03/2026,1500,1600,1550
"Tamil Nadu",Theni,"Kambam(Uzhavar Sandhai ) APMC","Bhindi(Ladies Finger)",Bhindi,Local,28/03/2026,5000,5500,5250
"Tamil Nadu",Theni,"Kambam(Uzhavar Sandhai ) APMC",Thondekai,Thondekai,Local,28/03/2026,1600,1600,1600
"Tamil Nadu",Theni,"Kambam(Uzhavar Sandhai ) APMC","Knool Khol","Knool Khol",Local,28/03/2026,3000,3000,3000
"Tamil Nadu",Theni,"Kambam(Uzhavar Sandhai ) APMC",Mashrooms,Mashrooms,Local,28/03/2026,22500,22500,22500
"Tamil Nadu",Theni,"Bodinayakanur(Uzhavar Sandhai ) APMC",Onion,Bellary,Local,28/03/2026,2500,2500,2500
"Tamil Nadu",Theni,"Bodinayakanur(Uzhavar Sandhai ) APMC",Potato,"Red Nanital",Local,28/03/2026,2500,2500,2500
"Tamil Nadu",Theni,"Bodinayakanur(Uzhavar Sandhai ) APMC",Brinjal,Round,Local,28/03/2026,2500,2500,2500
"Tamil Nadu",Theni,"Bodinayakanur(Uzhavar Sandhai ) APMC",Tomato,Deshi,Local,28/03/2026,1600,1600,1600
"Tamil Nadu",Theni,"Bodinayakanur(Uzhavar Sandhai ) APMC","Bhindi(Ladies Finger)",Bhindi,Local,28/03/2026,6000,6000,6000
"Tamil Nadu",Theni,"Bodinayakanur(Uzhavar Sandhai ) APMC",Amaranthus,Amaranthus,Local,28/03/2026,2500,2500,2500
"Tamil Nadu",Theni,"Bodinayakanur(Uzhavar Sandhai ) APMC",Ginger(Green),"Green Ginger",Local,28/03/2026,6400,6400,6400
"Tamil Nadu",Theni,"Bodinayakanur(Uzhavar Sandhai ) APMC",Cabbage,Cabbage,Local,28/03/2026,1800,1800,1800
"Tamil Nadu",Theni,"Bodinayakanur(Uzhavar Sandhai ) APMC",Snakeguard,Snakeguard,Local,28/03/2026,2000,2000,2000
"Tamil Nadu",Theni,"Bodinayakanur(Uzhavar Sandhai ) APMC","Chow Chow","Chow Chow",Local,28/03/2026,2400,2400,2400
"Tamil Nadu",Theni,"Bodinayakanur(Uzhavar Sandhai ) APMC","Knool Khol","Knool Khol",Local,28/03/2026,3200,3200,3200
"Tamil Nadu",Theni,"Devaram(Uzhavar Sandhai ) APMC",Banana,Besrai,Local,28/03/2026,6500,6500,6500
"Tamil Nadu",Theni,"Devaram(Uzhavar Sandhai ) APMC",Onion,Bellary,Local,28/03/2026,2500,2500,2500
"Tamil Nadu",Theni,"Devaram(Uzhavar Sandhai ) APMC",Coriander(Leaves),"I Sort",Local,28/03/2026,3000,3000,3000
"Tamil Nadu",Theni,"Devaram(Uzhavar Sandhai ) APMC",Papaya,Papaya,Local,28/03/2026,3000,3000,3000
"Tamil Nadu",Theni,"Devaram(Uzhavar Sandhai ) APMC","Cluster beans","Cluster Beans",Local,28/03/2026,3000,3000,3000
"Tamil Nadu",Theni,"Devaram(Uzhavar Sandhai ) APMC","Bitter gourd","Bitter Gourd",Local,28/03/2026,2400,2400,2400
"Tamil Nadu",Theni,"Devaram(Uzhavar Sandhai ) APMC","Bhindi(Ladies Finger)",Bhindi,Local,28/03/2026,6000,6000,6000
"Tamil Nadu",Theni,"Devaram(Uzhavar Sandhai ) APMC","Sweet Potato","Hosur Red",Local,28/03/2026,2800,2800,2800
"Tamil Nadu",Theni,"Devaram(Uzhavar Sandhai ) APMC",Cabbage,Cabbage,Local,28/03/2026,1800,1800,1800
"Tamil Nadu",Theni,"Devaram(Uzhavar Sandhai ) APMC",Beetroot,Beetroot,Local,28/03/2026,3000,3000,3000
"Tamil Nadu",Theni,"Devaram(Uzhavar Sandhai ) APMC",Raddish,Raddish,Local,28/03/2026,1800,1800,1800
"Tamil Nadu",Theni,"Devaram(Uzhavar Sandhai ) APMC","Knool Khol","Knool Khol",Local,28/03/2026,3200,3200,3200
"Tamil Nadu",Theni,"Devaram(Uzhavar Sandhai ) APMC",Mint(Pudina),Mint(Pudina),Local,28/03/2026,2500,2500,2500
"Tamil Nadu",Theni,"Chinnamanur(Uzhavar Sandhai ) APMC","Green Peas","Green Peas",Local,28/03/2026,7000,7000,7000
"Tamil Nadu",Theni,"Chinnamanur(Uzhavar Sandhai ) APMC","Bhindi(Ladies Finger)",Bhindi,Local,28/03/2026,6000,6000,6000
"Tamil Nadu",Theni,"Chinnamanur(Uzhavar Sandhai ) APMC","Green Chilli","Green Chilly",Local,28/03/2026,3600,3800,3700
"Tamil Nadu",Theni,"Chinnamanur(Uzhavar Sandhai ) APMC",Cucumbar(Kheera),Cucumbar,Local,28/03/2026,3200,3200,3200
"Tamil Nadu",Theni,"Chinnamanur(Uzhavar Sandhai ) APMC",Capsicum,Capsicum,Local,28/03/2026,4500,4500,4500
"Tamil Nadu",Theni,"Chinnamanur(Uzhavar Sandhai ) APMC","Elephant Yam(Suran)/Amorphophallus","Elephant Yam (Suran)",Local,28/03/2026,3000,3000,3000
"Tamil Nadu",Thirunelveli,"Palayamkottai(Uzhavar Sandhai ) APMC",Garlic,Garlic,Local,28/03/2026,16000,20000,18000
"Tamil Nadu",Thirunelveli,"Palayamkottai(Uzhavar Sandhai ) APMC",Coriander(Leaves),"I Sort",Local,28/03/2026,3500,4000,3750
"Tamil Nadu",Thirunelveli,"Palayamkottai(Uzhavar Sandhai ) APMC","Green Chilli","Green Chilly",Local,28/03/2026,2500,3000,2750
"Tamil Nadu",Thirunelveli,"Palayamkottai(Uzhavar Sandhai ) APMC",Beans,"Beans (Whole)",Local,28/03/2026,6500,7000,6750
"Tamil Nadu",Thirunelveli,"Palayamkottai(Uzhavar Sandhai ) APMC",Snakeguard,Snakeguard,Local,28/03/2026,1600,2000,1800
"Tamil Nadu",Thirunelveli,"Palayamkottai(Uzhavar Sandhai ) APMC","Chow Chow","Chow Chow",Local,28/03/2026,2300,2500,2400
"Tamil Nadu",Thirunelveli,"Palayamkottai(Uzhavar Sandhai ) APMC",Drumstick,Drumstick,Local,28/03/2026,2800,3200,3000
"Tamil Nadu",Thirunelveli,"Palayamkottai(Uzhavar Sandhai ) APMC",Mango(Raw-Ripe),"Mango - Raw-Ripe",Local,28/03/2026,2000,3500,2750
"Tamil Nadu",Thirunelveli,"Palayamkottai(Uzhavar Sandhai ) APMC",Guava,"Guava Allahabad",Local,28/03/2026,6000,8000,7000
"Tamil Nadu",Thirunelveli,"Palayamkottai(Uzhavar Sandhai ) APMC",Mint(Pudina),Mint(Pudina),Local,28/03/2026,4200,4600,4400
"Tamil Nadu",Thirunelveli,"Melapalayam(Uzhavar Sandhai ) APMC",Onion,Bellary,Local,28/03/2026,2200,2400,2300
"Tamil Nadu",Thirunelveli,"Melapalayam(Uzhavar Sandhai ) APMC",Cauliflower,Ranchi,Local,28/03/2026,3500,3800,3650
"Tamil Nadu",Thirunelveli,"Melapalayam(Uzhavar Sandhai ) APMC",Amaranthus,Amaranthus,Local,28/03/2026,1200,1500,1350
"Tamil Nadu",Thirunelveli,"Melapalayam(Uzhavar Sandhai ) APMC",Ginger(Green),"Green Ginger",Local,28/03/2026,6500,6800,6650
"Tamil Nadu",Thirunelveli,"Melapalayam(Uzhavar Sandhai ) APMC","Sweet Potato","Hosur Red",Local,28/03/2026,2000,2500,2250
"Tamil Nadu",Thirunelveli,"Melapalayam(Uzhavar Sandhai ) APMC",Ridgeguard(Tori),Ridgeguard(Tori),Local,28/03/2026,3500,4000,3750
"Tamil Nadu",Thirunelveli,"Melapalayam(Uzhavar Sandhai ) APMC","Elephant Yam(Suran)/Amorphophallus","Elephant Yam (Suran)",Local,28/03/2026,2500,3000,2750
"Tamil Nadu",Thirunelveli,"Melapalayam(Uzhavar Sandhai ) APMC","Onion Green","Onion Green",Local,28/03/2026,3500,4000,3750
"Tamil Nadu",Thirunelveli,"NGO Colony(Uzhavar Sandhai ) APMC",Coriander(Leaves),"I Sort",Local,28/03/2026,3500,4000,3750
"Tamil Nadu",Thirunelveli,"NGO Colony(Uzhavar Sandhai ) APMC",Tomato,Deshi,Local,28/03/2026,2000,2400,2200
"Tamil Nadu",Thirunelveli,"NGO Colony(Uzhavar Sandhai ) APMC","Cluster beans","Cluster Beans",Local,28/03/2026,2000,2600,2300
"Tamil Nadu",Thirunelveli,"NGO Colony(Uzhavar Sandhai ) APMC","Bottle gourd","Bottle Gourd",Local,28/03/2026,2000,2500,2250
"Tamil Nadu",Thirunelveli,"NGO Colony(Uzhavar Sandhai ) APMC","Banana - Green","Banana - Green",Local,28/03/2026,2200,3000,2600
"Tamil Nadu",Thirunelveli,"NGO Colony(Uzhavar Sandhai ) APMC","Green Avare(W)","Green Avare (W)",Local,28/03/2026,8000,8500,8250
"Tamil Nadu",Thiruvellore,"Ambattur(Uzhavar Sandhai ) APMC",Brinjal,Round,Local,28/03/2026,4000,4000,4000
"Tamil Nadu",Thiruvarur,"Tiruthuraipoondi(Uzhavar Sandhai ) APMC",Groundnut,"Big (With Shell)",Local,28/03/2026,6000,6000,6000
"Tamil Nadu",Thiruvarur,"Tiruthuraipoondi(Uzhavar Sandhai ) APMC",Brinjal,Round,Local,28/03/2026,3500,3500,3500
"Tamil Nadu",Thiruvarur,"Tiruthuraipoondi(Uzhavar Sandhai ) APMC",Papaya,Papaya,Local,28/03/2026,3500,3500,3500
"Tamil Nadu",Thiruvarur,"Tiruthuraipoondi(Uzhavar Sandhai ) APMC",Ashgourd,Gouard,Local,28/03/2026,2000,2000,2000
"Tamil Nadu",Thiruvarur,"Tiruthuraipoondi(Uzhavar Sandhai ) APMC",Amaranthus,Amaranthus,Local,28/03/2026,1000,1500,1250
"Tamil Nadu",Thiruvarur,"Tiruthuraipoondi(Uzhavar Sandhai ) APMC","Green Chilli","Green Chilly",Local,28/03/2026,4000,4000,4000
"Tamil Nadu",Thiruvarur,"Tiruthuraipoondi(Uzhavar Sandhai ) APMC",Coconut,Coconut,Local,28/03/2026,5000,5000,5000
"Tamil Nadu",Thiruvarur,"Tiruthuraipoondi(Uzhavar Sandhai ) APMC",Cucumbar(Kheera),Cucumbar,Local,28/03/2026,7000,7000,7000
"Tamil Nadu",Thiruvarur,"Mannargudi I(Uzhavar Sandhai ) APMC",Banana,Karpura,Local,28/03/2026,4000,4000,4000
"Tamil Nadu",Thiruvarur,"Mannargudi I(Uzhavar Sandhai ) APMC","Mousambi(Sweet Lime)",Mousambi,Local,28/03/2026,6000,6000,6000
"Tamil Nadu",Thiruvarur,"Mannargudi I(Uzhavar Sandhai ) APMC",Pumpkin,Pumpkin,Local,28/03/2026,2000,2000,2000
"Tamil Nadu",Thiruvarur,"Mannargudi I(Uzhavar Sandhai ) APMC","Bhindi(Ladies Finger)",Bhindi,Local,28/03/2026,4600,4600,4600
"Tamil Nadu",Thiruvarur,"Mannargudi I(Uzhavar Sandhai ) APMC",Beans,"Beans (Whole)",Local,28/03/2026,7000,7000,7000
"Tamil Nadu",Thiruvarur,"Mannargudi I(Uzhavar Sandhai ) APMC",Tapioca,Tapioca,Local,28/03/2026,4000,4000,4000
"Tamil Nadu",Thiruvarur,"Mannargudi I(Uzhavar Sandhai ) APMC",Ginger(Green),"Green Ginger",Local,28/03/2026,7400,7400,7400
"Tamil Nadu",Thiruvarur,"Mannargudi I(Uzhavar Sandhai ) APMC","Onion Green","Onion Green",Local,28/03/2026,4000,4000,4000
"Tamil Nadu",Thiruvarur,"Needamangalam(Uzhavar Sandhai ) APMC",Coriander(Leaves),"I Sort",Local,28/03/2026,4000,4000,4000
"Tamil Nadu",Thiruvarur,"Needamangalam(Uzhavar Sandhai ) APMC",Amaranthus,Amaranthus,Local,28/03/2026,2000,2000,2000
"Tamil Nadu",Thiruvarur,"Needamangalam(Uzhavar Sandhai ) APMC","Banana - Green","Banana - Green",Local,28/03/2026,4000,4000,4000
"Tamil Nadu",Thiruvarur,"Needamangalam(Uzhavar Sandhai ) APMC",Drumstick,Drumstick,Local,28/03/2026,3600,3600,3600
"Tamil Nadu",Thiruvarur,"Muthupettai(Uzhavar Sandhai ) APMC",Potato,"Red Nanital",Local,28/03/2026,3500,3500,3500
"Tamil Nadu",Thiruvarur,"Muthupettai(Uzhavar Sandhai ) APMC",Coriander(Leaves),"I Sort",Local,28/03/2026,4000,4000,4000
"Tamil Nadu",Thiruvarur,"Muthupettai(Uzhavar Sandhai ) APMC","Green Chilli","Green Chilly",Local,28/03/2026,4000,4000,4000
"Tamil Nadu",Thiruvarur,"Muthupettai(Uzhavar Sandhai ) APMC",Cabbage,Cabbage,Local,28/03/2026,3000,3000,3000
"Tamil Nadu",Thiruvarur,"Muthupettai(Uzhavar Sandhai ) APMC",Beetroot,Beetroot,Local,28/03/2026,3500,3500,3500
"Tamil Nadu",Thiruvarur,"Mannargudi II(Uzhavar Sandhai ) APMC",Onion,Bellary,Local,28/03/2026,2600,3400,3000
"Tamil Nadu",Thiruvarur,"Mannargudi II(Uzhavar Sandhai ) APMC","Banana - Green","Banana - Green",Local,28/03/2026,4000,4000,4000
"Tamil Nadu",Thiruvarur,"Mannargudi II(Uzhavar Sandhai ) APMC",Tapioca,Tapioca,Local,28/03/2026,4000,4000,4000
"Tamil Nadu",Thiruvarur,"Mannargudi II(Uzhavar Sandhai ) APMC",Ginger(Green),"Green Ginger",Local,28/03/2026,7400,7400,7400
"Tamil Nadu",Thiruvarur,"Mannargudi II(Uzhavar Sandhai ) APMC",Carrot,Pusakesar,Local,28/03/2026,4400,4400,4400
"Tamil Nadu",Thiruvarur,"Mannargudi II(Uzhavar Sandhai ) APMC",Cabbage,Cabbage,Local,28/03/2026,2400,2400,2400
"Tamil Nadu",Thiruvarur,"Mannargudi II(Uzhavar Sandhai ) APMC",Ridgeguard(Tori),Ridgeguard(Tori),Local,28/03/2026,4000,4000,4000
"Tamil Nadu",Thiruvarur,"Mannargudi II(Uzhavar Sandhai ) APMC",Drumstick,Drumstick,Local,28/03/2026,3600,3800,3700
"Tamil Nadu",Tuticorin,"Kovilpatti(Uzhavar Sandhai ) APMC",Cauliflower,Ranchi,Local,28/03/2026,4000,4500,4250
"Tamil Nadu",Tuticorin,"Kovilpatti(Uzhavar Sandhai ) APMC",Papaya,Papaya,Local,28/03/2026,3000,3500,3250
"Tamil Nadu",Tuticorin,"Kovilpatti(Uzhavar Sandhai ) APMC",Tomato,Local,Local,28/03/2026,1800,2000,1900
"Tamil Nadu",Tuticorin,"Kovilpatti(Uzhavar Sandhai ) APMC","Cluster beans","Cluster Beans",Local,28/03/2026,5500,6000,5750
"Tamil Nadu",Tuticorin,"Kovilpatti(Uzhavar Sandhai ) APMC",Amaranthus,Amaranthus,Local,28/03/2026,1800,2000,1900
"Tamil Nadu",Tuticorin,"Kovilpatti(Uzhavar Sandhai ) APMC",Coconut,Coconut,Local,28/03/2026,7500,8000,7750
"Tamil Nadu",Tuticorin,"Kovilpatti(Uzhavar Sandhai ) APMC",Snakeguard,Snakeguard,Local,28/03/2026,2500,3000,2750
"Tamil Nadu",Tuticorin,"Kovilpatti(Uzhavar Sandhai ) APMC",Thondekai,Thondekai,Local,28/03/2026,4000,4500,4250
"Tamil Nadu",Tuticorin,"Kovilpatti(Uzhavar Sandhai ) APMC",Mango(Raw-Ripe),"Mango - Raw-Ripe",Local,28/03/2026,7000,7500,7250
"Tamil Nadu",Tuticorin,"Kovilpatti(Uzhavar Sandhai ) APMC",Yam(Ratalu),"Yam (Ratalu)",Local,28/03/2026,5500,6000,5750
"Tamil Nadu",Tuticorin,"Kovilpatti(Uzhavar Sandhai ) APMC",Lemon,Lemon,Local,28/03/2026,13000,13500,13250
"Tamil Nadu",Tuticorin,"Kovilpatti(Uzhavar Sandhai ) APMC",Mint(Pudina),Mint(Pudina),Local,28/03/2026,3500,4000,3750
"Tamil Nadu",Thiruvannamalai,"Tiruvannamalai(Uzhavar Sandhai ) APMC",Garlic,Garlic,Local,28/03/2026,16000,18000,17000
"Tamil Nadu",Thiruvannamalai,"Tiruvannamalai(Uzhavar Sandhai ) APMC","Bottle gourd","Bottle Gourd",Local,28/03/2026,1500,2000,1750
"Tamil Nadu",Thiruvannamalai,"Tiruvannamalai(Uzhavar Sandhai ) APMC",Beans,"Beans (Whole)",Local,28/03/2026,7000,8000,7500
"Tamil Nadu",Thiruvannamalai,"Tiruvannamalai(Uzhavar Sandhai ) APMC",Tapioca,Tapioca,Local,28/03/2026,2500,3000,2750
"Tamil Nadu",Thiruvannamalai,"Tiruvannamalai(Uzhavar Sandhai ) APMC",Beetroot,Beetroot,Local,28/03/2026,2400,3000,2700
"Tamil Nadu",Thiruvannamalai,"Tiruvannamalai(Uzhavar Sandhai ) APMC",Cucumbar(Kheera),Cucumbar,Local,28/03/2026,3500,4000,3750
"Tamil Nadu",Thiruvannamalai,"Tiruvannamalai(Uzhavar Sandhai ) APMC","Chow Chow","Chow Chow",Local,28/03/2026,2500,3000,2750
"Tamil Nadu",Thiruvannamalai,"Tiruvannamalai(Uzhavar Sandhai ) APMC","Knool Khol","Knool Khol",Local,28/03/2026,2400,3000,2700
"Tamil Nadu",Thiruvannamalai,"Tiruvannamalai(Uzhavar Sandhai ) APMC",Guava,"Guava Allahabad",Local,28/03/2026,5000,6000,5500
"Tamil Nadu",Thiruvannamalai,"Tiruvannamalai(Uzhavar Sandhai ) APMC","Karbuja(Musk Melon)",Karbhuja,Local,28/03/2026,2000,2500,2250
"Tamil Nadu",Thiruvannamalai,"Tiruvannamalai(Uzhavar Sandhai ) APMC","Tamarind Fruit","Tamarind Fruit",Local,28/03/2026,14000,16000,15000
"Tamil Nadu",Thiruvannamalai,"Tiruvannamalai(Uzhavar Sandhai ) APMC","Elephant Yam(Suran)/Amorphophallus","Elephant Yam (Suran)",Local,28/03/2026,3500,4000,3750
"Tamil Nadu",Thiruvannamalai,"Tiruvannamalai(Uzhavar Sandhai ) APMC",Colacasia,Colacasia,Local,28/03/2026,2500,3000,2750
"Tamil Nadu",Thiruvannamalai,"Polur(Uzhavar Sandhai ) APMC",Banana,Besrai,Local,28/03/2026,4200,5000,4600
"Tamil Nadu",Thiruvannamalai,"Polur(Uzhavar Sandhai ) APMC",Garlic,Garlic,Local,28/03/2026,12000,15000,13500
"Tamil Nadu",Thiruvannamalai,"Polur(Uzhavar Sandhai ) APMC",Brinjal,Round,Local,28/03/2026,2500,3000,2750
"Tamil Nadu",Thiruvannamalai,"Polur(Uzhavar Sandhai ) APMC","Bhindi(Ladies Finger)",Bhindi,Local,28/03/2026,3300,4000,3650
"Tamil Nadu",Thiruvannamalai,"Polur(Uzhavar Sandhai ) APMC",Ridgeguard(Tori),Ridgeguard(Tori),Local,28/03/2026,3300,4000,3650
"Tamil Nadu",Thiruvannamalai,"Polur(Uzhavar Sandhai ) APMC",Mango(Raw-Ripe),"Mango - Raw-Ripe",Local,28/03/2026,5000,6000,5500
"Tamil Nadu",Thiruvannamalai,"Polur(Uzhavar Sandhai ) APMC","Karbuja(Musk Melon)",Karbhuja,Local,28/03/2026,1600,2000,1800
"Tamil Nadu",Thiruvannamalai,"Polur(Uzhavar Sandhai ) APMC",Rose(Local),"Rose (Local)",Local,28/03/2026,8000,10000,9000
"Tamil Nadu",Thiruvannamalai,"Arani(Uzhavar Sandhai ) APMC",Brinjal,Other,Local,28/03/2026,2000,2500,2250
"Tamil Nadu",Thiruvannamalai,"Arani(Uzhavar Sandhai ) APMC",Chikoos(Sapota),Sapota,Local,28/03/2026,4000,5000,4500
"Tamil Nadu",Thiruvannamalai,"Arani(Uzhavar Sandhai ) APMC","Bitter gourd","Bitter Gourd",Local,28/03/2026,3000,4000,3500
"Tamil Nadu",Thiruvannamalai,"Arani(Uzhavar Sandhai ) APMC",Pumpkin,Pumpkin,Local,28/03/2026,2000,2500,2250
"Tamil Nadu",Thiruvannamalai,"Arani(Uzhavar Sandhai ) APMC","Chow Chow","Chow Chow",Local,28/03/2026,2500,3000,2750
"Tamil Nadu",Thiruvannamalai,"Arani(Uzhavar Sandhai ) APMC","Knool Khol","Knool Khol",Local,28/03/2026,2500,3000,2750
"Tamil Nadu",Thiruvannamalai,"Arani(Uzhavar Sandhai ) APMC",Yam(Ratalu),"Yam (Ratalu)",Local,28/03/2026,3000,3600,3300
"Tamil Nadu",Thiruvannamalai,"Arani(Uzhavar Sandhai ) APMC","Onion Green","Onion Green",Local,28/03/2026,4200,5000,4600
"Tamil Nadu",Thiruvannamalai,"Chengam(Uzhavar Sandhai ) APMC",Cauliflower,Ranchi,Local,28/03/2026,2500,3000,2750
"Tamil Nadu",Thiruvannamalai,"Chengam(Uzhavar Sandhai ) APMC",Brinjal,Round,Local,28/03/2026,2500,3000,2750
"Tamil Nadu",Thiruvannamalai,"Chengam(Uzhavar Sandhai ) APMC",Pumpkin,Pumpkin,Local,28/03/2026,2000,2500,2250
"Tamil Nadu",Thiruvannamalai,"Chengam(Uzhavar Sandhai ) APMC","Bhindi(Ladies Finger)",Bhindi,Local,28/03/2026,3300,4000,3650
"Tamil Nadu",Thiruvannamalai,"Chengam(Uzhavar Sandhai ) APMC",Amaranthus,Amaranthus,Local,28/03/2026,1200,1500,1350
"Tamil Nadu",Thiruvannamalai,"Chengam(Uzhavar Sandhai ) APMC","Banana - Green","Banana - Green",Local,28/03/2026,1200,1500,1350
"Tamil Nadu",Thiruvannamalai,"Chengam(Uzhavar Sandhai ) APMC",Beans,"Beans (Whole)",Local,28/03/2026,5000,6000,5500
"Tamil Nadu",Thiruvannamalai,"Chengam(Uzhavar Sandhai ) APMC",Carrot,Pusakesar,Local,28/03/2026,3000,3600,3300
"Tamil Nadu",Thiruvannamalai,"Chengam(Uzhavar Sandhai ) APMC",Raddish,Raddish,Local,28/03/2026,1600,2000,1800
"Tamil Nadu",Thiruvannamalai,"Chengam(Uzhavar Sandhai ) APMC",Mango(Raw-Ripe),"Mango - Raw-Ripe",Local,28/03/2026,5000,6000,5500
"Tamil Nadu",Thiruvannamalai,"Chengam(Uzhavar Sandhai ) APMC","Knool Khol","Knool Khol",Local,28/03/2026,2500,3000,2750
"Tamil Nadu",Thiruvannamalai,"Vandavasi(Uzhavar Sandhai ) APMC",Brinjal,Other,Local,28/03/2026,2000,2500,2250
"Tamil Nadu",Thiruvannamalai,"Vandavasi(Uzhavar Sandhai ) APMC","Bottle gourd","Bottle Gourd",Local,28/03/2026,1600,2000,1800
"Tamil Nadu",Thiruvannamalai,"Vandavasi(Uzhavar Sandhai ) APMC","Green Chilli","Green Chilly",Local,28/03/2026,5000,6000,5500
"Tamil Nadu",Thiruvannamalai,"Vandavasi(Uzhavar Sandhai ) APMC",Ridgeguard(Tori),Ridgeguard(Tori),Local,28/03/2026,2500,3000,2750
"Tamil Nadu",Thiruvannamalai,"Vandavasi(Uzhavar Sandhai ) APMC",Thondekai,Thondekai,Local,28/03/2026,3500,4000,3750
"Tamil Nadu",Thiruvannamalai,"Vandavasi(Uzhavar Sandhai ) APMC",Drumstick,Drumstick,Local,28/03/2026,3600,4200,3900
"Tamil Nadu",Thiruvannamalai,"Vandavasi(Uzhavar Sandhai ) APMC","Knool Khol","Knool Khol",Local,28/03/2026,2000,2500,2250
"Tamil Nadu",Thiruvannamalai,"Vandavasi(Uzhavar Sandhai ) APMC",Guava,"Guava Allahabad",Local,28/03/2026,4000,5000,4500
"Tamil Nadu",Thiruvannamalai,"Vandavasi(Uzhavar Sandhai ) APMC","Onion Green","Onion Green",Local,28/03/2026,4000,5000,4500
"Tamil Nadu",Thiruvannamalai,"Tamarainagar(Uzhavar Sandhai ) APMC",Coriander(Leaves),"I Sort",Local,28/03/2026,3500,4000,3750
"Tamil Nadu",Thiruvannamalai,"Tamarainagar(Uzhavar Sandhai ) APMC",Papaya,Papaya,Local,28/03/2026,3000,3600,3300
"Tamil Nadu",Thiruvannamalai,"Tamarainagar(Uzhavar Sandhai ) APMC","Bhindi(Ladies Finger)",Bhindi,Local,28/03/2026,3500,4000,3750
"Tamil Nadu",Thiruvannamalai,"Tamarainagar(Uzhavar Sandhai ) APMC","Green Chilli","Green Chilly",Local,28/03/2026,2500,3000,2750
"Tamil Nadu",Thiruvannamalai,"Tamarainagar(Uzhavar Sandhai ) APMC",Tapioca,Tapioca,Local,28/03/2026,1500,1800,1650
"Tamil Nadu",Thiruvannamalai,"Tamarainagar(Uzhavar Sandhai ) APMC",Coconut,Coconut,Local,28/03/2026,6000,7000,6500
"Tamil Nadu",Thiruvannamalai,"Tamarainagar(Uzhavar Sandhai ) APMC",Mango(Raw-Ripe),"Mango - Raw-Ripe",Local,28/03/2026,4000,5000,4500
"Tamil Nadu",Thiruvannamalai,"Tamarainagar(Uzhavar Sandhai ) APMC",Guava,"Guava Allahabad",Local,28/03/2026,5000,6000,5500
"Tamil Nadu",Thiruvannamalai,"Tamarainagar(Uzhavar Sandhai ) APMC","Tamarind Fruit","Tamarind Fruit",Local,28/03/2026,11000,13000,12000
"Tamil Nadu",Thiruchirappalli,"Musiri(Uzhavar Sandhai ) APMC",Potato,Other,Local,28/03/2026,2500,3000,2750
"Tamil Nadu",Thiruchirappalli,"Musiri(Uzhavar Sandhai ) APMC",Cauliflower,Ranchi,Local,28/03/2026,2500,3000,2750
"Tamil Nadu",Thiruchirappalli,"Musiri(Uzhavar Sandhai ) APMC",Papaya,Papaya,Local,28/03/2026,3500,4000,3750
"Tamil Nadu",Thiruchirappalli,"Musiri(Uzhavar Sandhai ) APMC","Bottle gourd","Bottle Gourd",Local,28/03/2026,1500,2000,1750
"Tamil Nadu",Thiruchirappalli,"Musiri(Uzhavar Sandhai ) APMC",Pumpkin,Pumpkin,Local,28/03/2026,1600,1600,1600
"Tamil Nadu",Thiruchirappalli,"Musiri(Uzhavar Sandhai ) APMC",Tapioca,Tapioca,Local,28/03/2026,2500,3000,2750
"Tamil Nadu",Thiruchirappalli,"Musiri(Uzhavar Sandhai ) APMC","Betal Leaves",Mysore,Local,28/03/2026,8000,9000,8500
"Tamil Nadu",Thiruchirappalli,"Musiri(Uzhavar Sandhai ) APMC",Cabbage,Cabbage,Local,28/03/2026,2000,2500,2250
"Tamil Nadu",Thiruchirappalli,"Musiri(Uzhavar Sandhai ) APMC",Capsicum,Capsicum,Local,28/03/2026,4500,5000,4750
"Tamil Nadu",Thiruchirappalli,"Musiri(Uzhavar Sandhai ) APMC","Chow Chow","Chow Chow",Local,28/03/2026,2000,2600,2300
"Tamil Nadu",Thiruchirappalli,"Musiri(Uzhavar Sandhai ) APMC",Guava,"Guava Allahabad",Local,28/03/2026,4000,5000,4500
"Tamil Nadu",Thiruchirappalli,"Musiri(Uzhavar Sandhai ) APMC","Onion Green","Onion Green",Local,28/03/2026,3000,4000,3500
"Tamil Nadu",Thiruchirappalli,"Musiri(Uzhavar Sandhai ) APMC",Mint(Pudina),Mint(Pudina),Local,28/03/2026,2500,3000,2750
"Tamil Nadu",Thiruchirappalli,"Thiruverumbur(Uzhavar Sandhai ) APMC",Brinjal,Other,Local,28/03/2026,4600,4600,4600
"Tamil Nadu",Thiruchirappalli,"Thiruverumbur(Uzhavar Sandhai ) APMC","Bitter gourd",Other,Local,28/03/2026,3600,4000,3800
"Tamil Nadu",Thiruchirappalli,"Thiruverumbur(Uzhavar Sandhai ) APMC","Bhindi(Ladies Finger)",Bhindi,Local,28/03/2026,5600,5600,5600
"Tamil Nadu",Thiruchirappalli,"Thiruverumbur(Uzhavar Sandhai ) APMC","Banana - Green","Banana - Green",Local,28/03/2026,2500,2500,2500
"Tamil Nadu",Thiruchirappalli,"Thiruverumbur(Uzhavar Sandhai ) APMC","Sweet Potato","Hosur Red",Local,28/03/2026,4000,4000,4000
"Tamil Nadu",Thiruchirappalli,"Thiruverumbur(Uzhavar Sandhai ) APMC",Capsicum,Capsicum,Local,28/03/2026,5500,5500,5500
"Tamil Nadu",Thiruchirappalli,"Thiruverumbur(Uzhavar Sandhai ) APMC","Onion Green","Onion Green",Local,28/03/2026,4000,4000,4000
"Tamil Nadu",Thiruchirappalli,"Lalgudi(Uzhavar Sandhai ) APMC",Onion,Bellary,Local,28/03/2026,2800,2800,2800
"Tamil Nadu",Thiruchirappalli,"Lalgudi(Uzhavar Sandhai ) APMC",Coriander(Leaves),"I Sort",Local,28/03/2026,2800,2800,2800
"Tamil Nadu",Thiruchirappalli,"Lalgudi(Uzhavar Sandhai ) APMC",Tomato,Local,Local,28/03/2026,1600,1600,1600
"Tamil Nadu",Thiruchirappalli,"Lalgudi(Uzhavar Sandhai ) APMC","Cluster beans","Cluster Beans",Local,28/03/2026,3600,3600,3600
"Tamil Nadu",Thiruchirappalli,"Lalgudi(Uzhavar Sandhai ) APMC",Amaranthus,Amaranthus,Local,28/03/2026,1000,1000,1000
"Tamil Nadu",Thiruchirappalli,"Lalgudi(Uzhavar Sandhai ) APMC","Sweet Potato","Hosur Red",Local,28/03/2026,4000,4000,4000
"Tamil Nadu",Thiruchirappalli,"Lalgudi(Uzhavar Sandhai ) APMC",Snakeguard,Snakeguard,Local,28/03/2026,4000,4000,4000
"Tamil Nadu",Thiruchirappalli,"Lalgudi(Uzhavar Sandhai ) APMC",Beetroot,Beetroot,Local,28/03/2026,2600,2600,2600
"Tamil Nadu",Thiruchirappalli,"Lalgudi(Uzhavar Sandhai ) APMC",Raddish,Raddish,Local,28/03/2026,2400,2400,2400
"Tamil Nadu",Thiruchirappalli,"Lalgudi(Uzhavar Sandhai ) APMC",Mango(Raw-Ripe),"Mango - Raw-Ripe",Local,28/03/2026,4000,4000,4000
"Tamil Nadu",Thiruchirappalli,"Manachanallur(Uzhavar Sandhai ) APMC","Bottle gourd","Bottle Gourd",Local,28/03/2026,2000,2000,2000
"Tamil Nadu",Thiruchirappalli,"Manachanallur(Uzhavar Sandhai ) APMC",Amaranthus,Amaranthus,Local,28/03/2026,1500,1500,1500
"Tamil Nadu",Thiruchirappalli,"Manachanallur(Uzhavar Sandhai ) APMC",Carrot,Pusakesar,Local,28/03/2026,4000,4000,4000
"Tamil Nadu",Thiruchirappalli,"Manachanallur(Uzhavar Sandhai ) APMC",Snakeguard,Snakeguard,Local,28/03/2026,3600,3600,3600
"Tamil Nadu",Thiruchirappalli,"Manachanallur(Uzhavar Sandhai ) APMC",Ridgeguard(Tori),Ridgeguard(Tori),Local,28/03/2026,3600,3600,3600
"Tamil Nadu",Thiruchirappalli,"Manachanallur(Uzhavar Sandhai ) APMC","Onion Green","Onion Green",Local,28/03/2026,3600,3600,3600
"Tamil Nadu",Thiruchirappalli,"Manachanallur(Uzhavar Sandhai ) APMC",Mint(Pudina),Mint(Pudina),Local,28/03/2026,3000,3000,3000
"Tamil Nadu",Vellore,"Gudiyatham(Uzhavar Sandhai ) APMC",Onion,Bellary,Local,28/03/2026,2400,2400,2400
"Tamil Nadu",Vellore,"Gudiyatham(Uzhavar Sandhai ) APMC","Cluster beans","Cluster Beans",Local,28/03/2026,4000,4000,4000
"Tamil Nadu",Vellore,"Gudiyatham(Uzhavar Sandhai ) APMC","Banana - Green","Banana - Green",Local,28/03/2026,3500,3500,3500
"Tamil Nadu",Vellore,"Gudiyatham(Uzhavar Sandhai ) APMC",Cabbage,Cabbage,Local,28/03/2026,2400,2400,2400
"Tamil Nadu",Vellore,"Gudiyatham(Uzhavar Sandhai ) APMC",Snakeguard,Snakeguard,Local,28/03/2026,3600,3600,3600
"Tamil Nadu",Vellore,"Gudiyatham(Uzhavar Sandhai ) APMC",Cucumbar(Kheera),Cucumbar,Local,28/03/2026,3000,3000,3000
"Tamil Nadu",Vellore,"Gudiyatham(Uzhavar Sandhai ) APMC",Thondekai,Thondekai,Local,28/03/2026,4000,4000,4000
"Tamil Nadu",Vellore,"Gudiyatham(Uzhavar Sandhai ) APMC",Mango(Raw-Ripe),"Mango - Raw-Ripe",Local,28/03/2026,4000,4000,4000
"Tamil Nadu",Vellore,"Kahithapattarai(Uzhavar Sandhai ) APMC",Groundnut,"Big (With Shell)",Local,28/03/2026,7000,7000,7000
"Tamil Nadu",Vellore,"Kahithapattarai(Uzhavar Sandhai ) APMC",Potato,Other,Local,28/03/2026,2000,2000,2000
"Tamil Nadu",Vellore,"Kahithapattarai(Uzhavar Sandhai ) APMC","Bitter gourd",Other,Local,28/03/2026,2500,2500,2500
"Tamil Nadu",Vellore,"Kahithapattarai(Uzhavar Sandhai ) APMC",Pumpkin,Pumpkin,Local,28/03/2026,2000,2000,2000
"Tamil Nadu",Vellore,"Kahithapattarai(Uzhavar Sandhai ) APMC",Amaranthus,Amaranthus,Local,28/03/2026,2400,3000,2700
"Tamil Nadu",Vellore,"Kahithapattarai(Uzhavar Sandhai ) APMC",Beans,"Beans (Whole)",Local,28/03/2026,4600,5500,5050
"Tamil Nadu",Vellore,"Kahithapattarai(Uzhavar Sandhai ) APMC",Ginger(Green),"Green Ginger",Local,28/03/2026,6500,6500,6500
"Tamil Nadu",Vellore,"Kahithapattarai(Uzhavar Sandhai ) APMC",Cucumbar(Kheera),Cucumbar,Local,28/03/2026,2500,2500,2500
"Tamil Nadu",Vellore,"Kahithapattarai(Uzhavar Sandhai ) APMC",Raddish,Raddish,Local,28/03/2026,1500,1800,1650
"Tamil Nadu",Vellore,"Kahithapattarai(Uzhavar Sandhai ) APMC","Green Avare(W)",Other,Local,28/03/2026,5600,5600,5600
"Tamil Nadu",Vellore,"Kahithapattarai(Uzhavar Sandhai ) APMC","Chow Chow","Chow Chow",Local,28/03/2026,2400,2400,2400
"Tamil Nadu",Vellore,"Kahithapattarai(Uzhavar Sandhai ) APMC",Drumstick,Drumstick,Local,28/03/2026,3000,3000,3000
"Tamil Nadu",Vellore,"Kahithapattarai(Uzhavar Sandhai ) APMC",Yam(Ratalu),"Yam (Ratalu)",Local,28/03/2026,2500,2500,2500
"Tamil Nadu",Villupuram,"Villupuram(Uzhavar Sandhai ) APMC","Banana - Green","Banana - Green",Local,28/03/2026,3000,3000,3000
"Tamil Nadu",Villupuram,"Villupuram(Uzhavar Sandhai ) APMC",Beans,"Beans (Whole)",Local,28/03/2026,7000,7000,7000
"Tamil Nadu",Villupuram,"Villupuram(Uzhavar Sandhai ) APMC",Coconut,Coconut,Local,28/03/2026,6000,6000,6000
"Tamil Nadu",Villupuram,"Villupuram(Uzhavar Sandhai ) APMC","Tender Coconut","Tender Coconut",Local,28/03/2026,2500,3500,3000
"Tamil Nadu",Villupuram,"Villupuram(Uzhavar Sandhai ) APMC","Onion Green","Onion Green",Local,28/03/2026,4000,4000,4000
"Tamil Nadu",Villupuram,"Gingee(Uzhavar Sandhai ) APMC",Brinjal,Other,Local,28/03/2026,3000,4000,3500
"Tamil Nadu",Villupuram,"Gingee(Uzhavar Sandhai ) APMC","Cluster beans","Cluster Beans",Local,28/03/2026,3500,3500,3500
"Tamil Nadu",Villupuram,"Gingee(Uzhavar Sandhai ) APMC","Bottle gourd","Bottle Gourd",Local,28/03/2026,2000,2000,2000
"Tamil Nadu",Villupuram,"Gingee(Uzhavar Sandhai ) APMC","Green Chilli","Green Chilly",Local,28/03/2026,4000,4000,4000
"Tamil Nadu",Villupuram,"Gingee(Uzhavar Sandhai ) APMC",Beans,"Beans (Whole)",Local,28/03/2026,7000,7000,7000
"Tamil Nadu",Villupuram,"Gingee(Uzhavar Sandhai ) APMC","Green Avare(W)",Other,Local,28/03/2026,6000,6000,6000
"Tamil Nadu",Villupuram,"Gingee(Uzhavar Sandhai ) APMC","Knool Khol","Knool Khol",Local,28/03/2026,4000,4000,4000
"Tamil Nadu",Virudhunagar,"Aruppukottai(Uzhavar Sandhai ) APMC",Potato,"Red Nanital",Local,28/03/2026,2000,2500,2250
"Tamil Nadu",Virudhunagar,"Aruppukottai(Uzhavar Sandhai ) APMC",Chikoos(Sapota),Sapota,Local,28/03/2026,3500,4000,3750
"Tamil Nadu",Virudhunagar,"Aruppukottai(Uzhavar Sandhai ) APMC",Papaya,Papaya,Local,28/03/2026,3000,3500,3250
"Tamil Nadu",Virudhunagar,"Aruppukottai(Uzhavar Sandhai ) APMC","Cluster beans","Cluster Beans",Local,28/03/2026,3500,4000,3750
"Tamil Nadu",Virudhunagar,"Aruppukottai(Uzhavar Sandhai ) APMC",Raddish,Raddish,Local,28/03/2026,2500,3000,2750
"Tamil Nadu",Virudhunagar,"Aruppukottai(Uzhavar Sandhai ) APMC","Chow Chow","Chow Chow",Local,28/03/2026,2500,3000,2750
"Tamil Nadu",Virudhunagar,"Aruppukottai(Uzhavar Sandhai ) APMC",Drumstick,Drumstick,Local,28/03/2026,3500,4000,3750
"Tamil Nadu",Virudhunagar,"Aruppukottai(Uzhavar Sandhai ) APMC",Guava,"Guava Allahabad",Local,28/03/2026,4500,5000,4750
"Tamil Nadu",Virudhunagar,"Rajapalayam(Uzhavar Sandhai ) APMC",Onion,Bellary,Local,28/03/2026,2500,3000,2750
"Tamil Nadu",Virudhunagar,"Rajapalayam(Uzhavar Sandhai ) APMC",Potato,"Red Nanital",Local,28/03/2026,2500,3000,2750
"Tamil Nadu",Virudhunagar,"Rajapalayam(Uzhavar Sandhai ) APMC",Brinjal,Round,Local,28/03/2026,4000,4500,4250
"Tamil Nadu",Virudhunagar,"Rajapalayam(Uzhavar Sandhai ) APMC",Tomato,Deshi,Local,28/03/2026,1500,2000,1750
"Tamil Nadu",Virudhunagar,"Rajapalayam(Uzhavar Sandhai ) APMC",Ashgourd,Gouard,Local,28/03/2026,2000,2500,2250
"Tamil Nadu",Virudhunagar,"Rajapalayam(Uzhavar Sandhai ) APMC",Cabbage,Cabbage,Local,28/03/2026,2500,3000,2750
"Tamil Nadu",Virudhunagar,"Rajapalayam(Uzhavar Sandhai ) APMC",Drumstick,Drumstick,Local,28/03/2026,4500,5000,4750
"Tamil Nadu",Virudhunagar,"Rajapalayam(Uzhavar Sandhai ) APMC",Lime,Lime,Local,28/03/2026,14000,16000,15000
"Tamil Nadu",Virudhunagar,"Rajapalayam(Uzhavar Sandhai ) APMC","Elephant Yam(Suran)/Amorphophallus","Elephant Yam (Suran)",Local,28/03/2026,3500,4000,3750
"Tamil Nadu",Virudhunagar,"Rajapalayam(Uzhavar Sandhai ) APMC",Colacasia,Colacasia,Local,28/03/2026,6000,7000,6500
"Tamil Nadu",Virudhunagar,"Rajapalayam(Uzhavar Sandhai ) APMC",Turnip,Turnip,Local,28/03/2026,6000,7000,6500
"Tamil Nadu",Virudhunagar,"Rajapalayam(Uzhavar Sandhai ) APMC","Onion Green","Onion Green",Local,28/03/2026,3500,4000,3750
"Tamil Nadu",Virudhunagar,"Sivakasi(Uzhavar Sandhai ) APMC",Banana,Besrai,Local,28/03/2026,4000,4500,4250
"Tamil Nadu",Virudhunagar,"Sivakasi(Uzhavar Sandhai ) APMC",Brinjal,Round,Local,28/03/2026,2500,3000,2750
"Tamil Nadu",Virudhunagar,"Sivakasi(Uzhavar Sandhai ) APMC","Cluster beans","Cluster Beans",Local,28/03/2026,3500,4000,3750
"Tamil Nadu",Virudhunagar,"Sivakasi(Uzhavar Sandhai ) APMC",Ashgourd,Gouard,Local,28/03/2026,2000,2500,2250
"Tamil Nadu",Virudhunagar,"Sivakasi(Uzhavar Sandhai ) APMC","Bhindi(Ladies Finger)",Bhindi,Local,28/03/2026,4500,5000,4750
"Tamil Nadu",Virudhunagar,"Sivakasi(Uzhavar Sandhai ) APMC","Green Chilli","Green Chilly",Local,28/03/2026,4500,5000,4750
"Tamil Nadu",Virudhunagar,"Sivakasi(Uzhavar Sandhai ) APMC","Chow Chow","Chow Chow",Local,28/03/2026,2000,2500,2250
"Tamil Nadu",Virudhunagar,"Sivakasi(Uzhavar Sandhai ) APMC",Drumstick,Drumstick,Local,28/03/2026,3500,4000,3750
"Tamil Nadu",Virudhunagar,"Sivakasi(Uzhavar Sandhai ) APMC",Guava,"Guava Allahabad",Local,28/03/2026,5500,6000,5750
"Tamil Nadu",Virudhunagar,"Sivakasi(Uzhavar Sandhai ) APMC",Lemon,Lemon,Local,28/03/2026,13000,14000,13500
"Tamil Nadu",Virudhunagar,"Sathur(Uzhavar Sandhai ) APMC",Papaya,Papaya,Local,28/03/2026,2500,3000,2750
"Tamil Nadu",Virudhunagar,"Sathur(Uzhavar Sandhai ) APMC",Pumpkin,Pumpkin,Local,28/03/2026,2000,2500,2250
"Tamil Nadu",Virudhunagar,"Sathur(Uzhavar Sandhai ) APMC","Bhindi(Ladies Finger)",Bhindi,Local,28/03/2026,3500,4000,3750
"Tamil Nadu",Virudhunagar,"Sathur(Uzhavar Sandhai ) APMC","Green Chilli","Green Chilly",Local,28/03/2026,4500,5000,4750
"Tamil Nadu",Virudhunagar,"Sathur(Uzhavar Sandhai ) APMC",Ginger(Green),"Green Ginger",Local,28/03/2026,7500,8000,7750
"Tamil Nadu",Virudhunagar,"Sathur(Uzhavar Sandhai ) APMC",Drumstick,Drumstick,Local,28/03/2026,3500,4000,3750
"Tamil Nadu",Virudhunagar,"Kariyapatti(Uzhavar Sandhai ) APMC",Potato,"Red Nanital",Local,28/03/2026,2500,3000,2750
"Tamil Nadu",Virudhunagar,"Kariyapatti(Uzhavar Sandhai ) APMC",Chikoos(Sapota),Sapota,Local,28/03/2026,3500,4000,3750
"Tamil Nadu",Virudhunagar,"Kariyapatti(Uzhavar Sandhai ) APMC",Papaya,Papaya,Local,28/03/2026,3000,3500,3250
"Tamil Nadu",Virudhunagar,"Kariyapatti(Uzhavar Sandhai ) APMC","Cluster beans","Cluster Beans",Local,28/03/2026,3500,4000,3750
"Tamil Nadu",Virudhunagar,"Kariyapatti(Uzhavar Sandhai ) APMC",Amaranthus,Amaranthus,Local,28/03/2026,3000,3500,3250
"Tamil Nadu",Virudhunagar,"Kariyapatti(Uzhavar Sandhai ) APMC","Chow Chow","Chow Chow",Local,28/03/2026,2500,3000,2750
"Tamil Nadu",Virudhunagar,"Thalavaipuram(Uzhavar Sandhai ) APMC",Ashgourd,Gouard,Local,28/03/2026,2000,2500,2250
"Tamil Nadu",Virudhunagar,"Thalavaipuram(Uzhavar Sandhai ) APMC",Pumpkin,Pumpkin,Local,28/03/2026,2000,2500,2250
"Tamil Nadu",Virudhunagar,"Thalavaipuram(Uzhavar Sandhai ) APMC",Snakeguard,Snakeguard,Local,28/03/2026,2000,2500,2250
"Tamil Nadu",Virudhunagar,"Thalavaipuram(Uzhavar Sandhai ) APMC",Ridgeguard(Tori),Ridgeguard(Tori),Local,28/03/2026,4400,5500,4950
"Tamil Nadu",Virudhunagar,"Thalavaipuram(Uzhavar Sandhai ) APMC",Guava,"Guava Allahabad",Local,28/03/2026,3200,4000,3600
"Tamil Nadu",Virudhunagar,"Thalavaipuram(Uzhavar Sandhai ) APMC","Onion Green","Onion Green",Local,28/03/2026,3200,4000,3600
"Tamil Nadu",Virudhunagar,"Thalavaipuram(Uzhavar Sandhai ) APMC",Mint(Pudina),Mint(Pudina),Local,28/03/2026,3200,4000,3600
"Tamil Nadu",Chengalpattu,"Jameenrayapettai(Uzhavar Sandhai ) APMC","Bitter gourd",Other,Local,28/03/2026,5000,6000,5500
"Tamil Nadu",Chengalpattu,"Jameenrayapettai(Uzhavar Sandhai ) APMC",Beans,"Beans (Whole)",Local,28/03/2026,9000,10000,9500
"Tamil Nadu",Ranipet,"Ranipettai(Uzhavar Sandhai ) APMC",Coriander(Leaves),"I Sort",Local,28/03/2026,2000,2000,2000
"Tamil Nadu",Ranipet,"Ranipettai(Uzhavar Sandhai ) APMC",Papaya,Papaya,Local,28/03/2026,3000,4000,3500
"Tamil Nadu",Ranipet,"Ranipettai(Uzhavar Sandhai ) APMC",Tomato,Other,Local,28/03/2026,1500,1700,1600
"Tamil Nadu",Ranipet,"Ranipettai(Uzhavar Sandhai ) APMC","Bottle gourd","Bottle Gourd",Local,28/03/2026,1500,1500,1500
"Tamil Nadu",Ranipet,"Ranipettai(Uzhavar Sandhai ) APMC",Ashgourd,Gouard,Local,28/03/2026,1500,1500,1500
"Tamil Nadu",Ranipet,"Ranipettai(Uzhavar Sandhai ) APMC",Cowpea(Veg),"Cowpea (Veg)",Local,28/03/2026,4500,4500,4500
"Tamil Nadu",Ranipet,"Ranipettai(Uzhavar Sandhai ) APMC","Banana - Green","Banana - Green",Local,28/03/2026,4000,5000,4500
"Tamil Nadu",Ranipet,"Ranipettai(Uzhavar Sandhai ) APMC",Ginger(Green),"Green Ginger",Local,28/03/2026,7000,7000,7000
"Tamil Nadu",Ranipet,"Ranipettai(Uzhavar Sandhai ) APMC",Coconut,Coconut,Local,28/03/2026,4000,5000,4500
"Tamil Nadu",Ranipet,"Ranipettai(Uzhavar Sandhai ) APMC",Cabbage,Cabbage,Local,28/03/2026,1500,1500,1500
"Tamil Nadu",Ranipet,"Ranipettai(Uzhavar Sandhai ) APMC",Marigold(Calcutta),Marigold(Calcutta),Local,28/03/2026,12000,18000,15000
"Tamil Nadu",Ranipet,"Ranipettai(Uzhavar Sandhai ) APMC",Colacasia,Colacasia,Local,28/03/2026,3000,4000,3500
"Tamil Nadu",Ranipet,"Ranipettai(Uzhavar Sandhai ) APMC","Amla(Nelli Kai)",Amla,Local,28/03/2026,3000,8000,5500
"Tamil Nadu",Ranipet,"Ranipettai(Uzhavar Sandhai ) APMC",Rose(Local),"Rose (Local)",Local,28/03/2026,14000,18000,16000
"Tamil Nadu",Ranipet,"Ranipettai(Uzhavar Sandhai ) APMC","Tube Rose(Loose)","Tube Rose (Loose)",Local,28/03/2026,4000,4000,4000
"Tamil Nadu",Ranipet,"Arcot(Uzhavar Sandhai ) APMC",Banana,Karpura,Local,28/03/2026,4000,5000,4500
"Tamil Nadu",Ranipet,"Arcot(Uzhavar Sandhai ) APMC",Garlic,Garlic,Local,28/03/2026,14000,14000,14000
"Tamil Nadu",Ranipet,"Arcot(Uzhavar Sandhai ) APMC",Papaya,Papaya,Local,28/03/2026,4000,4000,4000
"Tamil Nadu",Ranipet,"Arcot(Uzhavar Sandhai ) APMC",Tomato,Deshi,Local,28/03/2026,1400,1500,1450
"Tamil Nadu",Ranipet,"Arcot(Uzhavar Sandhai ) APMC","Bottle gourd","Bottle Gourd",Local,28/03/2026,2000,2000,2000
"Tamil Nadu",Ranipet,"Arcot(Uzhavar Sandhai ) APMC","Green Chilli","Green Chilly",Local,28/03/2026,5000,5000,5000
"Tamil Nadu",Ranipet,"Arcot(Uzhavar Sandhai ) APMC",Carrot,Pusakesar,Local,28/03/2026,2800,2800,2800
"Tamil Nadu",Ranipet,"Arcot(Uzhavar Sandhai ) APMC",Cucumbar(Kheera),Cucumbar,Local,28/03/2026,3000,3000,3000
"Tamil Nadu",Ranipet,"Arcot(Uzhavar Sandhai ) APMC",Ridgeguard(Tori),Ridgeguard(Tori),Local,28/03/2026,4000,4000,4000
"Tamil Nadu",Ranipet,"Arcot(Uzhavar Sandhai ) APMC",Thondekai,Thondekai,Local,28/03/2026,4000,4000,4000
"Tamil Nadu",Ranipet,"Arcot(Uzhavar Sandhai ) APMC",Capsicum,Capsicum,Local,28/03/2026,5000,5000,5000
"Tamil Nadu",Ranipet,"Arcot(Uzhavar Sandhai ) APMC","Green Avare(W)","Green Avare (W)",Local,28/03/2026,4800,4800,4800
"Tamil Nadu",Ranipet,"Arcot(Uzhavar Sandhai ) APMC",Mint(Pudina),Mint(Pudina),Local,28/03/2026,2000,2000,2000
"Tamil Nadu",Thirupur,"Palladam(Uzhavar Sandhai ) APMC",Banana,Poovan,Local,28/03/2026,3500,4000,3750
"Tamil Nadu",Thirupur,"Palladam(Uzhavar Sandhai ) APMC",Coriander(Leaves),"I Sort",Local,28/03/2026,3500,4000,3750
"Tamil Nadu",Thirupur,"Palladam(Uzhavar Sandhai ) APMC",Amaranthus,Amaranthus,Local,28/03/2026,2000,2500,2250
"Tamil Nadu",Thirupur,"Palladam(Uzhavar Sandhai ) APMC","Green Chilli","Green Chilly",Local,28/03/2026,3500,4000,3750
"Tamil Nadu",Thirupur,"Palladam(Uzhavar Sandhai ) APMC",Coconut,Coconut,Local,28/03/2026,4000,4600,4300
"Tamil Nadu",Thirupur,"Palladam(Uzhavar Sandhai ) APMC",Beetroot,Beetroot,Local,28/03/2026,2500,3000,2750
"Tamil Nadu",Thirupur,"Tiruppur (South) (Uzhavar Sandhai ) APMC",Cauliflower,Ranchi,Local,28/03/2026,2500,3000,2750
"Tamil Nadu",Thirupur,"Tiruppur (South) (Uzhavar Sandhai ) APMC","Bitter gourd",Other,Local,28/03/2026,4000,5000,4500
"Tamil Nadu",Thirupur,"Tiruppur (South) (Uzhavar Sandhai ) APMC",Pumpkin,Pumpkin,Local,28/03/2026,1500,2000,1750
"Tamil Nadu",Thirupur,"Tiruppur (South) (Uzhavar Sandhai ) APMC","Banana - Green","Banana - Green",Local,28/03/2026,2500,3000,2750
"Tamil Nadu",Thirupur,"Tiruppur (South) (Uzhavar Sandhai ) APMC",Ginger(Green),"Green Ginger",Local,28/03/2026,6000,7000,6500
"Tamil Nadu",Thirupur,"Tiruppur (South) (Uzhavar Sandhai ) APMC",Coconut,Coconut,Local,28/03/2026,3500,4000,3750
"Tamil Nadu",Thirupur,"Tiruppur (South) (Uzhavar Sandhai ) APMC","Green Avare(W)",Other,Local,28/03/2026,6000,7000,6500
"Tamil Nadu",Thirupur,"Tiruppur (South) (Uzhavar Sandhai ) APMC","Onion Green","Onion Green",Local,28/03/2026,2500,3000,2750
"Tamil Nadu",Thirupur,"Dharapuram(Uzhavar Sandhai ) APMC",Coriander(Leaves),"I Sort",Local,28/03/2026,5500,6000,5750
"Tamil Nadu",Thirupur,"Dharapuram(Uzhavar Sandhai ) APMC",Chikoos(Sapota),Sapota,Local,28/03/2026,3500,4000,3750
"Tamil Nadu",Thirupur,"Dharapuram(Uzhavar Sandhai ) APMC","Cluster beans","Cluster Beans",Local,28/03/2026,3200,3800,3500
"Tamil Nadu",Thirupur,"Dharapuram(Uzhavar Sandhai ) APMC",Amaranthus,Amaranthus,Local,28/03/2026,2000,2500,2250
"Tamil Nadu",Thirupur,"Dharapuram(Uzhavar Sandhai ) APMC",Beetroot,Beetroot,Local,28/03/2026,2500,5000,3750
"Tamil Nadu",Thirupur,"Tiruppur (North) (Uzhavar Sandhai ) APMC",Potato,Other,Local,28/03/2026,3500,4000,3750
"Tamil Nadu",Thirupur,"Tiruppur (North) (Uzhavar Sandhai ) APMC",Coriander(Leaves),"I Sort",Local,28/03/2026,4000,4500,4250
"Tamil Nadu",Thirupur,"Tiruppur (North) (Uzhavar Sandhai ) APMC",Papaya,Papaya,Local,28/03/2026,2500,3000,2750
"Tamil Nadu",Thirupur,"Tiruppur (North) (Uzhavar Sandhai ) APMC","Cluster beans","Cluster Beans",Local,28/03/2026,3000,3500,3250
"Tamil Nadu",Thirupur,"Tiruppur (North) (Uzhavar Sandhai ) APMC",Ashgourd,Gouard,Local,28/03/2026,2000,2200,2100
"Tamil Nadu",Thirupur,"Tiruppur (North) (Uzhavar Sandhai ) APMC","Elephant Yam(Suran)/Amorphophallus","Elephant Yam (Suran)",Local,28/03/2026,3500,4000,3750
"Tamil Nadu",Thirupur,"Kangayam(Uzhavar Sandhai ) APMC",Ashgourd,Gouard,Local,28/03/2026,2500,3000,2750
"Tamil Nadu",Thirupur,"Kangayam(Uzhavar Sandhai ) APMC","Green Chilli","Green Chilly",Local,28/03/2026,5000,5400,5200
"Tamil Nadu",Thirupur,"Kangayam(Uzhavar Sandhai ) APMC","Green Avare(W)","Green Avare (W)",Local,28/03/2026,5200,5800,5500
"Tamil Nadu",Thirupur,"Kangayam(Uzhavar Sandhai ) APMC",Mint(Pudina),Mint(Pudina),Local,28/03/2026,2500,3000,2750
"Tamil Nadu",Kallakuruchi,"Kallakurichi(Uzhavar Sandhai ) APMC",Groundnut,"Big (With Shell)",Local,28/03/2026,8000,8000,8000
"Tamil Nadu",Kallakuruchi,"Kallakurichi(Uzhavar Sandhai ) APMC",Onion,Bellary,Local,28/03/2026,3500,3500,3500
"Tamil Nadu",Kallakuruchi,"Kallakurichi(Uzhavar Sandhai ) APMC",Potato,"Red Nanital",Local,28/03/2026,3500,3500,3500
"Tamil Nadu",Kallakuruchi,"Kallakurichi(Uzhavar Sandhai ) APMC",Chikoos(Sapota),Sapota,Local,28/03/2026,4000,4000,4000
"Tamil Nadu",Kallakuruchi,"Kallakurichi(Uzhavar Sandhai ) APMC",Papaya,Papaya,Local,28/03/2026,3000,3000,3000
"Tamil Nadu",Kallakuruchi,"Kallakurichi(Uzhavar Sandhai ) APMC",Tomato,Deshi,Local,28/03/2026,1500,1500,1500
"Tamil Nadu",Kallakuruchi,"Kallakurichi(Uzhavar Sandhai ) APMC",Amaranthus,Amaranthus,Local,28/03/2026,4000,4000,4000
"Tamil Nadu",Kallakuruchi,"Kallakurichi(Uzhavar Sandhai ) APMC","Banana - Green","Banana - Green",Local,28/03/2026,3000,3000,3000
"Tamil Nadu",Kallakuruchi,"Kallakurichi(Uzhavar Sandhai ) APMC",Beans,"Beans (Whole)",Local,28/03/2026,7500,7500,7500
"Tamil Nadu",Kallakuruchi,"Kallakurichi(Uzhavar Sandhai ) APMC","Green Avare(W)","Green Avare (W)",Local,28/03/2026,10000,10000,10000
"Tamil Nadu",Kallakuruchi,"Kallakurichi(Uzhavar Sandhai ) APMC","Knool Khol","Knool Khol",Local,28/03/2026,5000,5000,5000
"Tamil Nadu",Kallakuruchi,"Kallakurichi(Uzhavar Sandhai ) APMC",Mint(Pudina),Mint(Pudina),Local,28/03/2026,3000,3000,3000
"Tamil Nadu",Kallakuruchi,"Sankarapuram(Uzhavar Sandhai ) APMC","Bhindi(Ladies Finger)",Bhindi,Local,28/03/2026,5000,5000,5000
"Tamil Nadu",Kallakuruchi,"Sankarapuram(Uzhavar Sandhai ) APMC",Ginger(Green),"Green Ginger",Local,28/03/2026,9000,9000,9000
"Tamil Nadu",Kallakuruchi,"Sankarapuram(Uzhavar Sandhai ) APMC","Tender Coconut","Tender Coconut",Local,28/03/2026,3000,3000,3000
"Tamil Nadu",Kallakuruchi,"Sankarapuram(Uzhavar Sandhai ) APMC","Sweet Corn ","Sweet Corn ",Local,28/03/2026,3000,3000,3000
"Tamil Nadu",Tuticorin,"Tuticorin(Uzhavar Sandhai ) APMC",Banana,Besrai,Local,28/03/2026,2500,3000,2750
"Tamil Nadu",Tuticorin,"Tuticorin(Uzhavar Sandhai ) APMC",Potato,Other,Local,28/03/2026,2500,3000,2750
"Tamil Nadu",Tuticorin,"Tuticorin(Uzhavar Sandhai ) APMC","Green Peas","Green Peas",Local,28/03/2026,6000,7000,6500
"Tamil Nadu",Tuticorin,"Tuticorin(Uzhavar Sandhai ) APMC",Tomato,Local,Local,28/03/2026,1500,2000,1750
"Tamil Nadu",Tuticorin,"Tuticorin(Uzhavar Sandhai ) APMC","Bottle gourd","Bottle Gourd",Local,28/03/2026,800,1000,900
"Tamil Nadu",Tuticorin,"Tuticorin(Uzhavar Sandhai ) APMC",Ashgourd,Gouard,Local,28/03/2026,1000,1500,1250
"Tamil Nadu",Tuticorin,"Tuticorin(Uzhavar Sandhai ) APMC","Green Chilli","Green Chilly",Local,28/03/2026,4500,5000,4750
"Tamil Nadu",Tuticorin,"Tuticorin(Uzhavar Sandhai ) APMC","Jack Fruit(Ripe)","Jack Fruit",Local,28/03/2026,5000,6000,5500
"Tamil Nadu",Tuticorin,"Tuticorin(Uzhavar Sandhai ) APMC",Guava,"Guava Allahabad",Local,28/03/2026,3500,4000,3750
"Tamil Nadu",Tuticorin,"Tuticorin(Uzhavar Sandhai ) APMC",Pomegranate,Pomogranate,Local,28/03/2026,23000,24000,23500
"Tamil Nadu",Tuticorin,"Tuticorin(Uzhavar Sandhai ) APMC","Elephant Yam(Suran)/Amorphophallus","Elephant Yam (Suran)",Local,28/03/2026,3500,4000,3750
"Tamil Nadu",Tuticorin,"Tuticorin(Uzhavar Sandhai ) APMC","Baby Corn","Baby Corn","Grade A",28/03/2026,3000,4000,3500
"Tamil Nadu","Nagercoil (Kannyiakumari)","Vadaseri APMC",Cauliflower,Ranchi,Local,28/03/2026,3500,4000,3750
"Tamil Nadu","Nagercoil (Kannyiakumari)","Vadaseri APMC",Ashgourd,Gouard,Local,28/03/2026,1300,1500,1400
"Tamil Nadu","Nagercoil (Kannyiakumari)","Vadaseri APMC",Amaranthus,Amaranthus,Local,28/03/2026,800,1000,900
"Tamil Nadu","Nagercoil (Kannyiakumari)","Vadaseri APMC","Green Chilli","Green Chilly",Local,28/03/2026,4000,4500,4250
"Tamil Nadu","Nagercoil (Kannyiakumari)","Vadaseri APMC","Banana - Green","Banana - Green",Local,28/03/2026,5500,6000,5750
"Tamil Nadu","Nagercoil (Kannyiakumari)","Vadaseri APMC",Cabbage,Cabbage,Local,28/03/2026,3000,3500,3250
"Tamil Nadu","Nagercoil (Kannyiakumari)","Vadaseri APMC","Chow Chow","Chow Chow",Local,28/03/2026,3500,4000,3750
"Tamil Nadu","Nagercoil (Kannyiakumari)","Vadaseri APMC","Elephant Yam(Suran)/Amorphophallus","Elephant Yam (Suran)",Local,28/03/2026,3500,4000,3750
"Tamil Nadu",Pudukkottai,"Karambakkudi(Uzhavar Sandhai ) APMC","Bottle gourd","Bottle Gourd",Local,28/03/2026,1500,2000,1750
"Tamil Nadu",Pudukkottai,"Karambakkudi(Uzhavar Sandhai ) APMC",Pumpkin,Pumpkin,Local,28/03/2026,1500,2000,1750
"Tamil Nadu",Pudukkottai,"Karambakkudi(Uzhavar Sandhai ) APMC","Bhindi(Ladies Finger)",Bhindi,Local,28/03/2026,3500,4000,3750
"Tamil Nadu",Pudukkottai,"Karambakkudi(Uzhavar Sandhai ) APMC",Coconut,Coconut,Local,28/03/2026,4500,5000,4750
"Tamil Nadu",Pudukkottai,"Karambakkudi(Uzhavar Sandhai ) APMC",Snakeguard,Snakeguard,Local,28/03/2026,2000,2500,2250
"Tamil Nadu",Salem,"Ammapet(Uzhavar Sandhai ) APMC","Mousambi(Sweet Lime)",Mousambi,Local,28/03/2026,3000,3500,3250
"Tamil Nadu",Salem,"Ammapet(Uzhavar Sandhai ) APMC","Cluster beans","Cluster Beans",Local,28/03/2026,3600,4000,3800
"Tamil Nadu",Salem,"Ammapet(Uzhavar Sandhai ) APMC","Bottle gourd","Bottle Gourd",Local,28/03/2026,1500,2000,1750
"Tamil Nadu",Salem,"Ammapet(Uzhavar Sandhai ) APMC","Bhindi(Ladies Finger)",Bhindi,Local,28/03/2026,5000,5500,5250
"Tamil Nadu",Salem,"Ammapet(Uzhavar Sandhai ) APMC",Ginger(Green),"Green Ginger",Local,28/03/2026,7500,8000,7750
"Tamil Nadu",Salem,"Ammapet(Uzhavar Sandhai ) APMC",Beetroot,Beetroot,Local,28/03/2026,4500,5000,4750
"Tamil Nadu",Salem,"Ammapet(Uzhavar Sandhai ) APMC","Green Avare(W)",Other,Local,28/03/2026,5000,5500,5250
"Tamil Nadu",Salem,"Ammapet(Uzhavar Sandhai ) APMC",Drumstick,Drumstick,Local,28/03/2026,3000,4000,3500
"Tamil Nadu",Salem,"Ammapet(Uzhavar Sandhai ) APMC",Guava,"Guava Allahabad",Local,28/03/2026,5000,6000,5500
"Tamil Nadu",Salem,"Ammapet(Uzhavar Sandhai ) APMC",Yam(Ratalu),"Yam (Ratalu)",Local,28/03/2026,4500,5000,4750
"Tamil Nadu",Salem,"Ammapet(Uzhavar Sandhai ) APMC","Onion Green","Onion Green",Local,28/03/2026,3000,3400,3200
"Tamil Nadu",Salem,"Ammapet(Uzhavar Sandhai ) APMC",Mint(Pudina),Mint(Pudina),Local,28/03/2026,2500,3000,2750
"Tamil Nadu",Salem,"Athur(Uzhavar Sandhai ) APMC",Banana,Besrai,Local,28/03/2026,3500,4000,3750
"Tamil Nadu",Salem,"Athur(Uzhavar Sandhai ) APMC",Coriander(Leaves),"I Sort",Local,28/03/2026,2500,3000,2750
"Tamil Nadu",Salem,"Athur(Uzhavar Sandhai ) APMC","Cluster beans","Cluster Beans",Local,28/03/2026,3500,4000,3750
"Tamil Nadu",Salem,"Athur(Uzhavar Sandhai ) APMC",Cabbage,Cabbage,Local,28/03/2026,2000,2500,2250
"Tamil Nadu",Salem,"Athur(Uzhavar Sandhai ) APMC",Capsicum,Capsicum,Local,28/03/2026,6500,7000,6750
"Tamil Nadu",Salem,"Athur(Uzhavar Sandhai ) APMC","Green Avare(W)","Green Avare (W)",Local,28/03/2026,5500,6000,5750
"Tamil Nadu",Salem,"Athur(Uzhavar Sandhai ) APMC","Elephant Yam(Suran)/Amorphophallus","Elephant Yam (Suran)",Local,28/03/2026,2500,3000,2750
"Tamil Nadu",Theni,"Periyakulam(Uzhavar Sandhai ) APMC",Onion,Bellary,Local,28/03/2026,2300,2500,2400
"Tamil Nadu",Theni,"Periyakulam(Uzhavar Sandhai ) APMC","Green Peas","Green Peas",Local,28/03/2026,6800,7000,6900
"Tamil Nadu",Theni,"Periyakulam(Uzhavar Sandhai ) APMC",Tomato,Other,Local,28/03/2026,1400,1600,1500
"Tamil Nadu",Theni,"Periyakulam(Uzhavar Sandhai ) APMC","Cluster beans","Cluster Beans",Local,28/03/2026,2800,3000,2900
"Tamil Nadu",Theni,"Periyakulam(Uzhavar Sandhai ) APMC",Pumpkin,Pumpkin,Local,28/03/2026,1400,1500,1450
"Tamil Nadu",Theni,"Periyakulam(Uzhavar Sandhai ) APMC","Banana - Green","Banana - Green",Local,28/03/2026,2500,3000,2750
"Tamil Nadu",Theni,"Periyakulam(Uzhavar Sandhai ) APMC","Chow Chow","Chow Chow",Local,28/03/2026,2200,2400,2300
"Tamil Nadu",Theni,"Periyakulam(Uzhavar Sandhai ) APMC",Drumstick,Drumstick,Local,28/03/2026,3000,3500,3250
"Tamil Nadu",Theni,"Periyakulam(Uzhavar Sandhai ) APMC","Indian Beans(Seam)","Indian Beans (Seam)",Local,28/03/2026,4500,5000,4750
"Tamil Nadu",Theni,"Periyakulam(Uzhavar Sandhai ) APMC",Lemon,Lemon,Local,28/03/2026,11000,12000,11500
"Tamil Nadu",Vellore,"Thirupathur APMC",Potato,"Red Nanital",Local,28/03/2026,3600,3600,3600
"Tamil Nadu",Vellore,"Thirupathur APMC",Brinjal,Round,Local,28/03/2026,2400,2400,2400
"Tamil Nadu",Vellore,"Thirupathur APMC",Coriander(Leaves),"I Sort",Local,28/03/2026,4000,4000,4000
"Tamil Nadu",Vellore,"Thirupathur APMC",Tomato,Deshi,Local,28/03/2026,1700,1700,1700
"Tamil Nadu",Vellore,"Thirupathur APMC","Bitter gourd","Bitter Gourd",Local,28/03/2026,4000,4000,4000
"Tamil Nadu",Vellore,"Thirupathur APMC","Bhindi(Ladies Finger)",Bhindi,Local,28/03/2026,5000,5000,5000
"Tamil Nadu",Vellore,"Thirupathur APMC",Amaranthus,Amaranthus,Local,28/03/2026,2000,2000,2000
"Tamil Nadu",Vellore,"Thirupathur APMC",Carrot,Pusakesar,Local,28/03/2026,3500,3500,3500
"Tamil Nadu",Vellore,"Thirupathur APMC",Beetroot,Beetroot,Local,28/03/2026,3500,3500,3500
"Tamil Nadu",Vellore,"Thirupathur APMC",Raddish,Raddish,Local,28/03/2026,2000,2000,2000
"Tamil Nadu",Vellore,"Thirupathur APMC","Green Avare(W)","Green Avare (W)",Local,28/03/2026,4500,4500,4500
"Tamil Nadu",Dharmapuri,"Harur(Uzhavar Sandhai ) APMC",Banana,Karpura,Local,28/03/2026,4500,5000,4750
"Tamil Nadu",Dharmapuri,"Harur(Uzhavar Sandhai ) APMC",Potato,Other,Local,28/03/2026,2500,2800,2650
"Tamil Nadu",Dharmapuri,"Harur(Uzhavar Sandhai ) APMC",Coriander(Leaves),"I Sort",Local,28/03/2026,3500,4000,3750
"Tamil Nadu",Dharmapuri,"Harur(Uzhavar Sandhai ) APMC","Bhindi(Ladies Finger)",Bhindi,Local,28/03/2026,3000,3400,3200
"Tamil Nadu",Dharmapuri,"Harur(Uzhavar Sandhai ) APMC",Amaranthus,Amaranthus,Local,28/03/2026,2500,3000,2750
"Tamil Nadu",Dharmapuri,"Harur(Uzhavar Sandhai ) APMC",Ridgeguard(Tori),Ridgeguard(Tori),Local,28/03/2026,3400,3600,3500
"Tamil Nadu",Dharmapuri,"Harur(Uzhavar Sandhai ) APMC",Raddish,Raddish,Local,28/03/2026,1500,2000,1750
"Tamil Nadu","The Nilgiris","Coonoor(Uzhavar Sandhai ) APMC",Banana,Karpura,Local,28/03/2026,5000,5500,5250
"Tamil Nadu","The Nilgiris","Coonoor(Uzhavar Sandhai ) APMC",Cauliflower,Ranchi,Local,28/03/2026,3500,4000,3750
"Tamil Nadu","The Nilgiris","Coonoor(Uzhavar Sandhai ) APMC",Brinjal,Other,Local,28/03/2026,3000,3400,3200
"Tamil Nadu","The Nilgiris","Coonoor(Uzhavar Sandhai ) APMC",Tomato,Local,Local,28/03/2026,2000,2200,2100
"Tamil Nadu","The Nilgiris","Coonoor(Uzhavar Sandhai ) APMC","Cluster beans","Cluster Beans",Local,28/03/2026,4000,4500,4250
"Tamil Nadu","The Nilgiris","Coonoor(Uzhavar Sandhai ) APMC",Ginger(Green),"Green Ginger",Local,28/03/2026,7500,8000,7750
"Tamil Nadu","The Nilgiris","Coonoor(Uzhavar Sandhai ) APMC",Carrot,Pusakesar,Local,28/03/2026,2500,3000,2750
"Tamil Nadu","The Nilgiris","Coonoor(Uzhavar Sandhai ) APMC",Thondekai,Thondekai,Local,28/03/2026,2600,3000,2800
"Tamil Nadu","The Nilgiris","Coonoor(Uzhavar Sandhai ) APMC","Chow Chow","Chow Chow",Local,28/03/2026,1600,2000,1800
"Tamil Nadu","The Nilgiris","Gudalur(Uzhavar Sandhai ) APMC",Onion,Bellary,Local,28/03/2026,2500,2800,2650
"Tamil Nadu","The Nilgiris","Gudalur(Uzhavar Sandhai ) APMC",Cauliflower,Ranchi,Local,28/03/2026,3000,3500,3250
"Tamil Nadu","The Nilgiris","Gudalur(Uzhavar Sandhai ) APMC","Bitter gourd","Bitter Gourd",Local,28/03/2026,3500,4000,3750
"Tamil Nadu","The Nilgiris","Gudalur(Uzhavar Sandhai ) APMC",Ashgourd,Gouard,Local,28/03/2026,1800,2000,1900
"Tamil Nadu","The Nilgiris","Gudalur(Uzhavar Sandhai ) APMC",Beans,"Beans (Whole)",Local,28/03/2026,6000,7000,6500
"Tamil Nadu","The Nilgiris","Gudalur(Uzhavar Sandhai ) APMC",Ridgeguard(Tori),Ridgeguard(Tori),Local,28/03/2026,4000,4500,4250
"Tamil Nadu","The Nilgiris","Gudalur(Uzhavar Sandhai ) APMC",Raddish,Raddish,Local,28/03/2026,2500,3000,2750
"Tamil Nadu","The Nilgiris","Gudalur(Uzhavar Sandhai ) APMC","Green Avare(W)","Green Avare (W)",Local,28/03/2026,5000,5500,5250
"Tamil Nadu","The Nilgiris","Gudalur(Uzhavar Sandhai ) APMC","Chow Chow","Chow Chow",Local,28/03/2026,1500,2000,1750
"Tamil Nadu","The Nilgiris","Gudalur(Uzhavar Sandhai ) APMC","Knool Khol","Knool Khol",Local,28/03/2026,2500,3000,2750
"Tamil Nadu","The Nilgiris","Gudalur(Uzhavar Sandhai ) APMC",Mint(Pudina),Mint(Pudina),Local,28/03/2026,4500,5000,4750
"Tamil Nadu",Theni,"Andipatti(Uzhavar Sandhai ) APMC",Onion,Bellary,Local,28/03/2026,2300,2500,2400
"Tamil Nadu",Theni,"Andipatti(Uzhavar Sandhai ) APMC",Pumpkin,Pumpkin,Local,28/03/2026,1400,1500,1450
"Tamil Nadu",Theni,"Andipatti(Uzhavar Sandhai ) APMC","Bhindi(Ladies Finger)",Bhindi,Local,28/03/2026,5800,6000,5900
"Tamil Nadu",Theni,"Andipatti(Uzhavar Sandhai ) APMC",Yam(Ratalu),"Yam (Ratalu)",Local,28/03/2026,4600,5000,4800
"Tamil Nadu",Virudhunagar,"Srivilliputhur(Uzhavar Sandhai ) APMC",Brinjal,Round,Local,28/03/2026,3000,3500,3250
"Tamil Nadu",Virudhunagar,"Srivilliputhur(Uzhavar Sandhai ) APMC",Chikoos(Sapota),Sapota,Local,28/03/2026,3500,4000,3750
"Tamil Nadu",Virudhunagar,"Srivilliputhur(Uzhavar Sandhai ) APMC",Amaranthus,Amaranthus,Local,28/03/2026,2500,3000,2750
"Tamil Nadu",Virudhunagar,"Srivilliputhur(Uzhavar Sandhai ) APMC",Coconut,Coconut,Local,28/03/2026,4500,5500,5000
"Tamil Nadu",Virudhunagar,"Srivilliputhur(Uzhavar Sandhai ) APMC",Beetroot,Beetroot,Local,28/03/2026,2500,3000,2750
"Tamil Nadu",Virudhunagar,"Srivilliputhur(Uzhavar Sandhai ) APMC",Colacasia,Colacasia,Local,28/03/2026,4500,5000,4750
"Tamil Nadu",Virudhunagar,"Srivilliputhur(Uzhavar Sandhai ) APMC",Mint(Pudina),Mint(Pudina),Local,28/03/2026,3000,3500,3250
Kerala,Kollam,"Valakom  VFPCK APMC","Elephant Yam(Suran)/Amorphophallus",Amorphophallus,"Grade A",28/03/2026,4500,4500,4500
Kerala,Ernakulam,"Mookkannur  VFPCK APMC",Banana,Poovan,"Grade A",28/03/2026,3000,3500,3100
Kerala,Thirssur,"Kuzhur  VFPCK APMC",Banana,Robusta,"Grade A",28/03/2026,1000,2200,1500
Kerala,Palakad,"Vaniyamkulam  VFPCK APMC",Cowpea(Veg),"Cowpea (Veg)","Grade A",28/03/2026,5500,5700,5600
Haryana,Karnal,"Tarori APMC",Apple,Apple,"Grade A",28/03/2026,6000,7000,6500
Haryana,Kurukshetra,"Ladwa APMC",Orange,Orange,Medium,28/03/2026,8000,9500,9500
Haryana,Kurukshetra,"Ladwa APMC",Grapes,Green,Medium,28/03/2026,10000,12000,12000
Haryana,Kurukshetra,"Ladwa APMC",Tomato,Tomato,Medium,28/03/2026,3500,4000,4000
Haryana,Kurukshetra,"Ladwa APMC",Potato,Local,Medium,28/03/2026,800,900,900
Haryana,Kurukshetra,"Ladwa APMC",Cabbage,Cabbage,Medium,28/03/2026,1300,1500,1500
Kerala,Kozhikode(Calicut),"Vengeri(Kozhikode) APMC","Bottle gourd","Bottle Gourd",FAQ,28/03/2026,2000,2300,2300
Kerala,Kozhikode(Calicut),"Vengeri(Kozhikode) APMC",Pumpkin,Pumpkin,FAQ,28/03/2026,1300,1600,1600
Kerala,Kozhikode(Calicut),"Vengeri(Kozhikode) APMC","Bhindi(Ladies Finger)",Bhindi,FAQ,28/03/2026,4700,5000,5000
Kerala,Kozhikode(Calicut),"Vengeri(Kozhikode) APMC",Brinjal,Brinjal,FAQ,28/03/2026,1700,2000,2000
Kerala,Ernakulam,"Ernakulam APMC",Banana,"Nendra Bale",Large,28/03/2026,3700,4300,4000
Gujarat,Ahmedabad,"Sanad APMC",Paddy(Common),Other,FAQ,28/03/2026,2369,2369,2369
Gujarat,Ahmedabad,"Viramgam APMC",Mustard,Mustard,Local,28/03/2026,5660,6230,5945
"Himachal Pradesh",Chamba,"PMY Chamba",Cucumbar(Kheera),Cucumbar,Medium,28/03/2026,2000,2500,2250
"Himachal Pradesh",Chamba,"PMY Chamba",Cauliflower,Cauliflower,Medium,28/03/2026,3000,3200,3100
"Himachal Pradesh",Chamba,"PMY Chamba",Raddish,Raddish,Medium,28/03/2026,2000,2500,2250
"Himachal Pradesh",Hamirpur,"PMY Hamirpur",Cabbage,Cabbage,"Grade B",28/03/2026,1000,1200,1100
"Himachal Pradesh",Hamirpur,"PMY Hamirpur","Bottle gourd","Bottle Gourd","Grade B",28/03/2026,3500,4000,3750
"Himachal Pradesh",Hamirpur,"PMY Hamirpur",Pomegranate,Other,"Grade B",28/03/2026,14000,18000,16000
"Himachal Pradesh",Hamirpur,"PMY Hamirpur",Banana,Other,"Grade B",28/03/2026,4000,4400,4200
"Himachal Pradesh",Kangra,"SMY Palampur","Water Melon","Water Melon",Medium,28/03/2026,1800,2000,1900
"Himachal Pradesh",Kangra,"SMY Palampur",Cauliflower,Cauliflower,FAQ,28/03/2026,3500,3800,3600
"Himachal Pradesh",Kangra,"SMY Palampur",Brinjal,Brinjal,FAQ,28/03/2026,3000,3500,3200
"Himachal Pradesh",Kangra,"SMY Palampur",Raddish,Raddish,FAQ,28/03/2026,1800,2000,1900
"Himachal Pradesh",Kangra,"SMY Palampur",Coriander(Leaves),Coriander,FAQ,28/03/2026,4500,5000,4800
"Himachal Pradesh",Kangra,"SMY Palampur",Carrot,Carrot,FAQ,28/03/2026,2500,3000,2800
Rajasthan,Jalore,"Jalore APMC",Lemon,Other,Local,28/03/2026,2500,3000,2800
Punjab,Tarntaran,"Patti APMC","Bitter gourd",Other,Local,28/03/2026,6070,6070,6070
Uttarakhand,Haridwar,"Manglaur APMC",Grapes,Other,Medium,28/03/2026,5000,7000,6000
Uttarakhand,Haridwar,"Manglaur APMC",Cucumbar(Kheera),Other,Large,28/03/2026,600,750,700
Haryana,Gurgaon,"Sohna APMC",Onion,Onion,Local,28/03/2026,1500,1500,1500
Haryana,Gurgaon,"Sohna APMC",Cauliflower,Cauliflower,Local,28/03/2026,1000,1000,1000
Haryana,Gurgaon,"Sohna APMC","Bitter gourd","Bitter Gourd",Local,28/03/2026,3000,4000,3500
Telangana,"Ranga Reddy","Kukatpally,RBZ APMC",Drumstick,Drumstick,FAQ,28/03/2026,2000,3000,2700
Telangana,"Ranga Reddy","Kukatpally,RBZ APMC","Bhindi(Ladies Finger)",Bhindi,FAQ,28/03/2026,1500,2500,2200
Punjab,Fatehgarh,"Khamano APMC",Tomato,Tomato,FAQ,28/03/2026,3000,3000,3000
Punjab,Fatehgarh,"Khamano APMC",Carrot,Carrot,FAQ,28/03/2026,1200,1200,1200
Punjab,Fatehgarh,"Khamano APMC","Peas Wet","Peas Wet",FAQ,28/03/2026,2200,2200,2200
Odisha,Ganjam,"Digapahandi APMC","Pointed gourd(Parval)",Other,FAQ,28/03/2026,5000,6000,5500
"Uttar Pradesh",Mau(Maunathbhanjan),"Kopaganj APMC","Bitter gourd","Bitter Gourd",FAQ,28/03/2026,2200,2200,2200
"Uttar Pradesh",Mau(Maunathbhanjan),"Kopaganj APMC","Bhindi(Ladies Finger)",Bhindi,FAQ,28/03/2026,3000,3000,3000
"Uttar Pradesh",Mau(Maunathbhanjan),"Kopaganj APMC",Cucumbar(Kheera),Cucumbar,FAQ,28/03/2026,1700,1700,1700
Uttarakhand,Haridwar,"Lakshar APMC",Banana,Other,"Grade Range-2",28/03/2026,870,905,890
Nagaland,Dimapur,"Dimapur APMC",Cabbage,Cabbage,Local,28/03/2026,1500,2500,2000
Uttarakhand,Udhamsinghnagar,"Sitarganj APMC",Brinjal,Brinjal,Local,28/03/2026,600,1000,800
Uttarakhand,Udhamsinghnagar,"Sitarganj APMC",Raddish,Raddish,Local,28/03/2026,600,1000,700
Uttarakhand,Udhamsinghnagar,"Sitarganj APMC",Banana,"Banana - Ripe",Local,28/03/2026,2000,2600,2200
Uttarakhand,Udhamsinghnagar,"Sitarganj APMC","Water Melon","Water Melon",Local,28/03/2026,600,1000,800
Uttarakhand,Udhamsinghnagar,"Sitarganj APMC","Karbuja(Musk Melon)",Karbhuja,Local,28/03/2026,3000,4200,3400
Kerala,Thiruvananthapuram,"Vamanapuram APMC","Banana - Green",Other,Local,28/03/2026,3500,4000,3500
Kerala,Thiruvananthapuram,"Vamanapuram APMC",Tapioca,Other,Local,28/03/2026,3500,4000,3500
Kerala,Thiruvananthapuram,"Vamanapuram APMC",Beetroot,Other,FAQ,28/03/2026,3000,3500,3000
Gujarat,"Gir Somnath","Veraval APMC","Corriander seed","Coriander Seed",FAQ,28/03/2026,8505,10305,10085
Gujarat,"Gir Somnath","Veraval APMC","Black Gram(Urd Beans)(Whole)",Other,FAQ,28/03/2026,8000,8790,8675
Gujarat,"Gir Somnath","Veraval APMC",Groundnut,G20,FAQ,28/03/2026,5005,6755,6025
Gujarat,"Gir Somnath","Veraval APMC","Arhar(Tur/Red Gram)(Whole)","Arhar (Whole)",FAQ,28/03/2026,6005,7505,7400
Haryana,Mewat,"FerozpurZirkha(Nagina) APMC",Brinjal,Other,Local,28/03/2026,800,1200,1000
Kerala,Kollam,"Chathanoor APMC",Ginger(Green),Other,FAQ,28/03/2026,9800,10200,10000
Kerala,Kollam,"Chathanoor APMC",Cabbage,Other,FAQ,28/03/2026,5800,6200,6000
Kerala,Kollam,"Chathanoor APMC","Bhindi(Ladies Finger)",Other,FAQ,28/03/2026,6800,7200,7000
Kerala,Alappuzha,"Mannar APMC",Beetroot,Other,FAQ,28/03/2026,4000,4300,4100
Kerala,Ernakulam,"Perumbavoor APMC",Cauliflower,Cauliflower,Large,28/03/2026,2000,3000,2500
Kerala,Ernakulam,"Perumbavoor APMC",Mango(Raw-Ripe),"Mango - Raw-Ripe",Medium,28/03/2026,3000,4000,3500
Kerala,Ernakulam,"Perumbavoor APMC",Potato,Potato,Medium,28/03/2026,2500,3500,3000
Kerala,Palakad,"Vadakkenchery APMC","Bhindi(Ladies Finger)",Bhindi,FAQ,28/03/2026,6000,7000,6500
"Himachal Pradesh",Kangra,"SMY Jwalaji",Brinjal,Other,FAQ,28/03/2026,3500,3600,3550
"Himachal Pradesh",Kangra,"SMY Dharamshala",Pomegranate,Pomogranate,Medium,28/03/2026,12000,15000,13500
"Himachal Pradesh",Kangra,"SMY Dharamshala","Green Chilli","Green Chilly",FAQ,28/03/2026,8500,9000,8750
"Himachal Pradesh",Kangra,"SMY Dharamshala",Lemon,Lemon,FAQ,28/03/2026,12000,13000,12500
"Himachal Pradesh",Kangra,"SMY Dharamshala",Pumpkin,Pumpkin,FAQ,28/03/2026,2500,3500,3000
"Himachal Pradesh",Una,"SMY Takarla",Tomato,Other,FAQ,28/03/2026,1800,2200,2000
"Himachal Pradesh",Una,"SMY Takarla",Grapes,Green,"Grade A",28/03/2026,8000,10000,9000
